"","","GLM-HMD-Hydromet","GLM-HMD-Provisional","USACE-AHPS","ECCC-WCPS","ECCC-WATFLOOD" 
1900,1,-9999.9,-9999.9,-9999.9,-9999.9,-9999.9 
1900,2,-9999.9,-9999.9,-9999.9,-9999.9,-9999.9 
1900,3,-9999.9,-9999.9,-9999.9,-9999.9,-9999.9 
1900,4,-9999.9,-9999.9,-9999.9,-9999.9,-9999.9 
1900,5,-9999.9,-9999.9,-9999.9,-9999.9,-9999.9 
1900,6,-9999.9,-9999.9,-9999.9,-9999.9,-9999.9 
1900,7,-9999.9,-9999.9,-9999.9,-9999.9,-9999.9 
1900,8,-9999.9,-9999.9,-9999.9,-9999.9,-9999.9 
1900,9,-9999.9,-9999.9,-9999.9,-9999.9,-9999.9 
1900,10,-9999.9,-9999.9,-9999.9,-9999.9,-9999.9 
1900,11,-9999.9,-9999.9,-9999.9,-9999.9,-9999.9 
1900,12,-9999.9,-9999.9,-9999.9,-9999.9,-9999.9 
1901,1,-9999.9,-9999.9,-9999.9,-9999.9,-9999.9 
1901,2,-9999.9,-9999.9,-9999.9,-9999.9,-9999.9 
1901,3,-9999.9,-9999.9,-9999.9,-9999.9,-9999.9 
1901,4,-9999.9,-9999.9,-9999.9,-9999.9,-9999.9 
1901,5,-9999.9,-9999.9,-9999.9,-9999.9,-9999.9 
1901,6,-9999.9,-9999.9,-9999.9,-9999.9,-9999.9 
1901,7,-9999.9,-9999.9,-9999.9,-9999.9,-9999.9 
1901,8,-9999.9,-9999.9,-9999.9,-9999.9,-9999.9 
1901,9,-9999.9,-9999.9,-9999.9,-9999.9,-9999.9 
1901,10,-9999.9,-9999.9,-9999.9,-9999.9,-9999.9 
1901,11,-9999.9,-9999.9,-9999.9,-9999.9,-9999.9 
1901,12,-9999.9,-9999.9,-9999.9,-9999.9,-9999.9 
1902,1,-9999.9,-9999.9,-9999.9,-9999.9,-9999.9 
1902,2,-9999.9,-9999.9,-9999.9,-9999.9,-9999.9 
1902,3,-9999.9,-9999.9,-9999.9,-9999.9,-9999.9 
1902,4,-9999.9,-9999.9,-9999.9,-9999.9,-9999.9 
1902,5,-9999.9,-9999.9,-9999.9,-9999.9,-9999.9 
1902,6,-9999.9,-9999.9,-9999.9,-9999.9,-9999.9 
1902,7,-9999.9,-9999.9,-9999.9,-9999.9,-9999.9 
1902,8,-9999.9,-9999.9,-9999.9,-9999.9,-9999.9 
1902,9,-9999.9,-9999.9,-9999.9,-9999.9,-9999.9 
1902,10,-9999.9,-9999.9,-9999.9,-9999.9,-9999.9 
1902,11,-9999.9,-9999.9,-9999.9,-9999.9,-9999.9 
1902,12,-9999.9,-9999.9,-9999.9,-9999.9,-9999.9 
1903,1,-9999.9,-9999.9,-9999.9,-9999.9,-9999.9 
1903,2,-9999.9,-9999.9,-9999.9,-9999.9,-9999.9 
1903,3,-9999.9,-9999.9,-9999.9,-9999.9,-9999.9 
1903,4,-9999.9,-9999.9,-9999.9,-9999.9,-9999.9 
1903,5,-9999.9,-9999.9,-9999.9,-9999.9,-9999.9 
1903,6,-9999.9,-9999.9,-9999.9,-9999.9,-9999.9 
1903,7,-9999.9,-9999.9,-9999.9,-9999.9,-9999.9 
1903,8,-9999.9,-9999.9,-9999.9,-9999.9,-9999.9 
1903,9,-9999.9,-9999.9,-9999.9,-9999.9,-9999.9 
1903,10,-9999.9,-9999.9,-9999.9,-9999.9,-9999.9 
1903,11,-9999.9,-9999.9,-9999.9,-9999.9,-9999.9 
1903,12,-9999.9,-9999.9,-9999.9,-9999.9,-9999.9 
1904,1,-9999.9,-9999.9,-9999.9,-9999.9,-9999.9 
1904,2,-9999.9,-9999.9,-9999.9,-9999.9,-9999.9 
1904,3,-9999.9,-9999.9,-9999.9,-9999.9,-9999.9 
1904,4,-9999.9,-9999.9,-9999.9,-9999.9,-9999.9 
1904,5,-9999.9,-9999.9,-9999.9,-9999.9,-9999.9 
1904,6,-9999.9,-9999.9,-9999.9,-9999.9,-9999.9 
1904,7,-9999.9,-9999.9,-9999.9,-9999.9,-9999.9 
1904,8,-9999.9,-9999.9,-9999.9,-9999.9,-9999.9 
1904,9,-9999.9,-9999.9,-9999.9,-9999.9,-9999.9 
1904,10,-9999.9,-9999.9,-9999.9,-9999.9,-9999.9 
1904,11,-9999.9,-9999.9,-9999.9,-9999.9,-9999.9 
1904,12,-9999.9,-9999.9,-9999.9,-9999.9,-9999.9 
1905,1,-9999.9,-9999.9,-9999.9,-9999.9,-9999.9 
1905,2,-9999.9,-9999.9,-9999.9,-9999.9,-9999.9 
1905,3,-9999.9,-9999.9,-9999.9,-9999.9,-9999.9 
1905,4,-9999.9,-9999.9,-9999.9,-9999.9,-9999.9 
1905,5,-9999.9,-9999.9,-9999.9,-9999.9,-9999.9 
1905,6,-9999.9,-9999.9,-9999.9,-9999.9,-9999.9 
1905,7,-9999.9,-9999.9,-9999.9,-9999.9,-9999.9 
1905,8,-9999.9,-9999.9,-9999.9,-9999.9,-9999.9 
1905,9,-9999.9,-9999.9,-9999.9,-9999.9,-9999.9 
1905,10,-9999.9,-9999.9,-9999.9,-9999.9,-9999.9 
1905,11,-9999.9,-9999.9,-9999.9,-9999.9,-9999.9 
1905,12,-9999.9,-9999.9,-9999.9,-9999.9,-9999.9 
1906,1,-9999.9,-9999.9,-9999.9,-9999.9,-9999.9 
1906,2,-9999.9,-9999.9,-9999.9,-9999.9,-9999.9 
1906,3,-9999.9,-9999.9,-9999.9,-9999.9,-9999.9 
1906,4,-9999.9,-9999.9,-9999.9,-9999.9,-9999.9 
1906,5,-9999.9,-9999.9,-9999.9,-9999.9,-9999.9 
1906,6,-9999.9,-9999.9,-9999.9,-9999.9,-9999.9 
1906,7,-9999.9,-9999.9,-9999.9,-9999.9,-9999.9 
1906,8,-9999.9,-9999.9,-9999.9,-9999.9,-9999.9 
1906,9,-9999.9,-9999.9,-9999.9,-9999.9,-9999.9 
1906,10,-9999.9,-9999.9,-9999.9,-9999.9,-9999.9 
1906,11,-9999.9,-9999.9,-9999.9,-9999.9,-9999.9 
1906,12,-9999.9,-9999.9,-9999.9,-9999.9,-9999.9 
1907,1,-9999.9,-9999.9,-9999.9,-9999.9,-9999.9 
1907,2,-9999.9,-9999.9,-9999.9,-9999.9,-9999.9 
1907,3,-9999.9,-9999.9,-9999.9,-9999.9,-9999.9 
1907,4,-9999.9,-9999.9,-9999.9,-9999.9,-9999.9 
1907,5,-9999.9,-9999.9,-9999.9,-9999.9,-9999.9 
1907,6,-9999.9,-9999.9,-9999.9,-9999.9,-9999.9 
1907,7,-9999.9,-9999.9,-9999.9,-9999.9,-9999.9 
1907,8,-9999.9,-9999.9,-9999.9,-9999.9,-9999.9 
1907,9,-9999.9,-9999.9,-9999.9,-9999.9,-9999.9 
1907,10,-9999.9,-9999.9,-9999.9,-9999.9,-9999.9 
1907,11,-9999.9,-9999.9,-9999.9,-9999.9,-9999.9 
1907,12,-9999.9,-9999.9,-9999.9,-9999.9,-9999.9 
1908,1,-9999.9,-9999.9,-9999.9,-9999.9,-9999.9 
1908,2,-9999.9,-9999.9,-9999.9,-9999.9,-9999.9 
1908,3,-9999.9,-9999.9,-9999.9,-9999.9,-9999.9 
1908,4,-9999.9,-9999.9,-9999.9,-9999.9,-9999.9 
1908,5,-9999.9,-9999.9,-9999.9,-9999.9,-9999.9 
1908,6,-9999.9,-9999.9,-9999.9,-9999.9,-9999.9 
1908,7,-9999.9,-9999.9,-9999.9,-9999.9,-9999.9 
1908,8,-9999.9,-9999.9,-9999.9,-9999.9,-9999.9 
1908,9,-9999.9,-9999.9,-9999.9,-9999.9,-9999.9 
1908,10,-9999.9,-9999.9,-9999.9,-9999.9,-9999.9 
1908,11,-9999.9,-9999.9,-9999.9,-9999.9,-9999.9 
1908,12,-9999.9,-9999.9,-9999.9,-9999.9,-9999.9 
1909,1,-9999.9,-9999.9,-9999.9,-9999.9,-9999.9 
1909,2,-9999.9,-9999.9,-9999.9,-9999.9,-9999.9 
1909,3,-9999.9,-9999.9,-9999.9,-9999.9,-9999.9 
1909,4,-9999.9,-9999.9,-9999.9,-9999.9,-9999.9 
1909,5,-9999.9,-9999.9,-9999.9,-9999.9,-9999.9 
1909,6,-9999.9,-9999.9,-9999.9,-9999.9,-9999.9 
1909,7,-9999.9,-9999.9,-9999.9,-9999.9,-9999.9 
1909,8,-9999.9,-9999.9,-9999.9,-9999.9,-9999.9 
1909,9,-9999.9,-9999.9,-9999.9,-9999.9,-9999.9 
1909,10,-9999.9,-9999.9,-9999.9,-9999.9,-9999.9 
1909,11,-9999.9,-9999.9,-9999.9,-9999.9,-9999.9 
1909,12,-9999.9,-9999.9,-9999.9,-9999.9,-9999.9 
1910,1,-9999.9,-9999.9,-9999.9,-9999.9,-9999.9 
1910,2,-9999.9,-9999.9,-9999.9,-9999.9,-9999.9 
1910,3,-9999.9,-9999.9,-9999.9,-9999.9,-9999.9 
1910,4,-9999.9,-9999.9,-9999.9,-9999.9,-9999.9 
1910,5,-9999.9,-9999.9,-9999.9,-9999.9,-9999.9 
1910,6,-9999.9,-9999.9,-9999.9,-9999.9,-9999.9 
1910,7,-9999.9,-9999.9,-9999.9,-9999.9,-9999.9 
1910,8,-9999.9,-9999.9,-9999.9,-9999.9,-9999.9 
1910,9,-9999.9,-9999.9,-9999.9,-9999.9,-9999.9 
1910,10,-9999.9,-9999.9,-9999.9,-9999.9,-9999.9 
1910,11,-9999.9,-9999.9,-9999.9,-9999.9,-9999.9 
1910,12,-9999.9,-9999.9,-9999.9,-9999.9,-9999.9 
1911,1,-9999.9,-9999.9,-9999.9,-9999.9,-9999.9 
1911,2,-9999.9,-9999.9,-9999.9,-9999.9,-9999.9 
1911,3,-9999.9,-9999.9,-9999.9,-9999.9,-9999.9 
1911,4,-9999.9,-9999.9,-9999.9,-9999.9,-9999.9 
1911,5,-9999.9,-9999.9,-9999.9,-9999.9,-9999.9 
1911,6,-9999.9,-9999.9,-9999.9,-9999.9,-9999.9 
1911,7,-9999.9,-9999.9,-9999.9,-9999.9,-9999.9 
1911,8,-9999.9,-9999.9,-9999.9,-9999.9,-9999.9 
1911,9,-9999.9,-9999.9,-9999.9,-9999.9,-9999.9 
1911,10,-9999.9,-9999.9,-9999.9,-9999.9,-9999.9 
1911,11,-9999.9,-9999.9,-9999.9,-9999.9,-9999.9 
1911,12,-9999.9,-9999.9,-9999.9,-9999.9,-9999.9 
1912,1,-9999.9,-9999.9,-9999.9,-9999.9,-9999.9 
1912,2,-9999.9,-9999.9,-9999.9,-9999.9,-9999.9 
1912,3,-9999.9,-9999.9,-9999.9,-9999.9,-9999.9 
1912,4,-9999.9,-9999.9,-9999.9,-9999.9,-9999.9 
1912,5,-9999.9,-9999.9,-9999.9,-9999.9,-9999.9 
1912,6,-9999.9,-9999.9,-9999.9,-9999.9,-9999.9 
1912,7,-9999.9,-9999.9,-9999.9,-9999.9,-9999.9 
1912,8,-9999.9,-9999.9,-9999.9,-9999.9,-9999.9 
1912,9,-9999.9,-9999.9,-9999.9,-9999.9,-9999.9 
1912,10,-9999.9,-9999.9,-9999.9,-9999.9,-9999.9 
1912,11,-9999.9,-9999.9,-9999.9,-9999.9,-9999.9 
1912,12,-9999.9,-9999.9,-9999.9,-9999.9,-9999.9 
1913,1,-9999.9,-9999.9,-9999.9,-9999.9,-9999.9 
1913,2,-9999.9,-9999.9,-9999.9,-9999.9,-9999.9 
1913,3,-9999.9,-9999.9,-9999.9,-9999.9,-9999.9 
1913,4,-9999.9,-9999.9,-9999.9,-9999.9,-9999.9 
1913,5,-9999.9,-9999.9,-9999.9,-9999.9,-9999.9 
1913,6,-9999.9,-9999.9,-9999.9,-9999.9,-9999.9 
1913,7,-9999.9,-9999.9,-9999.9,-9999.9,-9999.9 
1913,8,-9999.9,-9999.9,-9999.9,-9999.9,-9999.9 
1913,9,-9999.9,-9999.9,-9999.9,-9999.9,-9999.9 
1913,10,-9999.9,-9999.9,-9999.9,-9999.9,-9999.9 
1913,11,-9999.9,-9999.9,-9999.9,-9999.9,-9999.9 
1913,12,-9999.9,-9999.9,-9999.9,-9999.9,-9999.9 
1914,1,-9999.9,-9999.9,-9999.9,-9999.9,-9999.9 
1914,2,-9999.9,-9999.9,-9999.9,-9999.9,-9999.9 
1914,3,-9999.9,-9999.9,-9999.9,-9999.9,-9999.9 
1914,4,-9999.9,-9999.9,-9999.9,-9999.9,-9999.9 
1914,5,-9999.9,-9999.9,-9999.9,-9999.9,-9999.9 
1914,6,-9999.9,-9999.9,-9999.9,-9999.9,-9999.9 
1914,7,-9999.9,-9999.9,-9999.9,-9999.9,-9999.9 
1914,8,-9999.9,-9999.9,-9999.9,-9999.9,-9999.9 
1914,9,-9999.9,-9999.9,-9999.9,-9999.9,-9999.9 
1914,10,-9999.9,-9999.9,-9999.9,-9999.9,-9999.9 
1914,11,-9999.9,-9999.9,-9999.9,-9999.9,-9999.9 
1914,12,-9999.9,-9999.9,-9999.9,-9999.9,-9999.9 
1915,1,-9999.9,-9999.9,-9999.9,-9999.9,-9999.9 
1915,2,-9999.9,-9999.9,-9999.9,-9999.9,-9999.9 
1915,3,-9999.9,-9999.9,-9999.9,-9999.9,-9999.9 
1915,4,-9999.9,-9999.9,-9999.9,-9999.9,-9999.9 
1915,5,-9999.9,-9999.9,-9999.9,-9999.9,-9999.9 
1915,6,-9999.9,-9999.9,-9999.9,-9999.9,-9999.9 
1915,7,-9999.9,-9999.9,-9999.9,-9999.9,-9999.9 
1915,8,-9999.9,-9999.9,-9999.9,-9999.9,-9999.9 
1915,9,-9999.9,-9999.9,-9999.9,-9999.9,-9999.9 
1915,10,-9999.9,-9999.9,-9999.9,-9999.9,-9999.9 
1915,11,-9999.9,-9999.9,-9999.9,-9999.9,-9999.9 
1915,12,-9999.9,-9999.9,-9999.9,-9999.9,-9999.9 
1916,1,-9999.9,-9999.9,-9999.9,-9999.9,-9999.9 
1916,2,-9999.9,-9999.9,-9999.9,-9999.9,-9999.9 
1916,3,-9999.9,-9999.9,-9999.9,-9999.9,-9999.9 
1916,4,-9999.9,-9999.9,-9999.9,-9999.9,-9999.9 
1916,5,-9999.9,-9999.9,-9999.9,-9999.9,-9999.9 
1916,6,-9999.9,-9999.9,-9999.9,-9999.9,-9999.9 
1916,7,-9999.9,-9999.9,-9999.9,-9999.9,-9999.9 
1916,8,-9999.9,-9999.9,-9999.9,-9999.9,-9999.9 
1916,9,-9999.9,-9999.9,-9999.9,-9999.9,-9999.9 
1916,10,-9999.9,-9999.9,-9999.9,-9999.9,-9999.9 
1916,11,-9999.9,-9999.9,-9999.9,-9999.9,-9999.9 
1916,12,-9999.9,-9999.9,-9999.9,-9999.9,-9999.9 
1917,1,-9999.9,-9999.9,-9999.9,-9999.9,-9999.9 
1917,2,-9999.9,-9999.9,-9999.9,-9999.9,-9999.9 
1917,3,-9999.9,-9999.9,-9999.9,-9999.9,-9999.9 
1917,4,-9999.9,-9999.9,-9999.9,-9999.9,-9999.9 
1917,5,-9999.9,-9999.9,-9999.9,-9999.9,-9999.9 
1917,6,-9999.9,-9999.9,-9999.9,-9999.9,-9999.9 
1917,7,-9999.9,-9999.9,-9999.9,-9999.9,-9999.9 
1917,8,-9999.9,-9999.9,-9999.9,-9999.9,-9999.9 
1917,9,-9999.9,-9999.9,-9999.9,-9999.9,-9999.9 
1917,10,-9999.9,-9999.9,-9999.9,-9999.9,-9999.9 
1917,11,-9999.9,-9999.9,-9999.9,-9999.9,-9999.9 
1917,12,-9999.9,-9999.9,-9999.9,-9999.9,-9999.9 
1918,1,-9999.9,-9999.9,-9999.9,-9999.9,-9999.9 
1918,2,-9999.9,-9999.9,-9999.9,-9999.9,-9999.9 
1918,3,-9999.9,-9999.9,-9999.9,-9999.9,-9999.9 
1918,4,-9999.9,-9999.9,-9999.9,-9999.9,-9999.9 
1918,5,-9999.9,-9999.9,-9999.9,-9999.9,-9999.9 
1918,6,-9999.9,-9999.9,-9999.9,-9999.9,-9999.9 
1918,7,-9999.9,-9999.9,-9999.9,-9999.9,-9999.9 
1918,8,-9999.9,-9999.9,-9999.9,-9999.9,-9999.9 
1918,9,-9999.9,-9999.9,-9999.9,-9999.9,-9999.9 
1918,10,-9999.9,-9999.9,-9999.9,-9999.9,-9999.9 
1918,11,-9999.9,-9999.9,-9999.9,-9999.9,-9999.9 
1918,12,-9999.9,-9999.9,-9999.9,-9999.9,-9999.9 
1919,1,-9999.9,-9999.9,-9999.9,-9999.9,-9999.9 
1919,2,-9999.9,-9999.9,-9999.9,-9999.9,-9999.9 
1919,3,-9999.9,-9999.9,-9999.9,-9999.9,-9999.9 
1919,4,-9999.9,-9999.9,-9999.9,-9999.9,-9999.9 
1919,5,-9999.9,-9999.9,-9999.9,-9999.9,-9999.9 
1919,6,-9999.9,-9999.9,-9999.9,-9999.9,-9999.9 
1919,7,-9999.9,-9999.9,-9999.9,-9999.9,-9999.9 
1919,8,-9999.9,-9999.9,-9999.9,-9999.9,-9999.9 
1919,9,-9999.9,-9999.9,-9999.9,-9999.9,-9999.9 
1919,10,-9999.9,-9999.9,-9999.9,-9999.9,-9999.9 
1919,11,-9999.9,-9999.9,-9999.9,-9999.9,-9999.9 
1919,12,-9999.9,-9999.9,-9999.9,-9999.9,-9999.9 
1920,1,-9999.9,-9999.9,-9999.9,-9999.9,-9999.9 
1920,2,-9999.9,-9999.9,-9999.9,-9999.9,-9999.9 
1920,3,-9999.9,-9999.9,-9999.9,-9999.9,-9999.9 
1920,4,-9999.9,-9999.9,-9999.9,-9999.9,-9999.9 
1920,5,-9999.9,-9999.9,-9999.9,-9999.9,-9999.9 
1920,6,-9999.9,-9999.9,-9999.9,-9999.9,-9999.9 
1920,7,-9999.9,-9999.9,-9999.9,-9999.9,-9999.9 
1920,8,-9999.9,-9999.9,-9999.9,-9999.9,-9999.9 
1920,9,-9999.9,-9999.9,-9999.9,-9999.9,-9999.9 
1920,10,-9999.9,-9999.9,-9999.9,-9999.9,-9999.9 
1920,11,-9999.9,-9999.9,-9999.9,-9999.9,-9999.9 
1920,12,-9999.9,-9999.9,-9999.9,-9999.9,-9999.9 
1921,1,-9999.9,-9999.9,-9999.9,-9999.9,-9999.9 
1921,2,-9999.9,-9999.9,-9999.9,-9999.9,-9999.9 
1921,3,-9999.9,-9999.9,-9999.9,-9999.9,-9999.9 
1921,4,-9999.9,-9999.9,-9999.9,-9999.9,-9999.9 
1921,5,-9999.9,-9999.9,-9999.9,-9999.9,-9999.9 
1921,6,-9999.9,-9999.9,-9999.9,-9999.9,-9999.9 
1921,7,-9999.9,-9999.9,-9999.9,-9999.9,-9999.9 
1921,8,-9999.9,-9999.9,-9999.9,-9999.9,-9999.9 
1921,9,-9999.9,-9999.9,-9999.9,-9999.9,-9999.9 
1921,10,-9999.9,-9999.9,-9999.9,-9999.9,-9999.9 
1921,11,-9999.9,-9999.9,-9999.9,-9999.9,-9999.9 
1921,12,-9999.9,-9999.9,-9999.9,-9999.9,-9999.9 
1922,1,-9999.9,-9999.9,-9999.9,-9999.9,-9999.9 
1922,2,-9999.9,-9999.9,-9999.9,-9999.9,-9999.9 
1922,3,-9999.9,-9999.9,-9999.9,-9999.9,-9999.9 
1922,4,-9999.9,-9999.9,-9999.9,-9999.9,-9999.9 
1922,5,-9999.9,-9999.9,-9999.9,-9999.9,-9999.9 
1922,6,-9999.9,-9999.9,-9999.9,-9999.9,-9999.9 
1922,7,-9999.9,-9999.9,-9999.9,-9999.9,-9999.9 
1922,8,-9999.9,-9999.9,-9999.9,-9999.9,-9999.9 
1922,9,-9999.9,-9999.9,-9999.9,-9999.9,-9999.9 
1922,10,-9999.9,-9999.9,-9999.9,-9999.9,-9999.9 
1922,11,-9999.9,-9999.9,-9999.9,-9999.9,-9999.9 
1922,12,-9999.9,-9999.9,-9999.9,-9999.9,-9999.9 
1923,1,-9999.9,-9999.9,-9999.9,-9999.9,-9999.9 
1923,2,-9999.9,-9999.9,-9999.9,-9999.9,-9999.9 
1923,3,-9999.9,-9999.9,-9999.9,-9999.9,-9999.9 
1923,4,-9999.9,-9999.9,-9999.9,-9999.9,-9999.9 
1923,5,-9999.9,-9999.9,-9999.9,-9999.9,-9999.9 
1923,6,-9999.9,-9999.9,-9999.9,-9999.9,-9999.9 
1923,7,-9999.9,-9999.9,-9999.9,-9999.9,-9999.9 
1923,8,-9999.9,-9999.9,-9999.9,-9999.9,-9999.9 
1923,9,-9999.9,-9999.9,-9999.9,-9999.9,-9999.9 
1923,10,-9999.9,-9999.9,-9999.9,-9999.9,-9999.9 
1923,11,-9999.9,-9999.9,-9999.9,-9999.9,-9999.9 
1923,12,-9999.9,-9999.9,-9999.9,-9999.9,-9999.9 
1924,1,-9999.9,-9999.9,-9999.9,-9999.9,-9999.9 
1924,2,-9999.9,-9999.9,-9999.9,-9999.9,-9999.9 
1924,3,-9999.9,-9999.9,-9999.9,-9999.9,-9999.9 
1924,4,-9999.9,-9999.9,-9999.9,-9999.9,-9999.9 
1924,5,-9999.9,-9999.9,-9999.9,-9999.9,-9999.9 
1924,6,-9999.9,-9999.9,-9999.9,-9999.9,-9999.9 
1924,7,-9999.9,-9999.9,-9999.9,-9999.9,-9999.9 
1924,8,-9999.9,-9999.9,-9999.9,-9999.9,-9999.9 
1924,9,-9999.9,-9999.9,-9999.9,-9999.9,-9999.9 
1924,10,-9999.9,-9999.9,-9999.9,-9999.9,-9999.9 
1924,11,-9999.9,-9999.9,-9999.9,-9999.9,-9999.9 
1924,12,-9999.9,-9999.9,-9999.9,-9999.9,-9999.9 
1925,1,-9999.9,-9999.9,-9999.9,-9999.9,-9999.9 
1925,2,-9999.9,-9999.9,-9999.9,-9999.9,-9999.9 
1925,3,-9999.9,-9999.9,-9999.9,-9999.9,-9999.9 
1925,4,-9999.9,-9999.9,-9999.9,-9999.9,-9999.9 
1925,5,-9999.9,-9999.9,-9999.9,-9999.9,-9999.9 
1925,6,-9999.9,-9999.9,-9999.9,-9999.9,-9999.9 
1925,7,-9999.9,-9999.9,-9999.9,-9999.9,-9999.9 
1925,8,-9999.9,-9999.9,-9999.9,-9999.9,-9999.9 
1925,9,-9999.9,-9999.9,-9999.9,-9999.9,-9999.9 
1925,10,-9999.9,-9999.9,-9999.9,-9999.9,-9999.9 
1925,11,-9999.9,-9999.9,-9999.9,-9999.9,-9999.9 
1925,12,-9999.9,-9999.9,-9999.9,-9999.9,-9999.9 
1926,1,-9999.9,-9999.9,-9999.9,-9999.9,-9999.9 
1926,2,-9999.9,-9999.9,-9999.9,-9999.9,-9999.9 
1926,3,-9999.9,-9999.9,-9999.9,-9999.9,-9999.9 
1926,4,-9999.9,-9999.9,-9999.9,-9999.9,-9999.9 
1926,5,-9999.9,-9999.9,-9999.9,-9999.9,-9999.9 
1926,6,-9999.9,-9999.9,-9999.9,-9999.9,-9999.9 
1926,7,-9999.9,-9999.9,-9999.9,-9999.9,-9999.9 
1926,8,-9999.9,-9999.9,-9999.9,-9999.9,-9999.9 
1926,9,-9999.9,-9999.9,-9999.9,-9999.9,-9999.9 
1926,10,-9999.9,-9999.9,-9999.9,-9999.9,-9999.9 
1926,11,-9999.9,-9999.9,-9999.9,-9999.9,-9999.9 
1926,12,-9999.9,-9999.9,-9999.9,-9999.9,-9999.9 
1927,1,-9999.9,-9999.9,-9999.9,-9999.9,-9999.9 
1927,2,-9999.9,-9999.9,-9999.9,-9999.9,-9999.9 
1927,3,-9999.9,-9999.9,-9999.9,-9999.9,-9999.9 
1927,4,-9999.9,-9999.9,-9999.9,-9999.9,-9999.9 
1927,5,-9999.9,-9999.9,-9999.9,-9999.9,-9999.9 
1927,6,-9999.9,-9999.9,-9999.9,-9999.9,-9999.9 
1927,7,-9999.9,-9999.9,-9999.9,-9999.9,-9999.9 
1927,8,-9999.9,-9999.9,-9999.9,-9999.9,-9999.9 
1927,9,-9999.9,-9999.9,-9999.9,-9999.9,-9999.9 
1927,10,-9999.9,-9999.9,-9999.9,-9999.9,-9999.9 
1927,11,-9999.9,-9999.9,-9999.9,-9999.9,-9999.9 
1927,12,-9999.9,-9999.9,-9999.9,-9999.9,-9999.9 
1928,1,-9999.9,-9999.9,-9999.9,-9999.9,-9999.9 
1928,2,-9999.9,-9999.9,-9999.9,-9999.9,-9999.9 
1928,3,-9999.9,-9999.9,-9999.9,-9999.9,-9999.9 
1928,4,-9999.9,-9999.9,-9999.9,-9999.9,-9999.9 
1928,5,-9999.9,-9999.9,-9999.9,-9999.9,-9999.9 
1928,6,-9999.9,-9999.9,-9999.9,-9999.9,-9999.9 
1928,7,-9999.9,-9999.9,-9999.9,-9999.9,-9999.9 
1928,8,-9999.9,-9999.9,-9999.9,-9999.9,-9999.9 
1928,9,-9999.9,-9999.9,-9999.9,-9999.9,-9999.9 
1928,10,-9999.9,-9999.9,-9999.9,-9999.9,-9999.9 
1928,11,-9999.9,-9999.9,-9999.9,-9999.9,-9999.9 
1928,12,-9999.9,-9999.9,-9999.9,-9999.9,-9999.9 
1929,1,-9999.9,-9999.9,-9999.9,-9999.9,-9999.9 
1929,2,-9999.9,-9999.9,-9999.9,-9999.9,-9999.9 
1929,3,-9999.9,-9999.9,-9999.9,-9999.9,-9999.9 
1929,4,-9999.9,-9999.9,-9999.9,-9999.9,-9999.9 
1929,5,-9999.9,-9999.9,-9999.9,-9999.9,-9999.9 
1929,6,-9999.9,-9999.9,-9999.9,-9999.9,-9999.9 
1929,7,-9999.9,-9999.9,-9999.9,-9999.9,-9999.9 
1929,8,-9999.9,-9999.9,-9999.9,-9999.9,-9999.9 
1929,9,-9999.9,-9999.9,-9999.9,-9999.9,-9999.9 
1929,10,-9999.9,-9999.9,-9999.9,-9999.9,-9999.9 
1929,11,-9999.9,-9999.9,-9999.9,-9999.9,-9999.9 
1929,12,-9999.9,-9999.9,-9999.9,-9999.9,-9999.9 
1930,1,-9999.9,-9999.9,-9999.9,-9999.9,-9999.9 
1930,2,-9999.9,-9999.9,-9999.9,-9999.9,-9999.9 
1930,3,-9999.9,-9999.9,-9999.9,-9999.9,-9999.9 
1930,4,-9999.9,-9999.9,-9999.9,-9999.9,-9999.9 
1930,5,-9999.9,-9999.9,-9999.9,-9999.9,-9999.9 
1930,6,-9999.9,-9999.9,-9999.9,-9999.9,-9999.9 
1930,7,-9999.9,-9999.9,-9999.9,-9999.9,-9999.9 
1930,8,-9999.9,-9999.9,-9999.9,-9999.9,-9999.9 
1930,9,-9999.9,-9999.9,-9999.9,-9999.9,-9999.9 
1930,10,-9999.9,-9999.9,-9999.9,-9999.9,-9999.9 
1930,11,-9999.9,-9999.9,-9999.9,-9999.9,-9999.9 
1930,12,-9999.9,-9999.9,-9999.9,-9999.9,-9999.9 
1931,1,-9999.9,-9999.9,-9999.9,-9999.9,-9999.9 
1931,2,-9999.9,-9999.9,-9999.9,-9999.9,-9999.9 
1931,3,-9999.9,-9999.9,-9999.9,-9999.9,-9999.9 
1931,4,-9999.9,-9999.9,-9999.9,-9999.9,-9999.9 
1931,5,-9999.9,-9999.9,-9999.9,-9999.9,-9999.9 
1931,6,-9999.9,-9999.9,-9999.9,-9999.9,-9999.9 
1931,7,-9999.9,-9999.9,-9999.9,-9999.9,-9999.9 
1931,8,-9999.9,-9999.9,-9999.9,-9999.9,-9999.9 
1931,9,-9999.9,-9999.9,-9999.9,-9999.9,-9999.9 
1931,10,-9999.9,-9999.9,-9999.9,-9999.9,-9999.9 
1931,11,-9999.9,-9999.9,-9999.9,-9999.9,-9999.9 
1931,12,-9999.9,-9999.9,-9999.9,-9999.9,-9999.9 
1932,1,-9999.9,-9999.9,-9999.9,-9999.9,-9999.9 
1932,2,-9999.9,-9999.9,-9999.9,-9999.9,-9999.9 
1932,3,-9999.9,-9999.9,-9999.9,-9999.9,-9999.9 
1932,4,-9999.9,-9999.9,-9999.9,-9999.9,-9999.9 
1932,5,-9999.9,-9999.9,-9999.9,-9999.9,-9999.9 
1932,6,-9999.9,-9999.9,-9999.9,-9999.9,-9999.9 
1932,7,-9999.9,-9999.9,-9999.9,-9999.9,-9999.9 
1932,8,-9999.9,-9999.9,-9999.9,-9999.9,-9999.9 
1932,9,-9999.9,-9999.9,-9999.9,-9999.9,-9999.9 
1932,10,-9999.9,-9999.9,-9999.9,-9999.9,-9999.9 
1932,11,-9999.9,-9999.9,-9999.9,-9999.9,-9999.9 
1932,12,-9999.9,-9999.9,-9999.9,-9999.9,-9999.9 
1933,1,343.6314810810811,-9999.9,-9999.9,-9999.9,-9999.9 
1933,2,348.7788972972973,-9999.9,-9999.9,-9999.9,-9999.9 
1933,3,414.7659243243243,-9999.9,-9999.9,-9999.9,-9999.9 
1933,4,1074.65254054054,-9999.9,-9999.9,-9999.9,-9999.9 
1933,5,314.892972972973,-9999.9,-9999.9,-9999.9,-9999.9 
1933,6,27.62464864864864,-9999.9,-9999.9,-9999.9,-9999.9 
1933,7,10.2310054054054,-9999.9,-9999.9,-9999.9,-9999.9 
1933,8,10.32752432432432,-9999.9,-9999.9,-9999.9,-9999.9 
1933,9,11.74572972972973,-9999.9,-9999.9,-9999.9,-9999.9 
1933,10,21.25829189189189,-9999.9,-9999.9,-9999.9,-9999.9 
1933,11,32.31827027027027,-9999.9,-9999.9,-9999.9,-9999.9 
1933,12,66.76696216216217,-9999.9,-9999.9,-9999.9,-9999.9 
1934,1,62.59251891891892,-9999.9,-9999.9,-9999.9,-9999.9 
1934,2,13.55623783783784,-9999.9,-9999.9,-9999.9,-9999.9 
1934,3,128.8044972972973,-9999.9,-9999.9,-9999.9,-9999.9 
1934,4,736.2681081081081,-9999.9,-9999.9,-9999.9,-9999.9 
1934,5,58.82828108108108,-9999.9,-9999.9,-9999.9,-9999.9 
1934,6,18.84454054054054,-9999.9,-9999.9,-9999.9,-9999.9 
1934,7,22.12696216216216,-9999.9,-9999.9,-9999.9,-9999.9 
1934,8,23.47822702702703,-9999.9,-9999.9,-9999.9,-9999.9 
1934,9,24.16864864864865,-9999.9,-9999.9,-9999.9,-9999.9 
1934,10,21.28242162162162,-9999.9,-9999.9,-9999.9,-9999.9 
1934,11,33.71935135135135,-9999.9,-9999.9,-9999.9,-9999.9 
1934,12,35.39831351351351,-9999.9,-9999.9,-9999.9,-9999.9 
1935,1,156.7225945945946,-9999.9,-9999.9,-9999.9,-9999.9 
1935,2,151.7775567567568,-9999.9,-9999.9,-9999.9,-9999.9 
1935,3,767.3977945945945,-9999.9,-9999.9,-9999.9,-9999.9 
1935,4,97.35178378378377,-9999.9,-9999.9,-9999.9,-9999.9 
1935,5,138.5529081081081,-9999.9,-9999.9,-9999.9,-9999.9 
1935,6,100.2940540540541,-9999.9,-9999.9,-9999.9,-9999.9 
1935,7,45.94300540540541,-9999.9,-9999.9,-9999.9,-9999.9 
1935,8,32.02015135135135,-9999.9,-9999.9,-9999.9,-9999.9 
1935,9,22.13708108108109,-9999.9,-9999.9,-9999.9,-9999.9 
1935,10,21.49958918918919,-9999.9,-9999.9,-9999.9,-9999.9 
1935,11,52.91416216216216,-9999.9,-9999.9,-9999.9,-9999.9 
1935,12,58.70763243243243,-9999.9,-9999.9,-9999.9,-9999.9 
1936,1,42.49245405405405,-9999.9,-9999.9,-9999.9,-9999.9 
1936,2,59.25405405405405,-9999.9,-9999.9,-9999.9,-9999.9 
1936,3,539.2270702702702,-9999.9,-9999.9,-9999.9,-9999.9 
1936,4,314.2858378378378,-9999.9,-9999.9,-9999.9,-9999.9 
1936,5,119.8041081081081,-9999.9,-9999.9,-9999.9,-9999.9 
1936,6,34.58335135135135,-9999.9,-9999.9,-9999.9,-9999.9 
1936,7,16.98732972972973,-9999.9,-9999.9,-9999.9,-9999.9 
1936,8,15.49128648648649,-9999.9,-9999.9,-9999.9,-9999.9 
1936,9,27.95156756756757,-9999.9,-9999.9,-9999.9,-9999.9 
1936,10,47.84925405405405,-9999.9,-9999.9,-9999.9,-9999.9 
1936,11,49.45816216216216,-9999.9,-9999.9,-9999.9,-9999.9 
1936,12,58.08025945945946,-9999.9,-9999.9,-9999.9,-9999.9 
1937,1,243.6620108108108,-9999.9,-9999.9,-9999.9,-9999.9 
1937,2,396.8141837837838,-9999.9,-9999.9,-9999.9,-9999.9 
1937,3,158.8701405405406,-9999.9,-9999.9,-9999.9,-9999.9 
1937,4,822.131027027027,-9999.9,-9999.9,-9999.9,-9999.9 
1937,5,224.5512648648649,-9999.9,-9999.9,-9999.9,-9999.9 
1937,6,99.66356756756758,-9999.9,-9999.9,-9999.9,-9999.9 
1937,7,91.91014054054055,-9999.9,-9999.9,-9999.9,-9999.9 
1937,8,82.40302702702701,-9999.9,-9999.9,-9999.9,-9999.9 
1937,9,29.60951351351351,-9999.9,-9999.9,-9999.9,-9999.9 
1937,10,30.71714594594595,-9999.9,-9999.9,-9999.9,-9999.9 
1937,11,42.59286486486486,-9999.9,-9999.9,-9999.9,-9999.9 
1937,12,41.7203027027027,-9999.9,-9999.9,-9999.9,-9999.9 
1938,1,86.67398918918919,-9999.9,-9999.9,-9999.9,-9999.9 
1938,2,1486.631091891892,-9999.9,-9999.9,-9999.9,-9999.9 
1938,3,860.7074594594593,-9999.9,-9999.9,-9999.9,-9999.9 
1938,4,353.1191351351352,-9999.9,-9999.9,-9999.9,-9999.9 
1938,5,216.7573621621622,-9999.9,-9999.9,-9999.9,-9999.9 
1938,6,77.1762162162162,-9999.9,-9999.9,-9999.9,-9999.9 
1938,7,46.49798918918919,-9999.9,-9999.9,-9999.9,-9999.9 
1938,8,63.19576216216216,-9999.9,-9999.9,-9999.9,-9999.9 
1938,9,33.04216216216216,-9999.9,-9999.9,-9999.9,-9999.9 
1938,10,31.15148108108108,-9999.9,-9999.9,-9999.9,-9999.9 
1938,11,29.53945945945946,-9999.9,-9999.9,-9999.9,-9999.9 
1938,12,43.43351351351351,-9999.9,-9999.9,-9999.9,-9999.9 
1939,1,67.17716756756757,-9999.9,-9999.9,-9999.9,-9999.9 
1939,2,367.5440432432433,-9999.9,-9999.9,-9999.9,-9999.9 
1939,3,811.5069405405405,-9999.9,-9999.9,-9999.9,-9999.9 
1939,4,963.756972972973,-9999.9,-9999.9,-9999.9,-9999.9 
1939,5,118.3321945945946,-9999.9,-9999.9,-9999.9,-9999.9 
1939,6,77.92345945945945,-9999.9,-9999.9,-9999.9,-9999.9 
1939,7,37.93193513513513,-9999.9,-9999.9,-9999.9,-9999.9 
1939,8,23.50235675675676,-9999.9,-9999.9,-9999.9,-9999.9 
1939,9,24.44886486486487,-9999.9,-9999.9,-9999.9,-9999.9 
1939,10,27.4355027027027,-9999.9,-9999.9,-9999.9,-9999.9 
1939,11,28.90897297297298,-9999.9,-9999.9,-9999.9,-9999.9 
1939,12,32.86469189189189,-9999.9,-9999.9,-9999.9,-9999.9 
1940,1,30.81366486486487,-9999.9,-9999.9,-9999.9,-9999.9 
1940,2,30.5638054054054,-9999.9,-9999.9,-9999.9,-9999.9 
1940,3,276.1406270270271,-9999.9,-9999.9,-9999.9,-9999.9 
1940,4,1099.778594594595,-9999.9,-9999.9,-9999.9,-9999.9 
1940,5,97.04977297297297,-9999.9,-9999.9,-9999.9,-9999.9 
1940,6,340.5327567567568,-9999.9,-9999.9,-9999.9,-9999.9 
1940,7,75.16410810810811,-9999.9,-9999.9,-9999.9,-9999.9 
1940,8,72.9683027027027,-9999.9,-9999.9,-9999.9,-9999.9 
1940,9,50.0185945945946,-9999.9,-9999.9,-9999.9,-9999.9 
1940,10,61.72384864864863,-9999.9,-9999.9,-9999.9,-9999.9 
1940,11,77.90010810810811,-9999.9,-9999.9,-9999.9,-9999.9 
1940,12,422.2943999999999,-9999.9,-9999.9,-9999.9,-9999.9 
1941,1,314.5551567567567,-9999.9,-9999.9,-9999.9,-9999.9 
1941,2,124.0984216216216,-9999.9,-9999.9,-9999.9,-9999.9 
1941,3,295.4685405405405,-9999.9,-9999.9,-9999.9,-9999.9 
1941,4,406.8505945945946,-9999.9,-9999.9,-9999.9,-9999.9 
1941,5,74.87455135135136,-9999.9,-9999.9,-9999.9,-9999.9 
1941,6,38.13275675675676,-9999.9,-9999.9,-9999.9,-9999.9 
1941,7,25.04665945945946,-9999.9,-9999.9,-9999.9,-9999.9 
1941,8,26.22901621621621,-9999.9,-9999.9,-9999.9,-9999.9 
1941,9,13.40367567567568,-9999.9,-9999.9,-9999.9,-9999.9 
1941,10,29.7036972972973,-9999.9,-9999.9,-9999.9,-9999.9 
1941,11,58.51848648648648,-9999.9,-9999.9,-9999.9,-9999.9 
1941,12,78.39749189189189,-9999.9,-9999.9,-9999.9,-9999.9 
1942,1,64.32985945945946,-9999.9,-9999.9,-9999.9,-9999.9 
1942,2,144.9340540540541,-9999.9,-9999.9,-9999.9,-9999.9 
1942,3,1141.384475675676,-9999.9,-9999.9,-9999.9,-9999.9 
1942,4,298.2434594594595,-9999.9,-9999.9,-9999.9,-9999.9 
1942,5,96.13284324324326,-9999.9,-9999.9,-9999.9,-9999.9 
1942,6,147.0668108108108,-9999.9,-9999.9,-9999.9,-9999.9 
1942,7,43.9884972972973,-9999.9,-9999.9,-9999.9,-9999.9 
1942,8,56.31878918918919,-9999.9,-9999.9,-9999.9,-9999.9 
1942,9,43.87718918918918,-9999.9,-9999.9,-9999.9,-9999.9 
1942,10,77.62534054054055,-9999.9,-9999.9,-9999.9,-9999.9 
1942,11,151.2467027027027,-9999.9,-9999.9,-9999.9,-9999.9 
1942,12,397.3442594594594,-9999.9,-9999.9,-9999.9,-9999.9 
1943,1,300.7770810810811,-9999.9,-9999.9,-9999.9,-9999.9 
1943,2,752.9378594594594,-9999.9,-9999.9,-9999.9,-9999.9 
1943,3,1181.536345945946,-9999.9,-9999.9,-9999.9,-9999.9 
1943,4,516.2283243243244,-9999.9,-9999.9,-9999.9,-9999.9 
1943,5,1398.052410810811,-9999.9,-9999.9,-9999.9,-9999.9 
1943,6,457.8265945945946,-9999.9,-9999.9,-9999.9,-9999.9 
1943,7,136.2364540540541,-9999.9,-9999.9,-9999.9,-9999.9 
1943,8,123.7855135135135,-9999.9,-9999.9,-9999.9,-9999.9 
1943,9,64.87005405405407,-9999.9,-9999.9,-9999.9,-9999.9 
1943,10,54.82274594594594,-9999.9,-9999.9,-9999.9,-9999.9 
1943,11,137.9597837837838,-9999.9,-9999.9,-9999.9,-9999.9 
1943,12,50.60004324324323,-9999.9,-9999.9,-9999.9,-9999.9 
1944,1,89.54542702702703,-9999.9,-9999.9,-9999.9,-9999.9 
1944,2,321.1908324324324,-9999.9,-9999.9,-9999.9,-9999.9 
1944,3,706.8563027027027,-9999.9,-9999.9,-9999.9,-9999.9 
1944,4,548.4998918918919,-9999.9,-9999.9,-9999.9,-9999.9 
1944,5,261.9040864864865,-9999.9,-9999.9,-9999.9,-9999.9 
1944,6,103.5632432432432,-9999.9,-9999.9,-9999.9,-9999.9 
1944,7,43.07156756756757,-9999.9,-9999.9,-9999.9,-9999.9 
1944,8,22.24761081081081,-9999.9,-9999.9,-9999.9,-9999.9 
1944,9,14.47783783783784,-9999.9,-9999.9,-9999.9,-9999.9 
1944,10,24.3468972972973,-9999.9,-9999.9,-9999.9,-9999.9 
1944,11,21.90356756756757,-9999.9,-9999.9,-9999.9,-9999.9 
1944,12,23.91256216216216,-9999.9,-9999.9,-9999.9,-9999.9 
1945,1,24.73297297297297,-9999.9,-9999.9,-9999.9,-9999.9 
1945,2,51.36985945945946,-9999.9,-9999.9,-9999.9,-9999.9 
1945,3,898.0361513513514,-9999.9,-9999.9,-9999.9,-9999.9 
1945,4,487.8097297297297,-9999.9,-9999.9,-9999.9,-9999.9 
1945,5,1019.722378378378,-9999.9,-9999.9,-9999.9,-9999.9 
1945,6,569.7262702702702,-9999.9,-9999.9,-9999.9,-9999.9 
1945,7,116.8361513513513,-9999.9,-9999.9,-9999.9,-9999.9 
1945,8,122.1688216216216,-9999.9,-9999.9,-9999.9,-9999.9 
1945,9,107.1593513513513,-9999.9,-9999.9,-9999.9,-9999.9 
1945,10,373.7695135135136,-9999.9,-9999.9,-9999.9,-9999.9 
1945,11,111.2458378378378,-9999.9,-9999.9,-9999.9,-9999.9 
1945,12,98.32864864864865,-9999.9,-9999.9,-9999.9,-9999.9 
1946,1,504.9387243243243,-9999.9,-9999.9,-9999.9,-9999.9 
1946,2,174.9670054054054,-9999.9,-9999.9,-9999.9,-9999.9 
1946,3,1289.613405405406,-9999.9,-9999.9,-9999.9,-9999.9 
1946,4,113.8845405405406,-9999.9,-9999.9,-9999.9,-9999.9 
1946,5,175.0129297297297,-9999.9,-9999.9,-9999.9,-9999.9 
1946,6,212.9176216216216,-9999.9,-9999.9,-9999.9,-9999.9 
1946,7,54.91926486486487,-9999.9,-9999.9,-9999.9,-9999.9 
1946,8,31.46516756756756,-9999.9,-9999.9,-9999.9,-9999.9 
1946,9,20.15221621621622,-9999.9,-9999.9,-9999.9,-9999.9 
1946,10,26.42205405405405,-9999.9,-9999.9,-9999.9,-9999.9 
1946,11,33.53254054054053,-9999.9,-9999.9,-9999.9,-9999.9 
1946,12,52.53042162162162,-9999.9,-9999.9,-9999.9,-9999.9 
1947,1,173.565145945946,-9999.9,-9999.9,-9999.9,-9999.9 
1947,2,67.3017081081081,-9999.9,-9999.9,-9999.9,-9999.9 
1947,3,907.9052108108108,-9999.9,-9999.9,-9999.9,-9999.9 
1947,4,2047.493189189189,-9999.9,-9999.9,-9999.9,-9999.9 
1947,5,866.1125189189189,-9999.9,-9999.9,-9999.9,-9999.9 
1947,6,501.2134054054054,-9999.9,-9999.9,-9999.9,-9999.9 
1947,7,162.5378594594595,-9999.9,-9999.9,-9999.9,-9999.9 
1947,8,73.76458378378378,-9999.9,-9999.9,-9999.9,-9999.9 
1947,9,104.3571891891892,-9999.9,-9999.9,-9999.9,-9999.9 
1947,10,56.7289945945946,-9999.9,-9999.9,-9999.9,-9999.9 
1947,11,65.75740540540541,-9999.9,-9999.9,-9999.9,-9999.9 
1947,12,184.4476540540541,-9999.9,-9999.9,-9999.9,-9999.9 
1948,1,75.28475675675676,-9999.9,156.09,-9999.9,-9999.9 
1948,2,531.7289513513514,-9999.9,547.74,-9999.9,-9999.9 
1948,3,1658.219156756757,-9999.9,1278.54,-9999.9,-9999.9 
1948,4,501.7037837837838,-9999.9,553.42,-9999.9,-9999.9 
1948,5,728.9108756756757,-9999.9,905.34,-9999.9,-9999.9 
1948,6,94.85318918918918,-9999.9,195.83,-9999.9,-9999.9 
1948,7,65.8259027027027,-9999.9,95.07,-9999.9,-9999.9 
1948,8,35.59135135135135,-9999.9,46.83,-9999.9,-9999.9 
1948,9,31.68778378378378,-9999.9,38.31,-9999.9,-9999.9 
1948,10,33.9264,-9999.9,149,-9999.9,-9999.9 
1948,11,129.0862702702703,-9999.9,478.21,-9999.9,-9999.9 
1948,12,91.69297297297297,-9999.9,241.23,-9999.9,-9999.9 
1949,1,386.2204540540541,-9999.9,588.9,-9999.9,-9999.9 
1949,2,1010.767913513513,-9999.9,920.95,-9999.9,-9999.9 
1949,3,620.3994810810811,-9999.9,534.97,-9999.9,-9999.9 
1949,4,358.8168648648648,-9999.9,478.21,-9999.9,-9999.9 
1949,5,131.868972972973,-9999.9,215.69,-9999.9,-9999.9 
1949,6,33.95286486486486,-9999.9,79.47,-9999.9,-9999.9 
1949,7,75.50192432432432,-9999.9,76.63,-9999.9,-9999.9 
1949,8,38.77647567567568,-9999.9,70.95,-9999.9,-9999.9 
1949,9,40.14097297297298,-9999.9,136.23,-9999.9,-9999.9 
1949,10,142.0034594594595,-9999.9,317.86,-9999.9,-9999.9 
1949,11,143.5641081081081,-9999.9,131.97,-9999.9,-9999.9 
1949,12,959.0602378378378,-9999.9,1045.82,-9999.9,-9999.9 
1950,1,1041.439135135135,-9999.9,1088.39,-9999.9,-9999.9 
1950,2,543.1212972972972,-9999.9,554.84,-9999.9,-9999.9 
1950,3,1381.065081081081,-9999.9,864.19,-9999.9,-9999.9 
1950,4,1221.275675675676,-9999.9,1140.9,-9999.9,-9999.9 
1950,5,165.9642810810811,-9999.9,254.01,-9999.9,-9999.9 
1950,6,108.0467027027027,-9999.9,173.12,-9999.9,-9999.9 
1950,7,85.4675027027027,-9999.9,103.59,-9999.9,-9999.9 
1950,8,61.69971891891892,-9999.9,56.76,-9999.9,-9999.9 
1950,9,74.39740540540541,-9999.9,231.3,-9999.9,-9999.9 
1950,10,106.2432,-9999.9,332.05,-9999.9,-9999.9 
1950,11,351.0175135135134,-9999.9,441.32,-9999.9,-9999.9 
1950,12,893.354983783784,-9999.9,800.33,-9999.9,-9999.9 
1951,1,693.777989189189,-9999.9,859.93,-9999.9,-9999.9 
1951,2,1024.128,-9999.9,787.56,-9999.9,-9999.9 
1951,3,1135.086616216216,-9999.9,813.1,-9999.9,-9999.9 
1951,4,1050.086918918919,-9999.9,591.73,-9999.9,-9999.9 
1951,5,175.350745945946,-9999.9,272.45,-9999.9,-9999.9 
1951,6,123.6921081081081,-9999.9,195.83,-9999.9,-9999.9 
1951,7,69.8796972972973,-9999.9,78.05,-9999.9,-9999.9 
1951,8,37.66650810810811,-9999.9,43.99,-9999.9,-9999.9 
1951,9,42.26594594594594,-9999.9,69.53,-9999.9,-9999.9 
1951,10,68.14235675675675,-9999.9,407.26,-9999.9,-9999.9 
1951,11,233.3033513513513,-9999.9,678.29,-9999.9,-9999.9 
1951,12,228.4844108108108,-9999.9,252.59,-9999.9,-9999.9 
1952,1,1207.427545945946,-9999.9,1028.79,-9999.9,-9999.9 
1952,2,627.1449081081081,-9999.9,598.83,-9999.9,-9999.9 
1952,3,1032.921340540541,-9999.9,850,-9999.9,-9999.9 
1952,4,842.9837837837838,-9999.9,540.65,-9999.9,-9999.9 
1952,5,281.3767783783784,-9999.9,353.34,-9999.9,-9999.9 
1952,6,92.61145945945945,-9999.9,124.87,-9999.9,-9999.9 
1952,7,61.48255135135135,-9999.9,49.67,-9999.9,-9999.9 
1952,8,48.52488648648649,-9999.9,43.99,-9999.9,-9999.9 
1952,9,43.52691891891892,-9999.9,45.41,-9999.9,-9999.9 
1952,10,40.70685405405406,-9999.9,161.77,-9999.9,-9999.9 
1952,11,65.08021621621621,-9999.9,326.38,-9999.9,-9999.9 
1952,12,122.9651027027027,-9999.9,492.4,-9999.9,-9999.9 
1953,1,179.1391135135135,-9999.9,464.02,-9999.9,-9999.9 
1953,2,133.6008648648649,-9999.9,316.44,-9999.9,-9999.9 
1953,3,661.5406702702704,-9999.9,631.47,-9999.9,-9999.9 
1953,4,334.764972972973,-9999.9,388.81,-9999.9,-9999.9 
1953,5,391.4566054054054,-9999.9,254.01,-9999.9,-9999.9 
1953,6,262.0021621621622,-9999.9,141.9,-9999.9,-9999.9 
1953,7,172.7688648648649,-9999.9,93.66,-9999.9,-9999.9 
1953,8,353.4764108108109,-9999.9,49.67,-9999.9,-9999.9 
1953,9,41.09837837837838,-9999.9,32.64,-9999.9,-9999.9 
1953,10,35.97742702702703,-9999.9,25.54,-9999.9,-9999.9 
1953,11,44.41427027027027,-9999.9,105.01,-9999.9,-9999.9 
1953,12,67.17716756756757,-9999.9,266.78,-9999.9,-9999.9 
1954,1,104.723027027027,-9999.9,498.08,-9999.9,-9999.9 
1954,2,1125.233124324324,-9999.9,1099.75,-9999.9,-9999.9 
1954,3,1133.856,-9999.9,1121.03,-9999.9,-9999.9 
1954,4,689.0049729729728,-9999.9,850,-9999.9,-9999.9 
1954,5,199.9389405405405,-9999.9,212.85,-9999.9,-9999.9 
1954,6,100.2707027027027,-9999.9,112.1,-9999.9,-9999.9 
1954,7,50.38287567567568,-9999.9,59.6,-9999.9,-9999.9 
1954,8,40.07948108108108,-9999.9,43.99,-9999.9,-9999.9 
1954,9,49.52821621621622,-9999.9,93.66,-9999.9,-9999.9 
1954,10,472.3153297297298,-9999.9,876.96,-9999.9,-9999.9 
1954,11,262.9595675675675,-9999.9,269.61,-9999.9,-9999.9 
1954,12,458.5613837837838,-9999.9,329.21,-9999.9,-9999.9 
1955,1,614.7531243243243,-9999.9,468.28,-9999.9,-9999.9 
1955,2,618.9011027027028,-9999.9,397.33,-9999.9,-9999.9 
1955,3,1219.950875675676,-9999.9,915.27,-9999.9,-9999.9 
1955,4,495.5156756756757,-9999.9,354.76,-9999.9,-9999.9 
1955,5,127.7427891891892,-9999.9,124.87,-9999.9,-9999.9 
1955,6,58.72864864864865,-9999.9,76.63,-9999.9,-9999.9 
1955,7,34.8192,-9999.9,46.83,-9999.9,-9999.9 
1955,8,29.2211027027027,-9999.9,52.5,-9999.9,-9999.9 
1955,9,29.30594594594595,-9999.9,109.27,-9999.9,-9999.9 
1955,10,71.1827027027027,-9999.9,387.39,-9999.9,-9999.9 
1955,11,235.9187027027027,-9999.9,544.91,-9999.9,-9999.9 
1955,12,250.4665945945946,-9999.9,376.04,-9999.9,-9999.9 
1956,1,101.9722378378378,-9999.9,134.81,-9999.9,-9999.9 
1956,2,238.1222918918919,-9999.9,310.77,-9999.9,-9999.9 
1956,3,1436.756497297297,-9999.9,1081.3,-9999.9,-9999.9 
1956,4,773.9571891891893,-9999.9,797.49,-9999.9,-9999.9 
1956,5,1551.324454054054,-9999.9,1332.47,-9999.9,-9999.9 
1956,6,188.7022702702703,-9999.9,222.79,-9999.9,-9999.9 
1956,7,171.2245621621621,-9999.9,100.75,-9999.9,-9999.9 
1956,8,273.1485405405405,-9999.9,259.68,-9999.9,-9999.9 
1956,9,241.3595675675676,-9999.9,102.17,-9999.9,-9999.9 
1956,10,98.59407567567568,-9999.9,68.11,-9999.9,-9999.9 
1956,11,102.2555675675676,-9999.9,185.89,-9999.9,-9999.9 
1956,12,360.4740324324324,-9999.9,444.16,-9999.9,-9999.9 
1957,1,390.7327135135135,-9999.9,407.26,-9999.9,-9999.9 
1957,2,457.8608432432433,-9999.9,391.65,-9999.9,-9999.9 
1957,3,614.8255135135136,-9999.9,590.31,-9999.9,-9999.9 
1957,4,717.3768648648647,-9999.9,539.23,-9999.9,-9999.9 
1957,5,410.3260540540541,-9999.9,414.36,-9999.9,-9999.9 
1957,6,127.078054054054,-9999.9,131.97,-9999.9,-9999.9 
1957,7,239.7047351351351,-9999.9,202.92,-9999.9,-9999.9 
1957,8,50.96198918918919,-9999.9,92.24,-9999.9,-9999.9 
1957,9,110.2650810810811,-9999.9,238.4,-9999.9,-9999.9 
1957,10,150.1593081081081,-9999.9,405.84,-9999.9,-9999.9 
1957,11,400.0086486486487,-9999.9,520.78,-9999.9,-9999.9 
1957,12,910.8731675675675,-9999.9,720.87,-9999.9,-9999.9 
1958,1,200.0354594594594,-9999.9,248.33,-9999.9,-9999.9 
1958,2,166.1401945945946,-9999.9,168.86,-9999.9,-9999.9 
1958,3,543.3532540540541,-9999.9,414.36,-9999.9,-9999.9 
1958,4,238.5574054054054,-9999.9,236.98,-9999.9,-9999.9 
1958,5,82.71671351351351,-9999.9,103.59,-9999.9,-9999.9 
1958,6,94.52627027027026,-9999.9,164.61,-9999.9,-9999.9 
1958,7,77.89076756756756,-9999.9,76.63,-9999.9,-9999.9 
1958,8,36.67718918918919,-9999.9,43.99,-9999.9,-9999.9 
1958,9,70.52108108108108,-9999.9,103.59,-9999.9,-9999.9 
1958,10,48.71792432432432,-9999.9,39.73,-9999.9,-9999.9 
1958,11,101.8118918918919,-9999.9,272.45,-9999.9,-9999.9 
1958,12,85.20207567567569,-9999.9,119.2,-9999.9,-9999.9 
1959,1,162.6585081081081,-9999.9,218.53,-9999.9,-9999.9 
1959,2,314.7575351351351,-9999.9,175.96,-9999.9,-9999.9 
1959,3,1371.027113513514,-9999.9,1260.1,-9999.9,-9999.9 
1959,4,909.978810810811,-9999.9,1176.37,-9999.9,-9999.9 
1959,5,353.1144648648649,-9999.9,359.01,-9999.9,-9999.9 
1959,6,156.7576216216216,-9999.9,151.84,-9999.9,-9999.9 
1959,7,59.91411891891891,-9999.9,78.05,-9999.9,-9999.9 
1959,8,79.4592,-9999.9,66.69,-9999.9,-9999.9 
1959,9,73.20648648648648,-9999.9,52.5,-9999.9,-9999.9 
1959,10,250.6837621621622,-9999.9,517.94,-9999.9,-9999.9 
1959,11,448.4159999999999,-9999.9,478.21,-9999.9,-9999.9 
1959,12,710.6205405405406,-9999.9,622.95,-9999.9,-9999.9 
1960,1,512.6843675675676,-9999.9,347.66,-9999.9,-9999.9 
1960,2,434.3717189189189,-9999.9,455.51,-9999.9,-9999.9 
1960,3,510.8505081081081,-9999.9,339.15,-9999.9,-9999.9 
1960,4,1694.911135135135,-9999.9,1135.22,-9999.9,-9999.9 
1960,5,590.0925405405405,-9999.9,451.25,-9999.9,-9999.9 
1960,6,438.0947027027027,-9999.9,298,-9999.9,-9999.9 
1960,7,76.44298378378379,-9999.9,70.95,-9999.9,-9999.9 
1960,8,56.7289945945946,-9999.9,63.86,-9999.9,-9999.9 
1960,9,41.54205405405405,-9999.9,59.6,-9999.9,-9999.9 
1960,10,51.5411027027027,-9999.9,79.47,-9999.9,-9999.9 
1960,11,68.06918918918919,-9999.9,198.66,-9999.9,-9999.9 
1960,12,51.99956756756757,-9999.9,58.18,-9999.9,-9999.9 
1961,1,37.95606486486486,-9999.9,183.05,-9999.9,-9999.9 
1961,2,302.4871783783784,-9999.9,435.64,-9999.9,-9999.9 
1961,3,396.6444972972973,-9999.9,621.53,-9999.9,-9999.9 
1961,4,553.1234594594595,-9999.9,610.18,-9999.9,-9999.9 
1961,5,321.6975567567567,-9999.9,364.69,-9999.9,-9999.9 
1961,6,116.0095135135135,-9999.9,166.03,-9999.9,-9999.9 
1961,7,81.19654054054052,-9999.9,76.63,-9999.9,-9999.9 
1961,8,145.8400864864865,-9999.9,137.65,-9999.9,-9999.9 
1961,9,88.68843243243242,-9999.9,90.82,-9999.9,-9999.9 
1961,10,55.66728648648649,-9999.9,69.53,-9999.9,-9999.9 
1961,11,161.9416216216216,-9999.9,385.98,-9999.9,-9999.9 
1961,12,193.8582486486486,-9999.9,286.64,-9999.9,-9999.9 
1962,1,134.5232432432433,-9999.9,114.94,-9999.9,-9999.9 
1962,2,132.4893405405406,-9999.9,235.56,-9999.9,-9999.9 
1962,3,1242.80172972973,-9999.9,902.5,-9999.9,-9999.9 
1962,4,344.0821621621621,-9999.9,259.68,-9999.9,-9999.9 
1962,5,148.3254486486487,-9999.9,141.9,-9999.9,-9999.9 
1962,6,133.9433513513513,-9999.9,259.68,-9999.9,-9999.9 
1962,7,39.45210810810811,-9999.9,70.95,-9999.9,-9999.9 
1962,8,49.29703783783784,-9999.9,131.97,-9999.9,-9999.9 
1962,9,41.12172972972972,-9999.9,80.88,-9999.9,-9999.9 
1962,10,75.6467027027027,-9999.9,221.37,-9999.9,-9999.9 
1962,11,258.0324324324324,-9999.9,482.47,-9999.9,-9999.9 
1962,12,214.6098162162162,-9999.9,346.24,-9999.9,-9999.9 
1963,1,79.50745945945945,-9999.9,110.68,-9999.9,-9999.9 
1963,2,50.08397837837838,-9999.9,103.59,-9999.9,-9999.9 
1963,3,998.777772972973,-9999.9,750.66,-9999.9,-9999.9 
1963,4,353.0957837837838,-9999.9,415.77,-9999.9,-9999.9 
1963,5,285.4547027027027,-9999.9,323.54,-9999.9,-9999.9 
1963,6,86.02637837837838,-9999.9,78.05,-9999.9,-9999.9 
1963,7,41.88921081081081,-9999.9,55.34,-9999.9,-9999.9 
1963,8,34.62616216216216,-9999.9,41.15,-9999.9,-9999.9 
1963,9,31.64108108108108,-9999.9,45.41,-9999.9,-9999.9 
1963,10,31.22387027027027,-9999.9,4.26,-9999.9,-9999.9 
1963,11,42.26594594594594,-9999.9,168.86,-9999.9,-9999.9 
1963,12,37.66650810810811,-9999.9,89.4,-9999.9,-9999.9 
1964,1,127.935827027027,-9999.9,586.06,-9999.9,-9999.9 
1964,2,135.8667243243243,-9999.9,280.97,-9999.9,-9999.9 
1964,3,413.9455135135135,-9999.9,583.22,-9999.9,-9999.9 
1964,4,416.0977297297297,-9999.9,638.56,-9999.9,-9999.9 
1964,5,224.9132108108108,-9999.9,279.55,-9999.9,-9999.9 
1964,6,54.17513513513514,-9999.9,134.81,-9999.9,-9999.9 
1964,7,47.94577297297297,-9999.9,70.95,-9999.9,-9999.9 
1964,8,150.0869189189189,-9999.9,387.39,-9999.9,-9999.9 
1964,9,78.25037837837837,-9999.9,83.72,-9999.9,-9999.9 
1964,10,39.25907027027027,-9999.9,55.34,-9999.9,-9999.9 
1964,11,38.48302702702703,-9999.9,85.14,-9999.9,-9999.9 
1964,12,209.4219243243244,-9999.9,630.05,-9999.9,-9999.9 
1965,1,329.3708108108108,-9999.9,492.4,-9999.9,-9999.9 
1965,2,840.6175135135135,-9999.9,1000.41,-9999.9,-9999.9 
1965,3,962.0281945945945,-9999.9,942.23,-9999.9,-9999.9 
1965,4,1035.328864864865,-9999.9,814.52,-9999.9,-9999.9 
1965,5,167.0018594594594,-9999.9,178.8,-9999.9,-9999.9 
1965,6,56.0665945945946,-9999.9,117.78,-9999.9,-9999.9 
1965,7,38.48691891891892,-9999.9,63.86,-9999.9,-9999.9 
1965,8,41.18944864864865,-9999.9,82.3,-9999.9,-9999.9 
1965,9,34.93362162162162,-9999.9,52.5,-9999.9,-9999.9 
1965,10,86.11900540540539,-9999.9,401.58,-9999.9,-9999.9 
1965,11,160.166918918919,-9999.9,343.4,-9999.9,-9999.9 
1965,12,604.5462486486487,-9999.9,752.08,-9999.9,-9999.9 
1966,1,235.8439783783784,-9999.9,275.29,-9999.9,-9999.9 
1966,2,424.0138378378379,-9999.9,556.26,-9999.9,-9999.9 
1966,3,726.5944216216217,-9999.9,615.86,-9999.9,-9999.9 
1966,4,426.9327567567568,-9999.9,437.06,-9999.9,-9999.9 
1966,5,252.7589189189189,-9999.9,368.95,-9999.9,-9999.9 
1966,6,184.3589189189189,-9999.9,303.67,-9999.9,-9999.9 
1966,7,41.76856216216216,-9999.9,119.2,-9999.9,-9999.9 
1966,8,52.69932972972973,-9999.9,107.85,-9999.9,-9999.9 
1966,9,45.25491891891892,-9999.9,102.17,-9999.9,-9999.9 
1966,10,56.07749189189189,-9999.9,106.43,-9999.9,-9999.9 
1966,11,209.4616216216216,-9999.9,669.78,-9999.9,-9999.9 
1966,12,888.5290378378379,-9999.9,990.48,-9999.9,-9999.9 
1967,1,392.4459243243243,-9999.9,359.01,-9999.9,-9999.9 
1967,2,239.2828540540541,-9999.9,324.96,-9999.9,-9999.9 
1967,3,977.3747027027027,-9999.9,620.11,-9999.9,-9999.9 
1967,4,1131.746594594595,-9999.9,659.85,-9999.9,-9999.9 
1967,5,274.6928432432433,-9999.9,263.94,-9999.9,-9999.9 
1967,6,390.0376216216216,-9999.9,315.02,-9999.9,-9999.9 
1967,7,223.1276108108108,-9999.9,177.38,-9999.9,-9999.9 
1967,8,123.6648648648649,-9999.9,85.14,-9999.9,-9999.9 
1967,9,71.47848648648649,-9999.9,181.64,-9999.9,-9999.9 
1967,10,384.3383351351351,-9999.9,648.49,-9999.9,-9999.9 
1967,11,643.1662702702703,-9999.9,530.72,-9999.9,-9999.9 
1967,12,899.3150270270269,-9999.9,848.58,-9999.9,-9999.9 
1968,1,348.6504648648649,-9999.9,370.37,-9999.9,-9999.9 
1968,2,1279.30067027027,-9999.9,962.1,-9999.9,-9999.9 
1968,3,929.0911135135135,-9999.9,828.71,-9999.9,-9999.9 
1968,4,362.3429189189189,-9999.9,317.86,-9999.9,-9999.9 
1968,5,246.8471351351351,-9999.9,346.24,-9999.9,-9999.9 
1968,6,363.3703783783784,-9999.9,570.45,-9999.9,-9999.9 
1968,7,184.7372108108108,-9999.9,319.28,-9999.9,-9999.9 
1968,8,98.35277837837837,-9999.9,89.4,-9999.9,-9999.9 
1968,9,100.7844324324324,-9999.9,105.01,-9999.9,-9999.9 
1968,10,139.1561513513514,-9999.9,126.29,-9999.9,-9999.9 
1968,11,214.6456216216216,-9999.9,391.65,-9999.9,-9999.9 
1968,12,478.9992648648648,-9999.9,651.33,-9999.9,-9999.9 
1969,1,570.6198486486486,-9999.9,743.57,-9999.9,-9999.9 
1969,2,622.4754162162162,-9999.9,523.62,-9999.9,-9999.9 
1969,3,533.4841945945946,-9999.9,461.18,-9999.9,-9999.9 
1969,4,857.2281081081081,-9999.9,720.87,-9999.9,-9999.9 
1969,5,616.6352432432433,-9999.9,601.67,-9999.9,-9999.9 
1969,6,240.0518918918919,-9999.9,212.85,-9999.9,-9999.9 
1969,7,143.378854054054,-9999.9,198.66,-9999.9,-9999.9 
1969,8,67.61150270270271,-9999.9,66.69,-9999.9,-9999.9 
1969,9,45.55848648648649,-9999.9,36.89,-9999.9,-9999.9 
1969,10,61.16886486486487,-9999.9,153.25,-9999.9,-9999.9 
1969,11,170.2780540540541,-9999.9,620.11,-9999.9,-9999.9 
1969,12,226.1920864864865,-9999.9,405.84,-9999.9,-9999.9 
1970,1,99.87295135135135,-9999.9,133.39,-9999.9,-9999.9 
1970,2,194.0372756756757,-9999.9,363.27,-9999.9,-9999.9 
1970,3,540.5542054054054,-9999.9,771.95,-9999.9,-9999.9 
1970,4,804.1037837837838,-9999.9,733.64,-9999.9,-9999.9 
1970,5,257.0298810810811,-9999.9,296.58,-9999.9,-9999.9 
1970,6,114.5383783783784,-9999.9,102.17,-9999.9,-9999.9 
1970,7,101.9963675675676,-9999.9,126.29,-9999.9,-9999.9 
1970,8,52.4339027027027,-9999.9,48.25,-9999.9,-9999.9 
1970,9,59.19567567567567,-9999.9,129.13,-9999.9,-9999.9 
1970,10,87.15658378378379,-9999.9,192.99,-9999.9,-9999.9 
1970,11,231.3418378378378,-9999.9,448.41,-9999.9,-9999.9 
1970,12,425.503654054054,-9999.9,441.32,-9999.9,-9999.9 
1971,1,185.6782702702703,-9999.9,191.57,-9999.9,-9999.9 
1971,2,562.2569513513514,-9999.9,610.18,-9999.9,-9999.9 
1971,3,1131.443027027027,-9999.9,831.55,-9999.9,-9999.9 
1971,4,574.6767567567567,-9999.9,508.01,-9999.9,-9999.9 
1971,5,115.7503135135135,-9999.9,153.25,-9999.9,-9999.9 
1971,6,63.63243243243243,-9999.9,90.82,-9999.9,-9999.9 
1971,7,42.75788108108107,-9999.9,43.99,-9999.9,-9999.9 
1971,8,46.9081945945946,-9999.9,76.63,-9999.9,-9999.9 
1971,9,44.04064864864864,-9999.9,137.65,-9999.9,-9999.9 
1971,10,49.53833513513514,-9999.9,86.56,-9999.9,-9999.9 
1971,11,61.2505945945946,-9999.9,151.84,-9999.9,-9999.9 
1971,12,215.5267459459459,-9999.9,692.48,-9999.9,-9999.9 
1972,1,244.7961081081081,-9999.9,411.52,-9999.9,-9999.9 
1972,2,115.5284756756757,-9999.9,231.3,-9999.9,-9999.9 
1972,3,942.5796324324324,-9999.9,959.26,-9999.9,-9999.9 
1972,4,914.0419459459459,-9999.9,825.87,-9999.9,-9999.9 
1972,5,246.8230054054054,-9999.9,239.82,-9999.9,-9999.9 
1972,6,95.04,-9999.9,194.41,-9999.9,-9999.9 
1972,7,125.9813189189189,-9999.9,99.33,-9999.9,-9999.9 
1972,8,116.8120216216216,-9999.9,106.43,-9999.9,-9999.9 
1972,9,66.71481081081082,-9999.9,62.44,-9999.9,-9999.9 
1972,10,143.378854054054,-9999.9,554.84,-9999.9,-9999.9 
1972,11,443.3487567567568,-9999.9,624.37,-9999.9,-9999.9 
1972,12,632.6332540540541,-9999.9,542.07,-9999.9,-9999.9 
1973,1,917.0262486486487,-9999.9,865.61,-9999.9,-9999.9 
1973,2,309.2217081081081,-9999.9,289.48,-9999.9,-9999.9 
1973,3,1706.406227027027,-9999.9,1130.96,-9999.9,-9999.9 
1973,4,493.8343783783784,-9999.9,420.03,-9999.9,-9999.9 
1973,5,324.6172540540541,-9999.9,236.98,-9999.9,-9999.9 
1973,6,248.8787027027027,-9999.9,140.48,-9999.9,-9999.9 
1973,7,106.4121081081081,-9999.9,82.3,-9999.9,-9999.9 
1973,8,110.9243675675676,-9999.9,75.21,-9999.9,-9999.9 
1973,9,47.16972972972973,-9999.9,85.14,-9999.9,-9999.9 
1973,10,66.23610810810811,-9999.9,161.77,-9999.9,-9999.9 
1973,11,287.1982702702703,-9999.9,800.33,-9999.9,-9999.9 
1973,12,532.9292108108109,-9999.9,516.53,-9999.9,-9999.9 
1974,1,1037.602508108108,-9999.9,899.66,-9999.9,-9999.9 
1974,2,597.9129081081081,-9999.9,764.86,-9999.9,-9999.9 
1974,3,1189.571545945946,-9999.9,1016.02,-9999.9,-9999.9 
1974,4,760.6235675675676,-9999.9,786.14,-9999.9,-9999.9 
1974,5,798.5492756756756,-9999.9,695.32,-9999.9,-9999.9 
1974,6,148.4445405405405,-9999.9,141.9,-9999.9,-9999.9 
1974,7,94.32311351351353,-9999.9,79.47,-9999.9,-9999.9 
1974,8,68.11822702702703,-9999.9,49.67,-9999.9,-9999.9 
1974,9,53.47459459459459,-9999.9,65.28,-9999.9,-9999.9 
1974,10,67.05651891891893,-9999.9,90.82,-9999.9,-9999.9 
1974,11,124.1824864864865,-9999.9,512.27,-9999.9,-9999.9 
1974,12,185.0991567567567,-9999.9,489.56,-9999.9,-9999.9 
1975,1,650.7064216216216,-9999.9,705.26,-9999.9,-9999.9 
1975,2,618.0729081081081,-9999.9,632.89,-9999.9,-9999.9 
1975,3,1007.223178378378,-9999.9,847.16,-9999.9,-9999.9 
1975,4,1030.541837837838,-9999.9,740.73,-9999.9,-9999.9 
1975,5,216.8780108108108,-9999.9,214.27,-9999.9,-9999.9 
1975,6,241.9433513513513,-9999.9,242.65,-9999.9,-9999.9 
1975,7,82.11347027027027,-9999.9,78.05,-9999.9,-9999.9 
1975,8,173.5410162162162,-9999.9,282.39,-9999.9,-9999.9 
1975,9,341.3500540540541,-9999.9,245.49,-9999.9,-9999.9 
1975,10,120.8658162162162,-9999.9,76.63,-9999.9,-9999.9 
1975,11,154.5158918918919,-9999.9,170.28,-9999.9,-9999.9 
1975,12,467.9237189189188,-9999.9,600.25,-9999.9,-9999.9 
1976,1,252.4211027027027,-9999.9,116.36,-9999.9,-9999.9 
1976,2,1436.16025945946,-9999.9,1454.5,-9999.9,-9999.9 
1976,3,1729.932713513513,-9999.9,1509.84,-9999.9,-9999.9 
1976,4,565.6397837837837,-9999.9,597.41,-9999.9,-9999.9 
1976,5,570.6198486486486,-9999.9,648.49,-9999.9,-9999.9 
1976,6,127.4516756756757,-9999.9,190.15,-9999.9,-9999.9 
1976,7,342.2560864864865,-9999.9,266.78,-9999.9,-9999.9 
1976,8,198.2739891891892,-9999.9,126.29,-9999.9,-9999.9 
1976,9,100.620972972973,-9999.9,219.95,-9999.9,-9999.9 
1976,10,129.190572972973,-9999.9,317.86,-9999.9,-9999.9 
1976,11,181.2531891891892,-9999.9,266.78,-9999.9,-9999.9 
1976,12,125.0643891891892,-9999.9,207.18,-9999.9,-9999.9 
1977,1,69.83143783783784,-9999.9,63.86,-9999.9,-9999.9 
1977,2,142.8199783783784,-9999.9,364.69,-9999.9,-9999.9 
1977,3,1665.554594594595,-9999.9,1400.58,-9999.9,-9999.9 
1977,4,650.2650810810811,-9999.9,685.39,-9999.9,-9999.9 
1977,5,145.3816216216216,-9999.9,208.6,-9999.9,-9999.9 
1977,6,70.26421621621621,-9999.9,122.04,-9999.9,-9999.9 
1977,7,86.1913945945946,-9999.9,66.69,-9999.9,-9999.9 
1977,8,63.00272432432433,-9999.9,49.67,-9999.9,-9999.9 
1977,9,288.1089729729729,-9999.9,442.74,-9999.9,-9999.9 
1977,10,367.2786162162162,-9999.9,391.65,-9999.9,-9999.9 
1977,11,367.9939459459459,-9999.9,350.5,-9999.9,-9999.9 
1977,12,1060.067286486486,-9999.9,972.03,-9999.9,-9999.9 
1978,1,176.8709189189189,-9999.9,224.21,-9999.9,-9999.9 
1978,2,141.6212756756757,-9999.9,97.91,-9999.9,-9999.9 
1978,3,1118.509491891892,-9999.9,712.35,-9999.9,-9999.9 
1978,4,1388.144432432433,-9999.9,1559.51,-9999.9,-9999.9 
1978,5,304.2758918918919,-9999.9,329.21,-9999.9,-9999.9 
1978,6,110.9422702702703,-9999.9,139.06,-9999.9,-9999.9 
1978,7,56.7289945945946,-9999.9,72.37,-9999.9,-9999.9 
1978,8,49.63485405405405,-9999.9,43.99,-9999.9,-9999.9 
1978,9,98.12237837837839,-9999.9,168.86,-9999.9,-9999.9 
1978,10,113.9647135135135,-9999.9,185.89,-9999.9,-9999.9 
1978,11,111.5961081081081,-9999.9,289.48,-9999.9,-9999.9 
1978,12,190.8661621621622,-9999.9,432.8,-9999.9,-9999.9 
1979,1,266.9230702702703,-9999.9,350.5,-9999.9,-9999.9 
1979,2,106.7063351351351,-9999.9,140.48,-9999.9,-9999.9 
1979,3,1138.392389189189,-9999.9,1152.25,-9999.9,-9999.9 
1979,4,1383.684324324324,-9999.9,1098.33,-9999.9,-9999.9 
1979,5,306.5682162162162,-9999.9,473.95,-9999.9,-9999.9 
1979,6,121.8006486486486,-9999.9,188.73,-9999.9,-9999.9 
1979,7,112.7099675675676,-9999.9,192.99,-9999.9,-9999.9 
1979,8,77.26339459459462,-9999.9,59.6,-9999.9,-9999.9 
1979,9,55.27264864864865,-9999.9,146.16,-9999.9,-9999.9 
1979,10,93.62335135135135,-9999.9,200.08,-9999.9,-9999.9 
1979,11,356.2015135135135,-9999.9,683.97,-9999.9,-9999.9 
1979,12,711.8994162162161,-9999.9,872.7,-9999.9,-9999.9 
1980,1,349.8810810810811,-9999.9,456.93,-9999.9,-9999.9 
1980,2,115.280172972973,-9999.9,256.84,-9999.9,-9999.9 
1980,3,905.6370162162162,-9999.9,798.91,-9999.9,-9999.9 
1980,4,859.2830270270272,-9999.9,710.93,-9999.9,-9999.9 
1980,5,266.3680864864865,-9999.9,374.62,-9999.9,-9999.9 
1980,6,189.4261621621622,-9999.9,222.79,-9999.9,-9999.9 
1980,7,175.9781189189189,-9999.9,157.51,-9999.9,-9999.9 
1980,8,174.6751135135135,-9999.9,107.85,-9999.9,-9999.9 
1980,9,147.744,-9999.9,160.35,-9999.9,-9999.9 
1980,10,147.6015567567568,-9999.9,191.57,-9999.9,-9999.9 
1980,11,100.8544864864865,-9999.9,79.47,-9999.9,-9999.9 
1980,12,259.7806702702703,-9999.9,380.3,-9999.9,-9999.9 
1981,1,80.73807567567567,-9999.9,114.94,-9999.9,-9999.9 
1981,2,1237.235545945946,-9999.9,943.65,-9999.9,-9999.9 
1981,3,417.8786594594595,-9999.9,428.55,-9999.9,-9999.9 
1981,4,534.7926486486487,-9999.9,554.84,-9999.9,-9999.9 
1981,5,380.4534486486486,-9999.9,475.37,-9999.9,-9999.9 
1981,6,142.3031351351351,-9999.9,163.19,-9999.9,-9999.9 
1981,7,88.36307027027027,-9999.9,102.17,-9999.9,-9999.9 
1981,8,97.02564324324324,-9999.9,99.33,-9999.9,-9999.9 
1981,9,512.1885405405405,-9999.9,448.41,-9999.9,-9999.9 
1981,10,918.0396972972973,-9999.9,1014.6,-9999.9,-9999.9 
1981,11,381.8412972972973,-9999.9,344.82,-9999.9,-9999.9 
1981,12,301.9111783783784,-9999.9,219.95,-9999.9,-9999.9 
1982,1,353.6935783783784,-9999.9,219.95,-9999.9,-9999.9 
1982,2,104.7012324324324,-9999.9,114.94,-9999.9,-9999.9 
1982,3,1773.655783783784,-9999.9,1407.67,-9999.9,-9999.9 
1982,4,1204.836324324324,-9999.9,1112.52,-9999.9,-9999.9 
1982,5,164.1545513513514,-9999.9,231.3,-9999.9,-9999.9 
1982,6,264.9444324324324,-9999.9,252.59,-9999.9,-9999.9 
1982,7,111.4552216216216,-9999.9,89.4,-9999.9,-9999.9 
1982,8,90.46235675675676,-9999.9,131.97,-9999.9,-9999.9 
1982,9,127.6851891891892,-9999.9,205.76,-9999.9,-9999.9 
1982,10,137.1292540540541,-9999.9,105.01,-9999.9,-9999.9 
1982,11,595.2259459459459,-9999.9,706.67,-9999.9,-9999.9 
1982,12,1018.564151351351,-9999.9,743.57,-9999.9,-9999.9 
1983,1,298.0021621621622,-9999.9,341.99,-9999.9,-9999.9 
1983,2,442.4520648648648,-9999.9,344.82,-9999.9,-9999.9 
1983,3,359.7018810810811,-9999.9,248.33,-9999.9,-9999.9 
1983,4,647.4629189189188,-9999.9,639.98,-9999.9,-9999.9 
1983,5,798.621664864865,-9999.9,736.47,-9999.9,-9999.9 
1983,6,274.5184864864865,-9999.9,201.5,-9999.9,-9999.9 
1983,7,161.5726702702702,-9999.9,166.03,-9999.9,-9999.9 
1983,8,310.8391783783783,-9999.9,221.37,-9999.9,-9999.9 
1983,9,110.3818378378378,-9999.9,188.73,-9999.9,-9999.9 
1983,10,149.3871567567567,-9999.9,251.17,-9999.9,-9999.9 
1983,11,399.6116756756756,-9999.9,492.4,-9999.9,-9999.9 
1983,12,785.664,-9999.9,759.18,-9999.9,-9999.9 
1984,1,114.8333837837838,-9999.9,139.06,-9999.9,-9999.9 
1984,2,1224.17747027027,-9999.9,1162.18,-9999.9,-9999.9 
1984,3,1040.811762162162,-9999.9,1045.82,-9999.9,-9999.9 
1984,4,524.1677837837838,-9999.9,532.13,-9999.9,-9999.9 
1984,5,319.8395675675675,-9999.9,356.18,-9999.9,-9999.9 
1984,6,470.6931891891891,-9999.9,285.22,-9999.9,-9999.9 
1984,7,179.2115027027027,-9999.9,92.24,-9999.9,-9999.9 
1984,8,100.524454054054,-9999.9,86.56,-9999.9,-9999.9 
1984,9,254.2261621621622,-9999.9,170.28,-9999.9,-9999.9 
1984,10,128.4666810810811,-9999.9,90.82,-9999.9,-9999.9 
1984,11,458.9941621621622,-9999.9,553.42,-9999.9,-9999.9 
1984,12,596.5593081081081,-9999.9,429.96,-9999.9,-9999.9 
1985,1,571.4643891891892,-9999.9,520.78,-9999.9,-9999.9 
1985,2,1106.794897297297,-9999.9,879.8,-9999.9,-9999.9 
1985,3,2041.544043243243,-9999.9,1826.29,-9999.9,-9999.9 
1985,4,1068.534486486486,-9999.9,876.96,-9999.9,-9999.9 
1985,5,140.435027027027,-9999.9,200.08,-9999.9,-9999.9 
1985,6,116.4998918918919,-9999.9,161.77,-9999.9,-9999.9 
1985,7,103.3717621621622,-9999.9,76.63,-9999.9,-9999.9 
1985,8,135.1506162162162,-9999.9,241.23,-9999.9,-9999.9 
1985,9,230.6412972972973,-9999.9,113.52,-9999.9,-9999.9 
1985,10,331.8803027027027,-9999.9,391.65,-9999.9,-9999.9 
1985,11,1021.995243243243,-9999.9,1034.47,-9999.9,-9999.9 
1985,12,487.5170594594595,-9999.9,410.1,-9999.9,-9999.9 
1986,1,482.8600216216217,-9999.9,496.66,-9999.9,-9999.9 
1986,2,355.9493189189189,-9999.9,306.51,-9999.9,-9999.9 
1986,3,1475.315805405405,-9999.9,1079.88,-9999.9,-9999.9 
1986,4,433.6812972972974,-9999.9,437.06,-9999.9,-9999.9 
1986,5,230.704345945946,-9999.9,282.39,-9999.9,-9999.9 
1986,6,318.2555675675676,-9999.9,344.82,-9999.9,-9999.9 
1986,7,147.9635027027027,-9999.9,112.1,-9999.9,-9999.9 
1986,8,104.8919351351351,-9999.9,80.88,-9999.9,-9999.9 
1986,9,625.6294054054054,-9999.9,587.48,-9999.9,-9999.9 
1986,10,944.9202162162162,-9999.9,289.48,-9999.9,-9999.9 
1986,11,283.2752432432433,-9999.9,201.5,-9999.9,-9999.9 
1986,12,654.4224,-9999.9,532.13,-9999.9,-9999.9 
1987,1,347.5404972972973,-9999.9,293.74,-9999.9,-9999.9 
1987,2,145.9801945945946,-9999.9,178.8,-9999.9,-9999.9 
1987,3,780.572627027027,-9999.9,563.35,-9999.9,-9999.9 
1987,4,644.7074594594593,-9999.9,473.95,-9999.9,-9999.9 
1987,5,119.7075891891892,-9999.9,109.27,-9999.9,-9999.9 
1987,6,110.2417297297297,-9999.9,69.53,-9999.9,-9999.9 
1987,7,86.86702702702702,-9999.9,45.41,-9999.9,-9999.9 
1987,8,80.83459459459459,-9999.9,177.38,-9999.9,-9999.9 
1987,9,87.61427027027028,-9999.9,95.07,-9999.9,-9999.9 
1987,10,109.2835459459459,-9999.9,299.41,-9999.9,-9999.9 
1987,11,306.6732972972973,-9999.9,479.63,-9999.9,-9999.9 
1987,12,873.9064216216216,-9999.9,909.6,-9999.9,-9999.9 
1988,1,191.4211459459459,-9999.9,333.47,-9999.9,-9999.9 
1988,2,286.9702054054054,-9999.9,249.75,-9999.9,-9999.9 
1988,3,673.4848864864865,-9999.9,720.87,-9999.9,-9999.9 
1988,4,360.3347027027027,-9999.9,278.13,-9999.9,-9999.9 
1988,5,145.0920648648649,-9999.9,131.97,-9999.9,-9999.9 
1988,6,51.60648648648649,-9999.9,45.41,-9999.9,-9999.9 
1988,7,62.78555675675675,-9999.9,52.5,-9999.9,-9999.9 
1988,8,64.57115675675675,-9999.9,9.93,-9999.9,-9999.9 
1988,9,61.08713513513514,-9999.9,117.78,-9999.9,-9999.9 
1988,10,173.3721081081081,-9999.9,469.7,-9999.9,-9999.9 
1988,11,455.9351351351351,-9999.9,804.59,-9999.9,-9999.9 
1988,12,257.9226810810811,-9999.9,322.12,-9999.9,-9999.9 
1989,1,307.7264432432432,-9999.9,564.77,-9999.9,-9999.9 
1989,2,173.964454054054,-9999.9,214.27,-9999.9,-9999.9 
1989,3,379.3676108108108,-9999.9,356.18,-9999.9,-9999.9 
1989,4,492.2231351351351,-9999.9,404.42,-9999.9,-9999.9 
1989,5,170.6695783783784,-9999.9,180.22,-9999.9,-9999.9 
1989,6,409.3725405405405,-9999.9,154.67,-9999.9,-9999.9 
1989,7,136.0434162162162,-9999.9,112.1,-9999.9,-9999.9 
1989,8,66.38088648648649,-9999.9,49.67,-9999.9,-9999.9 
1989,9,111.5727567567568,-9999.9,87.98,-9999.9,-9999.9 
1989,10,82.64432432432433,-9999.9,280.97,-9999.9,-9999.9 
1989,11,229.9407567567568,-9999.9,540.65,-9999.9,-9999.9 
1989,12,122.4101189189189,-9999.9,147.58,-9999.9,-9999.9 
1990,1,685.4773621621622,-9999.9,867.02,-9999.9,-9999.9 
1990,2,847.8751135135135,-9999.9,595.99,-9999.9,-9999.9 
1990,3,860.3455135135137,-9999.9,736.47,-9999.9,-9999.9 
1990,4,495.936,-9999.9,489.56,-9999.9,-9999.9 
1990,5,382.4320864864865,-9999.9,495.24,-9999.9,-9999.9 
1990,6,158.2054054054054,-9999.9,137.65,-9999.9,-9999.9 
1990,7,139.3733189189189,-9999.9,114.94,-9999.9,-9999.9 
1990,8,154.7922162162162,-9999.9,113.52,-9999.9,-9999.9 
1990,9,275.6627027027027,-9999.9,383.14,-9999.9,-9999.9 
1990,10,566.4212756756757,-9999.9,564.77,-9999.9,-9999.9 
1990,11,578.9267027027028,-9999.9,547.74,-9999.9,-9999.9 
1990,12,874.7992216216217,-9999.9,593.15,-9999.9,-9999.9 
1991,1,604.3532108108108,-9999.9,586.06,-9999.9,-9999.9 
1991,2,527.7779027027027,-9999.9,472.54,-9999.9,-9999.9 
1991,3,920.8387459459459,-9999.9,559.1,-9999.9,-9999.9 
1991,4,683.8676756756757,-9999.9,510.85,-9999.9,-9999.9 
1991,5,346.8648648648648,-9999.9,224.21,-9999.9,-9999.9 
1991,6,166.4484324324324,-9999.9,85.14,-9999.9,-9999.9 
1991,7,83.70603243243242,-9999.9,48.25,-9999.9,-9999.9 
1991,8,78.13206486486487,-9999.9,55.34,-9999.9,-9999.9 
1991,9,48.54745945945945,-9999.9,26.96,-9999.9,-9999.9 
1991,10,85.03316756756757,-9999.9,249.75,-9999.9,-9999.9 
1991,11,136.4419459459459,-9999.9,332.05,-9999.9,-9999.9 
1991,12,294.3103135135135,-9999.9,478.21,-9999.9,-9999.9 
1992,1,330.9151135135135,-9999.9,388.81,-9999.9,-9999.9 
1992,2,638.0476540540542,-9999.9,657.01,-9999.9,-9999.9 
1992,3,798.5734054054053,-9999.9,583.22,-9999.9,-9999.9 
1992,4,801.7219459459459,-9999.9,669.78,-9999.9,-9999.9 
1992,5,248.2949189189189,-9999.9,218.53,-9999.9,-9999.9 
1992,6,133.8032432432432,-9999.9,144.74,-9999.9,-9999.9 
1992,7,371.0911135135135,-9999.9,222.79,-9999.9,-9999.9 
1992,8,325.8237405405405,-9999.9,262.52,-9999.9,-9999.9 
1992,9,731.2008648648649,-9999.9,359.01,-9999.9,-9999.9 
1992,10,439.4988972972972,-9999.9,371.78,-9999.9,-9999.9 
1992,11,1288.924540540541,-9999.9,998.99,-9999.9,-9999.9 
1992,12,464.4731675675676,-9999.9,346.24,-9999.9,-9999.9 
1993,1,1272.819113513513,-9999.9,1001.83,-9999.9,-9999.9 
1993,2,180.4810378378379,-9999.9,279.55,-9999.9,-9999.9 
1993,3,761.0999351351352,-9999.9,556.26,-9999.9,-9999.9 
1993,4,1051.394594594595,-9999.9,722.28,-9999.9,-9999.9 
1993,5,235.3855135135135,-9999.9,205.76,-9999.9,-9999.9 
1993,6,250.3264864864865,-9999.9,185.89,-9999.9,-9999.9 
1993,7,100.7657513513514,-9999.9,51.08,-9999.9,-9999.9 
1993,8,68.62495135135136,-9999.9,38.31,-9999.9,-9999.9 
1993,9,109.8214054054054,-9999.9,184.47,-9999.9,-9999.9 
1993,10,134.8369297297297,-9999.9,211.43,-9999.9,-9999.9 
1993,11,157.7383783783784,-9999.9,221.37,-9999.9,-9999.9 
1993,12,227.9052972972973,-9999.9,251.17,-9999.9,-9999.9 
1994,1,230.6560864864865,-9999.9,103.59,-9999.9,-9999.9 
1994,2,533.7060324324324,-9999.9,593.15,-9999.9,-9999.9 
1994,3,972.3074594594594,-9999.9,780.46,-9999.9,-9999.9 
1994,4,568.7922162162162,-9999.9,438.48,-9999.9,-9999.9 
1994,5,357.2165189189189,-9999.9,300.83,-9999.9,-9999.9 
1994,6,327.3158918918919,-9999.9,339.15,-9999.9,-9999.9 
1994,7,277.4677621621622,-9999.9,137.65,-9999.9,-9999.9 
1994,8,120.0695351351351,-9999.9,93.66,-9999.9,-9999.9 
1994,9,65.40713513513514,-9999.9,69.53,-9999.9,-9999.9 
1994,10,88.07351351351352,-9999.9,185.89,-9999.9,-9999.9 
1994,11,161.4512432432432,-9999.9,298,-9999.9,-9999.9 
1994,12,328.2608432432432,-9999.9,424.29,-9999.9,-9999.9 
1995,1,725.3155459459458,-9999.9,668.36,-9999.9,-9999.9 
1995,2,153.1506162162162,-9999.9,229.88,-9999.9,-9999.9 
1995,3,842.1275675675676,-9999.9,659.85,-9999.9,-9999.9 
1995,4,493.3206486486486,-9999.9,482.47,-9999.9,-9999.9 
1995,5,352.8249081081081,-9999.9,388.81,-9999.9,-9999.9 
1995,6,161.2177297297298,-9999.9,136.23,-9999.9,-9999.9 
1995,7,146.4915891891892,-9999.9,46.83,-9999.9,-9999.9 
1995,8,137.2016432432432,-9999.9,46.83,-9999.9,-9999.9 
1995,9,52.37708108108108,-9999.9,22.7,-9999.9,-9999.9 
1995,10,119.5386810810811,-9999.9,448.41,-9999.9,-9999.9 
1995,11,544.9271351351351,-9999.9,793.24,-9999.9,-9999.9 
1995,12,294.0207567567568,-9999.9,275.29,-9999.9,-9999.9 
1996,1,544.6562594594594,-9999.9,617.28,-9999.9,-9999.9 
1996,2,678.3855567567566,-9999.9,515.11,-9999.9,-9999.9 
1996,3,488.3374702702703,-9999.9,459.76,-9999.9,-9999.9 
1996,4,958.0592432432433,-9999.9,726.54,-9999.9,-9999.9 
1996,5,785.6398702702702,-9999.9,598.83,-9999.9,-9999.9 
1996,6,688.9816216216216,-9999.9,374.62,-9999.9,-9999.9 
1996,7,158.8942702702703,-9999.9,106.43,-9999.9,-9999.9 
1996,8,75.93625945945946,-9999.9,45.41,-9999.9,-9999.9 
1996,9,465.299027027027,-9999.9,709.51,-9999.9,-9999.9 
1996,10,467.4652540540541,-9999.9,421.45,-9999.9,-9999.9 
1996,11,453.7868108108109,-9999.9,356.18,-9999.9,-9999.9 
1996,12,859.7664,-9999.9,733.64,-9999.9,-9999.9 
1997,1,708.1593081081082,-9999.9,377.46,-9999.9,-9999.9 
1997,2,1204.696216216216,-9999.9,945.07,-9999.9,-9999.9 
1997,3,1179.36467027027,-9999.9,940.81,-9999.9,-9999.9 
1997,4,406.5937297297298,-9999.9,400.17,-9999.9,-9999.9 
1997,5,663.0125837837837,-9999.9,712.35,-9999.9,-9999.9 
1997,6,307.584,-9999.9,181.64,-9999.9,-9999.9 
1997,7,159.5940324324324,-9999.9,78.05,-9999.9,-9999.9 
1997,8,107.8357621621622,-9999.9,144.74,-9999.9,-9999.9 
1997,9,147.0201081081081,-9999.9,190.15,-9999.9,-9999.9 
1997,10,105.6399567567568,-9999.9,168.86,-9999.9,-9999.9 
1997,11,195.8944864864865,-9999.9,278.13,-9999.9,-9999.9 
1997,12,315.8581621621622,-9999.9,354.76,-9999.9,-9999.9 
1998,1,849.2699675675676,-9999.9,737.89,-9999.9,-9999.9 
1998,2,646.9071567567566,-9999.9,560.52,-9999.9,-9999.9 
1998,3,1037.192302702703,-9999.9,807.43,-9999.9,-9999.9 
1998,4,416.6348108108107,-9999.9,336.31,-9999.9,-9999.9 
1998,5,188.9357837837838,-9999.9,144.74,-9999.9,-9999.9 
1998,6,71.15156756756755,-9999.9,53.92,-9999.9,-9999.9 
1998,7,128.3219027027027,-9999.9,90.82,-9999.9,-9999.9 
1998,8,87.47027027027028,-9999.9,63.86,-9999.9,-9999.9 
1998,9,46.5625945945946,-9999.9,35.48,-9999.9,-9999.9 
1998,10,57.42875675675676,-9999.9,41.15,-9999.9,-9999.9 
1998,11,62.55827027027027,-9999.9,141.9,-9999.9,-9999.9 
1998,12,81.12415135135136,-9999.9,227.04,-9999.9,-9999.9 
1999,1,485.2488648648649,-9999.9,651.33,-9999.9,-9999.9 
1999,2,326.5484108108109,-9999.9,591.73,-9999.9,-9999.9 
1999,3,341.1219891891892,-9999.9,498.08,-9999.9,-9999.9 
1999,4,355.2674594594595,-9999.9,502.34,-9999.9,-9999.9 
1999,5,118.9113081081081,-9999.9,166.03,-9999.9,-9999.9 
1999,6,110.6620540540541,-9999.9,106.43,-9999.9,-9999.9 
1999,7,100.7416216216216,-9999.9,117.78,-9999.9,-9999.9 
1999,8,51.58936216216216,-9999.9,68.11,-9999.9,-9999.9 
1999,9,48.1971891891892,-9999.9,39.73,-9999.9,-9999.9 
1999,10,69.90382702702702,-9999.9,298,-9999.9,-9999.9 
1999,11,115.1688648648649,-9999.9,317.86,-9999.9,-9999.9 
1999,12,309.6809513513513,-9999.9,482.47,-9999.9,-9999.9 
2000,1,174.7957621621622,-9999.9,246.91,-9999.9,-9999.9 
2000,2,376.3140324324324,-9999.9,482.47,-9999.9,-9999.9 
2000,3,274.9341405405406,-9999.9,412.94,-9999.9,-9999.9 
2000,4,529.3284324324325,-9999.9,560.52,-9999.9,-9999.9 
2000,5,483.3426162162162,-9999.9,471.12,-9999.9,-9999.9 
2000,6,524.0043243243243,-9999.9,286.64,-9999.9,-9999.9 
2000,7,462.8806054054054,-9999.9,166.03,-9999.9,-9999.9 
2000,8,346.5029189189189,-9999.9,113.52,-9999.9,-9999.9 
2000,9,317.3682162162162,-9999.9,368.95,-9999.9,-9999.9 
2000,10,189.6596756756757,-9999.9,219.95,-9999.9,-9999.9 
2000,11,209.8585945945946,-9999.9,200.08,-9999.9,-9999.9 
2000,12,318.3676540540541,-9999.9,299.41,-9999.9,-9999.9 
2001,1,246.2921513513513,-9999.9,157.51,-9999.9,-9999.9 
2001,2,1295.863005405406,-9999.9,1099.75,-9999.9,-9999.9 
2001,3,682.2439783783784,-9999.9,868.44,-9999.9,-9999.9 
2001,4,470.9267027027026,-9999.9,405.84,-9999.9,-9999.9 
2001,5,212.0038054054054,-9999.9,228.46,-9999.9,-9999.9 
2001,6,233.0698378378379,-9999.9,187.31,-9999.9,-9999.9 
2001,7,63.05098378378378,-9999.9,52.5,-9999.9,-9999.9 
2001,8,47.70447567567567,-9999.9,69.53,-9999.9,-9999.9 
2001,9,77.36302702702704,-9999.9,306.51,-9999.9,-9999.9 
2001,10,570.6198486486486,-9999.9,947.91,-9999.9,-9999.9 
2001,11,334.5314594594594,-9999.9,275.29,-9999.9,-9999.9 
2001,12,679.0347243243244,-9999.9,598.83,-9999.9,-9999.9 
2002,1,307.8470918918919,-9999.9,303.67,-9999.9,-9999.9 
2002,2,754.1801513513515,-9999.9,627.21,-9999.9,-9999.9 
2002,3,599.6237837837838,-9999.9,533.55,-9999.9,-9999.9 
2002,4,728.9591351351352,-9999.9,688.23,-9999.9,-9999.9 
2002,5,386.5582702702703,-9999.9,405.84,-9999.9,-9999.9 
2002,6,213.5714594594594,-9999.9,146.16,-9999.9,-9999.9 
2002,7,91.40341621621621,-9999.9,49.67,-9999.9,-9999.9 
2002,8,71.59290810810812,-9999.9,43.99,-9999.9,-9999.9 
2002,9,51.20951351351351,-9999.9,18.45,-9999.9,-9999.9 
2002,10,53.23018378378379,-9999.9,73.79,-9999.9,-9999.9 
2002,11,106.7623783783784,-9999.9,336.31,-9999.9,-9999.9 
2002,12,123.9302918918919,-9999.9,364.69,-9999.9,-9999.9 
2003,1,92.22382702702703,-9999.9,255.42,-9999.9,-9999.9 
2003,2,82.16562162162164,-9999.9,271.03,-9999.9,-9999.9 
2003,3,665.329037837838,-9999.9,698.16,-9999.9,-9999.9 
2003,4,524.7048648648648,-9999.9,598.83,-9999.9,-9999.9 
2003,5,460.7571891891892,-9999.9,594.57,-9999.9,-9999.9 
2003,6,219.0123243243243,-9999.9,207.18,-9999.9,-9999.9 
2003,7,74.70564324324324,-9999.9,86.56,-9999.9,-9999.9 
2003,8,71.49638918918919,-9999.9,43.99,-9999.9,-9999.9 
2003,9,68.88648648648649,-9999.9,259.68,-9999.9,-9999.9 
2003,10,128.1288648648649,-9999.9,364.69,-9999.9,-9999.9 
2003,11,544.8337297297297,-9999.9,574.71,-9999.9,-9999.9 
2003,12,631.3302486486485,-9999.9,615.86,-9999.9,-9999.9 
2004,1,368.2920648648649,-9999.9,376.04,-9999.9,-9999.9 
2004,2,280.4917621621622,-9999.9,280.97,-9999.9,-9999.9 
2004,3,1257.906940540541,-9999.9,1126.71,-9999.9,-9999.9 
2004,4,368.1807567567567,-9999.9,360.43,-9999.9,-9999.9 
2004,5,1117.037578378378,-9999.9,800.33,-9999.9,-9999.9 
2004,6,331.6592432432432,-9999.9,183.05,-9999.9,-9999.9 
2004,7,162.2000432432432,-9999.9,102.17,-9999.9,-9999.9 
2004,8,134.0165189189189,-9999.9,80.88,-9999.9,-9999.9 
2004,9,67.04172972972972,-9999.9,42.57,-9999.9,-9999.9 
2004,10,70.74836756756757,-9999.9,187.31,-9999.9,-9999.9 
2004,11,164.627027027027,-9999.9,353.34,-9999.9,-9999.9 
2004,12,447.3651891891893,-9999.9,621.53,-9999.9,-9999.9 
2005,1,1015.258378378378,-9999.9,966.36,-9999.9,-9999.9 
2005,2,820.8498162162163,-9999.9,854.25,-9999.9,-9999.9 
2005,3,691.8717405405406,-9999.9,583.22,-9999.9,-9999.9 
2005,4,716.3961081081083,-9999.9,570.45,-9999.9,-9999.9 
2005,5,242.0935783783784,-9999.9,323.54,-9999.9,-9999.9 
2005,6,116.4531891891892,-9999.9,76.63,-9999.9,-9999.9 
2005,7,111.3828324324324,-9999.9,53.92,-9999.9,-9999.9 
2005,8,64.0403027027027,-9999.9,43.99,-9999.9,-9999.9 
2005,9,69.54032432432433,-9999.9,160.35,-9999.9,-9999.9 
2005,10,68.91450810810811,-9999.9,86.56,-9999.9,-9999.9 
2005,11,181.7435675675676,-9999.9,509.43,-9999.9,-9999.9 
2005,12,391.1187891891892,-9999.9,552,-9999.9,-9999.9 
2006,1,847.0500324324324,-9999.9,972.03,-9999.9,-9999.9 
2006,2,829.9163675675677,-9999.9,791.82,-9999.9,-9999.9 
2006,3,1081.132540540541,-9999.9,855.67,-9999.9,-9999.9 
2006,4,413.9727567567567,-9999.9,405.84,-9999.9,-9999.9 
2006,5,290.5702054054054,-9999.9,324.96,-9999.9,-9999.9 
2006,6,165.817945945946,-9999.9,130.55,-9999.9,-9999.9 
2006,7,167.2672864864865,-9999.9,109.27,-9999.9,-9999.9 
2006,8,169.0528864864865,-9999.9,82.3,-9999.9,-9999.9 
2006,9,168.7835675675676,-9999.9,150.42,-9999.9,-9999.9 
2006,10,931.7695135135135,-9999.9,648.49,-9999.9,-9999.9 
2006,11,555.5286486486486,-9999.9,427.13,-9999.9,-9999.9 
2006,12,984.2758054054054,-9999.9,800.33,-9999.9,-9999.9 
2007,1,882.7861621621622,-9999.9,590.31,-9999.9,-9999.9 
2007,2,134.9085405405405,-9999.9,120.62,-9999.9,-9999.9 
2007,3,1095.996454054054,-9999.9,906.76,-9999.9,-9999.9 
2007,4,402.6707027027027,-9999.9,363.27,-9999.9,-9999.9 
2007,5,313.8071351351351,-9999.9,276.71,-9999.9,-9999.9 
2007,6,103.68,-9999.9,70.95,-9999.9,-9999.9 
2007,7,49.24877837837838,-9999.9,53.92,-9999.9,-9999.9 
2007,8,86.48095135135137,-9999.9,154.67,-9999.9,-9999.9 
2007,9,52.93751351351352,-9999.9,62.44,-9999.9,-9999.9 
2007,10,58.9248,-9999.9,70.95,-9999.9,-9999.9 
2007,11,78.76410810810809,-9999.9,283.81,-9999.9,-9999.9 
2007,12,385.8102486486486,-9999.9,632.89,-9999.9,-9999.9 
2008,1,811.1449945945947,-9999.9,974.87,-9999.9,-9999.9 
2008,2,850.0304432432432,-9999.9,716.61,-9999.9,-9999.9 
2008,3,1022.666205405405,-9999.9,936.56,-9999.9,-9999.9 
2008,4,877.6605405405405,-9999.9,855.67,-9999.9,-9999.9 
2008,5,167.9670486486486,-9999.9,258.26,-9999.9,-9999.9 
2008,6,250.5132972972973,-9999.9,113.52,-9999.9,-9999.9 
2008,7,194.726918918919,-9999.9,82.3,-9999.9,-9999.9 
2008,8,108.9216,-9999.9,56.76,-9999.9,-9999.9 
2008,9,321.4547027027027,-9999.9,465.44,-9999.9,-9999.9 
2008,10,159.2562162162162,-9999.9,127.71,-9999.9,-9999.9 
2008,11,666.9846486486487,-9999.9,604.51,-9999.9,-9999.9 
2008,12,1422.809513513513,-9999.9,942.23,-9999.9,-9999.9 
2009,1,472.1222918918919,-9999.9,403,-9999.9,-9999.9 
2009,2,1377.309405405406,-9999.9,1260.1,-9999.9,-9999.9 
2009,3,1257.931070270271,-9999.9,1101.16,-9999.9,-9999.9 
2009,4,849.5688648648648,-9999.9,815.94,-9999.9,-9999.9 
2009,5,569.0996756756757,-9999.9,464.02,-9999.9,-9999.9 
2009,6,380.5102702702703,-9999.9,290.9,-9999.9,-9999.9 
2009,7,160.9935567567568,-9999.9,92.24,-9999.9,-9999.9 
2009,8,201.8934486486486,-9999.9,195.83,-9999.9,-9999.9 
2009,9,92.16778378378378,-9999.9,97.91,-9999.9,-9999.9 
2009,10,157.8566918918919,-9999.9,279.55,-9999.9,-9999.9 
2009,11,130.7442162162162,-9999.9,80.88,-9999.9,-9999.9 
2009,12,291.8732108108108,-9999.9,459.76,-9999.9,-9999.9 
2010,1,260.2632648648649,-9999.9,349.08,-9999.9,-9999.9 
2010,2,129.3073297297297,-9999.9,167.45,-9999.9,-9999.9 
2010,3,705.2396108108107,-9999.9,888.31,-9999.9,-9999.9 
2010,4,417.7089729729729,-9999.9,424.29,-9999.9,-9999.9 
2010,5,461.6258594594594,-9999.9,544.91,-9999.9,-9999.9 
2010,6,293.1061621621621,-9999.9,204.34,-9999.9,-9999.9 
2010,7,132.1826594594595,-9999.9,73.79,-9999.9,-9999.9 
2010,8,69.9520864864865,-9999.9,49.67,-9999.9,-9999.9 
2010,9,66.80821621621621,-9999.9,181.64,-9999.9,-9999.9 
2010,10,117.4152648648649,-9999.9,366.11,-9999.9,-9999.9 
2010,11,172.729945945946,-9999.9,307.93,-9999.9,-9999.9 
2010,12,260.5528216216216,-9999.9,317.86,-9999.9,-9999.9 
2011,1,467.561772972973,-9999.9,472.54,-9999.9,-9999.9 
2011,2,565.5479351351352,-9999.9,578.96,-9999.9,-9999.9 
2011,3,1798.002681081081,-9999.9,1498.49,-9999.9,-9999.9 
2011,4,953.529081081081,-9999.9,838.64,-9999.9,-9999.9 
2011,5,1094.355632432432,-9999.9,926.62,-9999.9,-9999.9 
2011,6,381.7945945945946,-9999.9,299.41,-9999.9,-9999.9 
2011,7,142.7514810810811,-9999.9,158.93,-9999.9,-9999.9 
2011,8,143.5477621621622,-9999.9,80.88,-9999.9,-9999.9 
2011,9,178.4977297297297,-9999.9,194.41,-9999.9,-9999.9 
2011,10,497.8928432432432,-9999.9,658.43,-9999.9,-9999.9 
2011,11,495.142054054054,-9999.9,465.44,-9999.9,-9999.9 
2011,12,1208.103178378378,-9999.9,1138.06,-9999.9,-9999.9 
2012,1,733.9057297297297,631.47,621.53,-9999.9,-9999.9 
2012,2,453.468454054054,459.76,476.79,-9999.9,-9999.9 
2012,3,531.5055567567567,464.02,465.44,-9999.9,-9999.9 
2012,4,139.0105945945946,249.75,252.59,-9999.9,-9999.9 
2012,5,173.8788324324324,204.34,205.76,-9999.9,-9999.9 
2012,6,113.7911351351351,139.06,143.32,-9999.9,-9999.9 
2012,7,82.76497297297297,114.94,123.46,-9999.9,-9999.9 
2012,8,74.97107027027027,158.93,175.96,-9999.9,-9999.9 
2012,9,63.72583783783784,106.43,109.27,-9999.9,-9999.9 
2012,10,97.19455135135135,289.48,290.9,-9999.9,-9999.9 
2012,11,151.2467027027027,341.99,344.82,-9999.9,-9999.9 
2012,12,236.6885189189189,303.67,317.86,-9999.9,-9999.9 
2013,1,673.8950918918918,652.75,654.17,-9999.9,-9999.9 
2013,2,536.1252324324324,561.93,529.3,-9999.9,-9999.9 
2013,3,817.2015567567568,869.86,942.23,-9999.9,-9999.9 
2013,4,1379.154162162162,922.37,930.88,-9999.9,-9999.9 
2013,5,308.6192432432433,431.38,424.29,-9999.9,-9999.9 
2013,6,392.4661621621621,320.7,299.41,-9999.9,-9999.9 
2013,7,296.6508972972973,183.05,168.86,-9999.9,-9999.9 
2013,8,102.5030918918919,126.29,127.71,-9999.9,-9999.9 
2013,9,264.8276756756757,265.36,275.29,-9999.9,-9999.9 
2013,10,403.6903783783784,192.99,202.92,-9999.9,-9999.9 
2013,11,489.6311351351351,334.89,330.63,-9999.9,-9999.9 
2013,12,459.5507027027027,560.52,495.24,-9999.9,-9999.9 
2014,1,599.6237837837838,600.25,630.05,-9999.9,-9999.9 
2014,2,256.5223783783784,256.84,256.84,-9999.9,-9999.9 
2014,3,636.5422702702703,637.14,637.14,-9999.9,-9999.9 
2014,4,1353.911351351351,1355.17,1377.87,-9999.9,-9999.9 
2014,5,445.1935135135135,445.57,446.99,-9999.9,-9999.9 
2014,6,209.9286486486486,210.02,211.43,-9999.9,-9999.9 
2014,7,182.9033513513513,183.05,183.05,-9999.9,-9999.9 
2014,8,163.116972972973,163.19,163.19,-9999.9,-9999.9 
2014,9,283.4854054054054,283.81,283.81,-9999.9,-9999.9 
2014,10,127.6462702702703,127.71,127.71,-9999.9,-9999.9 
2014,11,474.9664864864865,475.37,475.37,-9999.9,-9999.9 
2014,12,775.5295135135135,776.21,776.21,-9999.9,-9999.9 
2015,1,353.0179459459459,353.34,353.34,-9999.9,-9999.9 
2015,2,93.49881081081081,93.66,93.66,-9999.9,-9999.9 
2015,3,687.6972972972973,688.23,1018.86,-9999.9,-9999.9 
2015,4,969.7816216216216,970.61,915.27,-9999.9,-9999.9 
2015,5,257.9468108108108,258.26,157.51,-9999.9,-9999.9 
2015,6,443.6756756756757,444.16,76.63,-9999.9,-9999.9 
2015,7,140.435027027027,140.48,43.99,-9999.9,-9999.9 
2015,8,110.5141621621622,110.68,36.89,-9999.9,-9999.9 
2015,9,99.24324324324324,99.33,26.96,-9999.9,-9999.9 
2015,10,371.3565405405406,371.78,43.99,-9999.9,-9999.9 
2015,11,331.8227027027027,332.05,224.21,-9999.9,-9999.9 
2015,12,625.2012972972973,625.79,168.86,-9999.9,-9999.9 
2016,1,506.2417297297297,506.59,441.32,-9999.9,-9999.9 
2016,2,592.5405405405405,593.15,929.46,-9999.9,-9999.9 
2016,3,1497.24972972973,1498.49,1518.36,-9999.9,-9999.9 
2016,4,-9999.9,1068.53,1162.18,-9999.9,-9999.9 
2016,5,-9999.9,303.67,312.19,-9999.9,-9999.9 
2016,6,-9999.9,288.06,288.06,-9999.9,-9999.9 
2016,7,-9999.9,80.88,83.72,-9999.9,-9999.9 
2016,8,-9999.9,173.12,173.12,-9999.9,-9999.9 
2016,9,-9999.9,102.17,102.17,-9999.9,-9999.9 
2016,10,-9999.9,245.49,245.49,-9999.9,-9999.9 
2016,11,-9999.9,251.17,251.17,-9999.9,-9999.9 
2016,12,-9999.9,553.42,-9999.9,-9999.9,-9999.9 
2017,1,-9999.9,939.4,-9999.9,-9999.9,-9999.9 
2017,2,-9999.9,688.23,-9999.9,-9999.9,-9999.9 
2017,3,-9999.9,1133.8,-9999.9,-9999.9,-9999.9 
2017,4,-9999.9,1376.46,-9999.9,-9999.9,-9999.9 
2017,5,-9999.9,824.45,-9999.9,-9999.9,-9999.9 
2017,6,-9999.9,156.09,-9999.9,-9999.9,-9999.9 
2017,7,-9999.9,93.66,-9999.9,-9999.9,-9999.9 
2017,8,-9999.9,89.4,-9999.9,-9999.9,-9999.9 
2017,9,-9999.9,59.6,-9999.9,114.788915,-9999.9 
2017,10,-9999.9,-9999.9,-9999.9,-9999.9,-9999.9 
2017,11,-9999.9,-9999.9,-9999.9,-9999.9,-9999.9 
2017,12,-9999.9,-9999.9,-9999.9,-9999.9,-9999.9 
2018,1,-9999.9,-9999.9,-9999.9,-9999.9,-9999.9 
2018,2,-9999.9,-9999.9,-9999.9,-9999.9,-9999.9 
2018,3,-9999.9,-9999.9,-9999.9,-9999.9,-9999.9 
2018,4,-9999.9,-9999.9,-9999.9,-9999.9,-9999.9 
2018,5,-9999.9,-9999.9,-9999.9,-9999.9,-9999.9 
2018,6,-9999.9,-9999.9,-9999.9,-9999.9,-9999.9 
2018,7,-9999.9,-9999.9,-9999.9,-9999.9,-9999.9 
2018,8,-9999.9,-9999.9,-9999.9,-9999.9,-9999.9 
2018,9,-9999.9,-9999.9,-9999.9,-9999.9,-9999.9 
2018,10,-9999.9,-9999.9,-9999.9,-9999.9,-9999.9 
2018,11,-9999.9,-9999.9,-9999.9,-9999.9,-9999.9 
2018,12,-9999.9,-9999.9,-9999.9,-9999.9,-9999.9 
2019,1,-9999.9,-9999.9,-9999.9,-9999.9,-9999.9 
2019,2,-9999.9,-9999.9,-9999.9,-9999.9,-9999.9 
2019,3,-9999.9,-9999.9,-9999.9,-9999.9,-9999.9 
2019,4,-9999.9,-9999.9,-9999.9,-9999.9,-9999.9 
2019,5,-9999.9,-9999.9,-9999.9,-9999.9,-9999.9 
2019,6,-9999.9,-9999.9,-9999.9,-9999.9,-9999.9 
2019,7,-9999.9,-9999.9,-9999.9,-9999.9,-9999.9 
2019,8,-9999.9,-9999.9,-9999.9,-9999.9,-9999.9 
2019,9,-9999.9,-9999.9,-9999.9,-9999.9,-9999.9 
2019,10,-9999.9,-9999.9,-9999.9,-9999.9,-9999.9 
2019,11,-9999.9,-9999.9,-9999.9,-9999.9,-9999.9 
2019,12,-9999.9,-9999.9,-9999.9,-9999.9,-9999.9 
2020,1,-9999.9,-9999.9,-9999.9,-9999.9,-9999.9 
2020,2,-9999.9,-9999.9,-9999.9,-9999.9,-9999.9 
2020,3,-9999.9,-9999.9,-9999.9,-9999.9,-9999.9 
2020,4,-9999.9,-9999.9,-9999.9,-9999.9,-9999.9 
2020,5,-9999.9,-9999.9,-9999.9,-9999.9,-9999.9 
2020,6,-9999.9,-9999.9,-9999.9,-9999.9,-9999.9 
2020,7,-9999.9,-9999.9,-9999.9,-9999.9,-9999.9 
2020,8,-9999.9,-9999.9,-9999.9,-9999.9,-9999.9 
2020,9,-9999.9,-9999.9,-9999.9,-9999.9,-9999.9 
2020,10,-9999.9,-9999.9,-9999.9,-9999.9,-9999.9 
2020,11,-9999.9,-9999.9,-9999.9,-9999.9,-9999.9 
2020,12,-9999.9,-9999.9,-9999.9,-9999.9,-9999.9 
2021,1,-9999.9,-9999.9,-9999.9,-9999.9,-9999.9 
2021,2,-9999.9,-9999.9,-9999.9,-9999.9,-9999.9 
2021,3,-9999.9,-9999.9,-9999.9,-9999.9,-9999.9 
2021,4,-9999.9,-9999.9,-9999.9,-9999.9,-9999.9 
2021,5,-9999.9,-9999.9,-9999.9,-9999.9,-9999.9 
2021,6,-9999.9,-9999.9,-9999.9,-9999.9,-9999.9 
2021,7,-9999.9,-9999.9,-9999.9,-9999.9,-9999.9 
2021,8,-9999.9,-9999.9,-9999.9,-9999.9,-9999.9 
2021,9,-9999.9,-9999.9,-9999.9,-9999.9,-9999.9 
2021,10,-9999.9,-9999.9,-9999.9,-9999.9,-9999.9 
2021,11,-9999.9,-9999.9,-9999.9,-9999.9,-9999.9 
2021,12,-9999.9,-9999.9,-9999.9,-9999.9,-9999.9 
2022,1,-9999.9,-9999.9,-9999.9,-9999.9,-9999.9 
2022,2,-9999.9,-9999.9,-9999.9,-9999.9,-9999.9 
2022,3,-9999.9,-9999.9,-9999.9,-9999.9,-9999.9 
2022,4,-9999.9,-9999.9,-9999.9,-9999.9,-9999.9 
2022,5,-9999.9,-9999.9,-9999.9,-9999.9,-9999.9 
2022,6,-9999.9,-9999.9,-9999.9,-9999.9,-9999.9 
2022,7,-9999.9,-9999.9,-9999.9,-9999.9,-9999.9 
2022,8,-9999.9,-9999.9,-9999.9,-9999.9,-9999.9 
2022,9,-9999.9,-9999.9,-9999.9,-9999.9,-9999.9 
2022,10,-9999.9,-9999.9,-9999.9,-9999.9,-9999.9 
2022,11,-9999.9,-9999.9,-9999.9,-9999.9,-9999.9 
2022,12,-9999.9,-9999.9,-9999.9,-9999.9,-9999.9 
2023,1,-9999.9,-9999.9,-9999.9,-9999.9,-9999.9 
2023,2,-9999.9,-9999.9,-9999.9,-9999.9,-9999.9 
2023,3,-9999.9,-9999.9,-9999.9,-9999.9,-9999.9 
2023,4,-9999.9,-9999.9,-9999.9,-9999.9,-9999.9 
2023,5,-9999.9,-9999.9,-9999.9,-9999.9,-9999.9 
2023,6,-9999.9,-9999.9,-9999.9,-9999.9,-9999.9 
2023,7,-9999.9,-9999.9,-9999.9,-9999.9,-9999.9 
2023,8,-9999.9,-9999.9,-9999.9,-9999.9,-9999.9 
2023,9,-9999.9,-9999.9,-9999.9,-9999.9,-9999.9 
2023,10,-9999.9,-9999.9,-9999.9,-9999.9,-9999.9 
2023,11,-9999.9,-9999.9,-9999.9,-9999.9,-9999.9 
2023,12,-9999.9,-9999.9,-9999.9,-9999.9,-9999.9 
2024,1,-9999.9,-9999.9,-9999.9,-9999.9,-9999.9 
2024,2,-9999.9,-9999.9,-9999.9,-9999.9,-9999.9 
2024,3,-9999.9,-9999.9,-9999.9,-9999.9,-9999.9 
2024,4,-9999.9,-9999.9,-9999.9,-9999.9,-9999.9 
2024,5,-9999.9,-9999.9,-9999.9,-9999.9,-9999.9 
2024,6,-9999.9,-9999.9,-9999.9,-9999.9,-9999.9 
2024,7,-9999.9,-9999.9,-9999.9,-9999.9,-9999.9 
2024,8,-9999.9,-9999.9,-9999.9,-9999.9,-9999.9 
2024,9,-9999.9,-9999.9,-9999.9,-9999.9,-9999.9 
2024,10,-9999.9,-9999.9,-9999.9,-9999.9,-9999.9 
2024,11,-9999.9,-9999.9,-9999.9,-9999.9,-9999.9 
2024,12,-9999.9,-9999.9,-9999.9,-9999.9,-9999.9 
2025,1,-9999.9,-9999.9,-9999.9,-9999.9,-9999.9 
2025,2,-9999.9,-9999.9,-9999.9,-9999.9,-9999.9 
2025,3,-9999.9,-9999.9,-9999.9,-9999.9,-9999.9 
2025,4,-9999.9,-9999.9,-9999.9,-9999.9,-9999.9 
2025,5,-9999.9,-9999.9,-9999.9,-9999.9,-9999.9 
2025,6,-9999.9,-9999.9,-9999.9,-9999.9,-9999.9 
2025,7,-9999.9,-9999.9,-9999.9,-9999.9,-9999.9 
2025,8,-9999.9,-9999.9,-9999.9,-9999.9,-9999.9 
2025,9,-9999.9,-9999.9,-9999.9,-9999.9,-9999.9 
2025,10,-9999.9,-9999.9,-9999.9,-9999.9,-9999.9 
2025,11,-9999.9,-9999.9,-9999.9,-9999.9,-9999.9 
2025,12,-9999.9,-9999.9,-9999.9,-9999.9,-9999.9 
2026,1,-9999.9,-9999.9,-9999.9,-9999.9,-9999.9 
2026,2,-9999.9,-9999.9,-9999.9,-9999.9,-9999.9 
2026,3,-9999.9,-9999.9,-9999.9,-9999.9,-9999.9 
2026,4,-9999.9,-9999.9,-9999.9,-9999.9,-9999.9 
2026,5,-9999.9,-9999.9,-9999.9,-9999.9,-9999.9 
2026,6,-9999.9,-9999.9,-9999.9,-9999.9,-9999.9 
2026,7,-9999.9,-9999.9,-9999.9,-9999.9,-9999.9 
2026,8,-9999.9,-9999.9,-9999.9,-9999.9,-9999.9 
2026,9,-9999.9,-9999.9,-9999.9,-9999.9,-9999.9 
2026,10,-9999.9,-9999.9,-9999.9,-9999.9,-9999.9 
2026,11,-9999.9,-9999.9,-9999.9,-9999.9,-9999.9 
2026,12,-9999.9,-9999.9,-9999.9,-9999.9,-9999.9 
2027,1,-9999.9,-9999.9,-9999.9,-9999.9,-9999.9 
2027,2,-9999.9,-9999.9,-9999.9,-9999.9,-9999.9 
2027,3,-9999.9,-9999.9,-9999.9,-9999.9,-9999.9 
2027,4,-9999.9,-9999.9,-9999.9,-9999.9,-9999.9 
2027,5,-9999.9,-9999.9,-9999.9,-9999.9,-9999.9 
2027,6,-9999.9,-9999.9,-9999.9,-9999.9,-9999.9 
2027,7,-9999.9,-9999.9,-9999.9,-9999.9,-9999.9 
2027,8,-9999.9,-9999.9,-9999.9,-9999.9,-9999.9 
2027,9,-9999.9,-9999.9,-9999.9,-9999.9,-9999.9 
2027,10,-9999.9,-9999.9,-9999.9,-9999.9,-9999.9 
2027,11,-9999.9,-9999.9,-9999.9,-9999.9,-9999.9 
2027,12,-9999.9,-9999.9,-9999.9,-9999.9,-9999.9 
2028,1,-9999.9,-9999.9,-9999.9,-9999.9,-9999.9 
2028,2,-9999.9,-9999.9,-9999.9,-9999.9,-9999.9 
2028,3,-9999.9,-9999.9,-9999.9,-9999.9,-9999.9 
2028,4,-9999.9,-9999.9,-9999.9,-9999.9,-9999.9 
2028,5,-9999.9,-9999.9,-9999.9,-9999.9,-9999.9 
2028,6,-9999.9,-9999.9,-9999.9,-9999.9,-9999.9 
2028,7,-9999.9,-9999.9,-9999.9,-9999.9,-9999.9 
2028,8,-9999.9,-9999.9,-9999.9,-9999.9,-9999.9 
2028,9,-9999.9,-9999.9,-9999.9,-9999.9,-9999.9 
2028,10,-9999.9,-9999.9,-9999.9,-9999.9,-9999.9 
2028,11,-9999.9,-9999.9,-9999.9,-9999.9,-9999.9 
2028,12,-9999.9,-9999.9,-9999.9,-9999.9,-9999.9 
2029,1,-9999.9,-9999.9,-9999.9,-9999.9,-9999.9 
2029,2,-9999.9,-9999.9,-9999.9,-9999.9,-9999.9 
2029,3,-9999.9,-9999.9,-9999.9,-9999.9,-9999.9 
2029,4,-9999.9,-9999.9,-9999.9,-9999.9,-9999.9 
2029,5,-9999.9,-9999.9,-9999.9,-9999.9,-9999.9 
2029,6,-9999.9,-9999.9,-9999.9,-9999.9,-9999.9 
2029,7,-9999.9,-9999.9,-9999.9,-9999.9,-9999.9 
2029,8,-9999.9,-9999.9,-9999.9,-9999.9,-9999.9 
2029,9,-9999.9,-9999.9,-9999.9,-9999.9,-9999.9 
2029,10,-9999.9,-9999.9,-9999.9,-9999.9,-9999.9 
2029,11,-9999.9,-9999.9,-9999.9,-9999.9,-9999.9 
2029,12,-9999.9,-9999.9,-9999.9,-9999.9,-9999.9 
2030,1,-9999.9,-9999.9,-9999.9,-9999.9,-9999.9 
2030,2,-9999.9,-9999.9,-9999.9,-9999.9,-9999.9 
2030,3,-9999.9,-9999.9,-9999.9,-9999.9,-9999.9 
2030,4,-9999.9,-9999.9,-9999.9,-9999.9,-9999.9 
2030,5,-9999.9,-9999.9,-9999.9,-9999.9,-9999.9 
2030,6,-9999.9,-9999.9,-9999.9,-9999.9,-9999.9 
2030,7,-9999.9,-9999.9,-9999.9,-9999.9,-9999.9 
2030,8,-9999.9,-9999.9,-9999.9,-9999.9,-9999.9 
2030,9,-9999.9,-9999.9,-9999.9,-9999.9,-9999.9 
2030,10,-9999.9,-9999.9,-9999.9,-9999.9,-9999.9 
2030,11,-9999.9,-9999.9,-9999.9,-9999.9,-9999.9 
2030,12,-9999.9,-9999.9,-9999.9,-9999.9,-9999.9 
2031,1,-9999.9,-9999.9,-9999.9,-9999.9,-9999.9 
2031,2,-9999.9,-9999.9,-9999.9,-9999.9,-9999.9 
2031,3,-9999.9,-9999.9,-9999.9,-9999.9,-9999.9 
2031,4,-9999.9,-9999.9,-9999.9,-9999.9,-9999.9 
2031,5,-9999.9,-9999.9,-9999.9,-9999.9,-9999.9 
2031,6,-9999.9,-9999.9,-9999.9,-9999.9,-9999.9 
2031,7,-9999.9,-9999.9,-9999.9,-9999.9,-9999.9 
2031,8,-9999.9,-9999.9,-9999.9,-9999.9,-9999.9 
2031,9,-9999.9,-9999.9,-9999.9,-9999.9,-9999.9 
2031,10,-9999.9,-9999.9,-9999.9,-9999.9,-9999.9 
2031,11,-9999.9,-9999.9,-9999.9,-9999.9,-9999.9 
2031,12,-9999.9,-9999.9,-9999.9,-9999.9,-9999.9 
2032,1,-9999.9,-9999.9,-9999.9,-9999.9,-9999.9 
2032,2,-9999.9,-9999.9,-9999.9,-9999.9,-9999.9 
2032,3,-9999.9,-9999.9,-9999.9,-9999.9,-9999.9 
2032,4,-9999.9,-9999.9,-9999.9,-9999.9,-9999.9 
2032,5,-9999.9,-9999.9,-9999.9,-9999.9,-9999.9 
2032,6,-9999.9,-9999.9,-9999.9,-9999.9,-9999.9 
2032,7,-9999.9,-9999.9,-9999.9,-9999.9,-9999.9 
2032,8,-9999.9,-9999.9,-9999.9,-9999.9,-9999.9 
2032,9,-9999.9,-9999.9,-9999.9,-9999.9,-9999.9 
2032,10,-9999.9,-9999.9,-9999.9,-9999.9,-9999.9 
2032,11,-9999.9,-9999.9,-9999.9,-9999.9,-9999.9 
2032,12,-9999.9,-9999.9,-9999.9,-9999.9,-9999.9 
2033,1,-9999.9,-9999.9,-9999.9,-9999.9,-9999.9 
2033,2,-9999.9,-9999.9,-9999.9,-9999.9,-9999.9 
2033,3,-9999.9,-9999.9,-9999.9,-9999.9,-9999.9 
2033,4,-9999.9,-9999.9,-9999.9,-9999.9,-9999.9 
2033,5,-9999.9,-9999.9,-9999.9,-9999.9,-9999.9 
2033,6,-9999.9,-9999.9,-9999.9,-9999.9,-9999.9 
2033,7,-9999.9,-9999.9,-9999.9,-9999.9,-9999.9 
2033,8,-9999.9,-9999.9,-9999.9,-9999.9,-9999.9 
2033,9,-9999.9,-9999.9,-9999.9,-9999.9,-9999.9 
2033,10,-9999.9,-9999.9,-9999.9,-9999.9,-9999.9 
2033,11,-9999.9,-9999.9,-9999.9,-9999.9,-9999.9 
2033,12,-9999.9,-9999.9,-9999.9,-9999.9,-9999.9 
2034,1,-9999.9,-9999.9,-9999.9,-9999.9,-9999.9 
2034,2,-9999.9,-9999.9,-9999.9,-9999.9,-9999.9 
2034,3,-9999.9,-9999.9,-9999.9,-9999.9,-9999.9 
2034,4,-9999.9,-9999.9,-9999.9,-9999.9,-9999.9 
2034,5,-9999.9,-9999.9,-9999.9,-9999.9,-9999.9 
2034,6,-9999.9,-9999.9,-9999.9,-9999.9,-9999.9 
2034,7,-9999.9,-9999.9,-9999.9,-9999.9,-9999.9 
2034,8,-9999.9,-9999.9,-9999.9,-9999.9,-9999.9 
2034,9,-9999.9,-9999.9,-9999.9,-9999.9,-9999.9 
2034,10,-9999.9,-9999.9,-9999.9,-9999.9,-9999.9 
2034,11,-9999.9,-9999.9,-9999.9,-9999.9,-9999.9 
2034,12,-9999.9,-9999.9,-9999.9,-9999.9,-9999.9 
2035,1,-9999.9,-9999.9,-9999.9,-9999.9,-9999.9 
2035,2,-9999.9,-9999.9,-9999.9,-9999.9,-9999.9 
2035,3,-9999.9,-9999.9,-9999.9,-9999.9,-9999.9 
2035,4,-9999.9,-9999.9,-9999.9,-9999.9,-9999.9 
2035,5,-9999.9,-9999.9,-9999.9,-9999.9,-9999.9 
2035,6,-9999.9,-9999.9,-9999.9,-9999.9,-9999.9 
2035,7,-9999.9,-9999.9,-9999.9,-9999.9,-9999.9 
2035,8,-9999.9,-9999.9,-9999.9,-9999.9,-9999.9 
2035,9,-9999.9,-9999.9,-9999.9,-9999.9,-9999.9 
2035,10,-9999.9,-9999.9,-9999.9,-9999.9,-9999.9 
2035,11,-9999.9,-9999.9,-9999.9,-9999.9,-9999.9 
2035,12,-9999.9,-9999.9,-9999.9,-9999.9,-9999.9 
2036,1,-9999.9,-9999.9,-9999.9,-9999.9,-9999.9 
2036,2,-9999.9,-9999.9,-9999.9,-9999.9,-9999.9 
2036,3,-9999.9,-9999.9,-9999.9,-9999.9,-9999.9 
2036,4,-9999.9,-9999.9,-9999.9,-9999.9,-9999.9 
2036,5,-9999.9,-9999.9,-9999.9,-9999.9,-9999.9 
2036,6,-9999.9,-9999.9,-9999.9,-9999.9,-9999.9 
2036,7,-9999.9,-9999.9,-9999.9,-9999.9,-9999.9 
2036,8,-9999.9,-9999.9,-9999.9,-9999.9,-9999.9 
2036,9,-9999.9,-9999.9,-9999.9,-9999.9,-9999.9 
2036,10,-9999.9,-9999.9,-9999.9,-9999.9,-9999.9 
2036,11,-9999.9,-9999.9,-9999.9,-9999.9,-9999.9 
2036,12,-9999.9,-9999.9,-9999.9,-9999.9,-9999.9 
2037,1,-9999.9,-9999.9,-9999.9,-9999.9,-9999.9 
2037,2,-9999.9,-9999.9,-9999.9,-9999.9,-9999.9 
2037,3,-9999.9,-9999.9,-9999.9,-9999.9,-9999.9 
2037,4,-9999.9,-9999.9,-9999.9,-9999.9,-9999.9 
2037,5,-9999.9,-9999.9,-9999.9,-9999.9,-9999.9 
2037,6,-9999.9,-9999.9,-9999.9,-9999.9,-9999.9 
2037,7,-9999.9,-9999.9,-9999.9,-9999.9,-9999.9 
2037,8,-9999.9,-9999.9,-9999.9,-9999.9,-9999.9 
2037,9,-9999.9,-9999.9,-9999.9,-9999.9,-9999.9 
2037,10,-9999.9,-9999.9,-9999.9,-9999.9,-9999.9 
2037,11,-9999.9,-9999.9,-9999.9,-9999.9,-9999.9 
2037,12,-9999.9,-9999.9,-9999.9,-9999.9,-9999.9 
2038,1,-9999.9,-9999.9,-9999.9,-9999.9,-9999.9 
2038,2,-9999.9,-9999.9,-9999.9,-9999.9,-9999.9 
2038,3,-9999.9,-9999.9,-9999.9,-9999.9,-9999.9 
2038,4,-9999.9,-9999.9,-9999.9,-9999.9,-9999.9 
2038,5,-9999.9,-9999.9,-9999.9,-9999.9,-9999.9 
2038,6,-9999.9,-9999.9,-9999.9,-9999.9,-9999.9 
2038,7,-9999.9,-9999.9,-9999.9,-9999.9,-9999.9 
2038,8,-9999.9,-9999.9,-9999.9,-9999.9,-9999.9 
2038,9,-9999.9,-9999.9,-9999.9,-9999.9,-9999.9 
2038,10,-9999.9,-9999.9,-9999.9,-9999.9,-9999.9 
2038,11,-9999.9,-9999.9,-9999.9,-9999.9,-9999.9 
2038,12,-9999.9,-9999.9,-9999.9,-9999.9,-9999.9 
2039,1,-9999.9,-9999.9,-9999.9,-9999.9,-9999.9 
2039,2,-9999.9,-9999.9,-9999.9,-9999.9,-9999.9 
2039,3,-9999.9,-9999.9,-9999.9,-9999.9,-9999.9 
2039,4,-9999.9,-9999.9,-9999.9,-9999.9,-9999.9 
2039,5,-9999.9,-9999.9,-9999.9,-9999.9,-9999.9 
2039,6,-9999.9,-9999.9,-9999.9,-9999.9,-9999.9 
2039,7,-9999.9,-9999.9,-9999.9,-9999.9,-9999.9 
2039,8,-9999.9,-9999.9,-9999.9,-9999.9,-9999.9 
2039,9,-9999.9,-9999.9,-9999.9,-9999.9,-9999.9 
2039,10,-9999.9,-9999.9,-9999.9,-9999.9,-9999.9 
2039,11,-9999.9,-9999.9,-9999.9,-9999.9,-9999.9 
2039,12,-9999.9,-9999.9,-9999.9,-9999.9,-9999.9 
2040,1,-9999.9,-9999.9,-9999.9,-9999.9,-9999.9 
2040,2,-9999.9,-9999.9,-9999.9,-9999.9,-9999.9 
2040,3,-9999.9,-9999.9,-9999.9,-9999.9,-9999.9 
2040,4,-9999.9,-9999.9,-9999.9,-9999.9,-9999.9 
2040,5,-9999.9,-9999.9,-9999.9,-9999.9,-9999.9 
2040,6,-9999.9,-9999.9,-9999.9,-9999.9,-9999.9 
2040,7,-9999.9,-9999.9,-9999.9,-9999.9,-9999.9 
2040,8,-9999.9,-9999.9,-9999.9,-9999.9,-9999.9 
2040,9,-9999.9,-9999.9,-9999.9,-9999.9,-9999.9 
2040,10,-9999.9,-9999.9,-9999.9,-9999.9,-9999.9 
2040,11,-9999.9,-9999.9,-9999.9,-9999.9,-9999.9 
2040,12,-9999.9,-9999.9,-9999.9,-9999.9,-9999.9 
2041,1,-9999.9,-9999.9,-9999.9,-9999.9,-9999.9 
2041,2,-9999.9,-9999.9,-9999.9,-9999.9,-9999.9 
2041,3,-9999.9,-9999.9,-9999.9,-9999.9,-9999.9 
2041,4,-9999.9,-9999.9,-9999.9,-9999.9,-9999.9 
2041,5,-9999.9,-9999.9,-9999.9,-9999.9,-9999.9 
2041,6,-9999.9,-9999.9,-9999.9,-9999.9,-9999.9 
2041,7,-9999.9,-9999.9,-9999.9,-9999.9,-9999.9 
2041,8,-9999.9,-9999.9,-9999.9,-9999.9,-9999.9 
2041,9,-9999.9,-9999.9,-9999.9,-9999.9,-9999.9 
2041,10,-9999.9,-9999.9,-9999.9,-9999.9,-9999.9 
2041,11,-9999.9,-9999.9,-9999.9,-9999.9,-9999.9 
2041,12,-9999.9,-9999.9,-9999.9,-9999.9,-9999.9 
2042,1,-9999.9,-9999.9,-9999.9,-9999.9,-9999.9 
2042,2,-9999.9,-9999.9,-9999.9,-9999.9,-9999.9 
2042,3,-9999.9,-9999.9,-9999.9,-9999.9,-9999.9 
2042,4,-9999.9,-9999.9,-9999.9,-9999.9,-9999.9 
2042,5,-9999.9,-9999.9,-9999.9,-9999.9,-9999.9 
2042,6,-9999.9,-9999.9,-9999.9,-9999.9,-9999.9 
2042,7,-9999.9,-9999.9,-9999.9,-9999.9,-9999.9 
2042,8,-9999.9,-9999.9,-9999.9,-9999.9,-9999.9 
2042,9,-9999.9,-9999.9,-9999.9,-9999.9,-9999.9 
2042,10,-9999.9,-9999.9,-9999.9,-9999.9,-9999.9 
2042,11,-9999.9,-9999.9,-9999.9,-9999.9,-9999.9 
2042,12,-9999.9,-9999.9,-9999.9,-9999.9,-9999.9 
2043,1,-9999.9,-9999.9,-9999.9,-9999.9,-9999.9 
2043,2,-9999.9,-9999.9,-9999.9,-9999.9,-9999.9 
2043,3,-9999.9,-9999.9,-9999.9,-9999.9,-9999.9 
2043,4,-9999.9,-9999.9,-9999.9,-9999.9,-9999.9 
2043,5,-9999.9,-9999.9,-9999.9,-9999.9,-9999.9 
2043,6,-9999.9,-9999.9,-9999.9,-9999.9,-9999.9 
2043,7,-9999.9,-9999.9,-9999.9,-9999.9,-9999.9 
2043,8,-9999.9,-9999.9,-9999.9,-9999.9,-9999.9 
2043,9,-9999.9,-9999.9,-9999.9,-9999.9,-9999.9 
2043,10,-9999.9,-9999.9,-9999.9,-9999.9,-9999.9 
2043,11,-9999.9,-9999.9,-9999.9,-9999.9,-9999.9 
2043,12,-9999.9,-9999.9,-9999.9,-9999.9,-9999.9 
2044,1,-9999.9,-9999.9,-9999.9,-9999.9,-9999.9 
2044,2,-9999.9,-9999.9,-9999.9,-9999.9,-9999.9 
2044,3,-9999.9,-9999.9,-9999.9,-9999.9,-9999.9 
2044,4,-9999.9,-9999.9,-9999.9,-9999.9,-9999.9 
2044,5,-9999.9,-9999.9,-9999.9,-9999.9,-9999.9 
2044,6,-9999.9,-9999.9,-9999.9,-9999.9,-9999.9 
2044,7,-9999.9,-9999.9,-9999.9,-9999.9,-9999.9 
2044,8,-9999.9,-9999.9,-9999.9,-9999.9,-9999.9 
2044,9,-9999.9,-9999.9,-9999.9,-9999.9,-9999.9 
2044,10,-9999.9,-9999.9,-9999.9,-9999.9,-9999.9 
2044,11,-9999.9,-9999.9,-9999.9,-9999.9,-9999.9 
2044,12,-9999.9,-9999.9,-9999.9,-9999.9,-9999.9 
2045,1,-9999.9,-9999.9,-9999.9,-9999.9,-9999.9 
2045,2,-9999.9,-9999.9,-9999.9,-9999.9,-9999.9 
2045,3,-9999.9,-9999.9,-9999.9,-9999.9,-9999.9 
2045,4,-9999.9,-9999.9,-9999.9,-9999.9,-9999.9 
2045,5,-9999.9,-9999.9,-9999.9,-9999.9,-9999.9 
2045,6,-9999.9,-9999.9,-9999.9,-9999.9,-9999.9 
2045,7,-9999.9,-9999.9,-9999.9,-9999.9,-9999.9 
2045,8,-9999.9,-9999.9,-9999.9,-9999.9,-9999.9 
2045,9,-9999.9,-9999.9,-9999.9,-9999.9,-9999.9 
2045,10,-9999.9,-9999.9,-9999.9,-9999.9,-9999.9 
2045,11,-9999.9,-9999.9,-9999.9,-9999.9,-9999.9 
2045,12,-9999.9,-9999.9,-9999.9,-9999.9,-9999.9 
2046,1,-9999.9,-9999.9,-9999.9,-9999.9,-9999.9 
2046,2,-9999.9,-9999.9,-9999.9,-9999.9,-9999.9 
2046,3,-9999.9,-9999.9,-9999.9,-9999.9,-9999.9 
2046,4,-9999.9,-9999.9,-9999.9,-9999.9,-9999.9 
2046,5,-9999.9,-9999.9,-9999.9,-9999.9,-9999.9 
2046,6,-9999.9,-9999.9,-9999.9,-9999.9,-9999.9 
2046,7,-9999.9,-9999.9,-9999.9,-9999.9,-9999.9 
2046,8,-9999.9,-9999.9,-9999.9,-9999.9,-9999.9 
2046,9,-9999.9,-9999.9,-9999.9,-9999.9,-9999.9 
2046,10,-9999.9,-9999.9,-9999.9,-9999.9,-9999.9 
2046,11,-9999.9,-9999.9,-9999.9,-9999.9,-9999.9 
2046,12,-9999.9,-9999.9,-9999.9,-9999.9,-9999.9 
2047,1,-9999.9,-9999.9,-9999.9,-9999.9,-9999.9 
2047,2,-9999.9,-9999.9,-9999.9,-9999.9,-9999.9 
2047,3,-9999.9,-9999.9,-9999.9,-9999.9,-9999.9 
2047,4,-9999.9,-9999.9,-9999.9,-9999.9,-9999.9 
2047,5,-9999.9,-9999.9,-9999.9,-9999.9,-9999.9 
2047,6,-9999.9,-9999.9,-9999.9,-9999.9,-9999.9 
2047,7,-9999.9,-9999.9,-9999.9,-9999.9,-9999.9 
2047,8,-9999.9,-9999.9,-9999.9,-9999.9,-9999.9 
2047,9,-9999.9,-9999.9,-9999.9,-9999.9,-9999.9 
2047,10,-9999.9,-9999.9,-9999.9,-9999.9,-9999.9 
2047,11,-9999.9,-9999.9,-9999.9,-9999.9,-9999.9 
2047,12,-9999.9,-9999.9,-9999.9,-9999.9,-9999.9 
2048,1,-9999.9,-9999.9,-9999.9,-9999.9,-9999.9 
2048,2,-9999.9,-9999.9,-9999.9,-9999.9,-9999.9 
2048,3,-9999.9,-9999.9,-9999.9,-9999.9,-9999.9 
2048,4,-9999.9,-9999.9,-9999.9,-9999.9,-9999.9 
2048,5,-9999.9,-9999.9,-9999.9,-9999.9,-9999.9 
2048,6,-9999.9,-9999.9,-9999.9,-9999.9,-9999.9 
2048,7,-9999.9,-9999.9,-9999.9,-9999.9,-9999.9 
2048,8,-9999.9,-9999.9,-9999.9,-9999.9,-9999.9 
2048,9,-9999.9,-9999.9,-9999.9,-9999.9,-9999.9 
2048,10,-9999.9,-9999.9,-9999.9,-9999.9,-9999.9 
2048,11,-9999.9,-9999.9,-9999.9,-9999.9,-9999.9 
2048,12,-9999.9,-9999.9,-9999.9,-9999.9,-9999.9 
2049,1,-9999.9,-9999.9,-9999.9,-9999.9,-9999.9 
2049,2,-9999.9,-9999.9,-9999.9,-9999.9,-9999.9 
2049,3,-9999.9,-9999.9,-9999.9,-9999.9,-9999.9 
2049,4,-9999.9,-9999.9,-9999.9,-9999.9,-9999.9 
2049,5,-9999.9,-9999.9,-9999.9,-9999.9,-9999.9 
2049,6,-9999.9,-9999.9,-9999.9,-9999.9,-9999.9 
2049,7,-9999.9,-9999.9,-9999.9,-9999.9,-9999.9 
2049,8,-9999.9,-9999.9,-9999.9,-9999.9,-9999.9 
2049,9,-9999.9,-9999.9,-9999.9,-9999.9,-9999.9 
2049,10,-9999.9,-9999.9,-9999.9,-9999.9,-9999.9 
2049,11,-9999.9,-9999.9,-9999.9,-9999.9,-9999.9 
2049,12,-9999.9,-9999.9,-9999.9,-9999.9,-9999.9 
