,,GLERL-AHPS-Hydromet,GLERL-AHPS-Provisional,USACE-AHPS,ECCC-WCPS ,CMC_E_mm
1900,1,-9999.9,-9999.9,-9999.9,-9999.9,-9999.9
1900,2,-9999.9,-9999.9,-9999.9,-9999.9,-9999.9
1900,3,-9999.9,-9999.9,-9999.9,-9999.9,-9999.9
1900,4,-9999.9,-9999.9,-9999.9,-9999.9,-9999.9
1900,5,-9999.9,-9999.9,-9999.9,-9999.9,-9999.9
1900,6,-9999.9,-9999.9,-9999.9,-9999.9,-9999.9
1900,7,-9999.9,-9999.9,-9999.9,-9999.9,-9999.9
1900,8,-9999.9,-9999.9,-9999.9,-9999.9,-9999.9
1900,9,-9999.9,-9999.9,-9999.9,-9999.9,-9999.9
1900,10,-9999.9,-9999.9,-9999.9,-9999.9,-9999.9
1900,11,-9999.9,-9999.9,-9999.9,-9999.9,-9999.9
1900,12,-9999.9,-9999.9,-9999.9,-9999.9,-9999.9
1901,1,-9999.9,-9999.9,-9999.9,-9999.9,-9999.9
1901,2,-9999.9,-9999.9,-9999.9,-9999.9,-9999.9
1901,3,-9999.9,-9999.9,-9999.9,-9999.9,-9999.9
1901,4,-9999.9,-9999.9,-9999.9,-9999.9,-9999.9
1901,5,-9999.9,-9999.9,-9999.9,-9999.9,-9999.9
1901,6,-9999.9,-9999.9,-9999.9,-9999.9,-9999.9
1901,7,-9999.9,-9999.9,-9999.9,-9999.9,-9999.9
1901,8,-9999.9,-9999.9,-9999.9,-9999.9,-9999.9
1901,9,-9999.9,-9999.9,-9999.9,-9999.9,-9999.9
1901,10,-9999.9,-9999.9,-9999.9,-9999.9,-9999.9
1901,11,-9999.9,-9999.9,-9999.9,-9999.9,-9999.9
1901,12,-9999.9,-9999.9,-9999.9,-9999.9,-9999.9
1902,1,-9999.9,-9999.9,-9999.9,-9999.9,-9999.9
1902,2,-9999.9,-9999.9,-9999.9,-9999.9,-9999.9
1902,3,-9999.9,-9999.9,-9999.9,-9999.9,-9999.9
1902,4,-9999.9,-9999.9,-9999.9,-9999.9,-9999.9
1902,5,-9999.9,-9999.9,-9999.9,-9999.9,-9999.9
1902,6,-9999.9,-9999.9,-9999.9,-9999.9,-9999.9
1902,7,-9999.9,-9999.9,-9999.9,-9999.9,-9999.9
1902,8,-9999.9,-9999.9,-9999.9,-9999.9,-9999.9
1902,9,-9999.9,-9999.9,-9999.9,-9999.9,-9999.9
1902,10,-9999.9,-9999.9,-9999.9,-9999.9,-9999.9
1902,11,-9999.9,-9999.9,-9999.9,-9999.9,-9999.9
1902,12,-9999.9,-9999.9,-9999.9,-9999.9,-9999.9
1903,1,-9999.9,-9999.9,-9999.9,-9999.9,-9999.9
1903,2,-9999.9,-9999.9,-9999.9,-9999.9,-9999.9
1903,3,-9999.9,-9999.9,-9999.9,-9999.9,-9999.9
1903,4,-9999.9,-9999.9,-9999.9,-9999.9,-9999.9
1903,5,-9999.9,-9999.9,-9999.9,-9999.9,-9999.9
1903,6,-9999.9,-9999.9,-9999.9,-9999.9,-9999.9
1903,7,-9999.9,-9999.9,-9999.9,-9999.9,-9999.9
1903,8,-9999.9,-9999.9,-9999.9,-9999.9,-9999.9
1903,9,-9999.9,-9999.9,-9999.9,-9999.9,-9999.9
1903,10,-9999.9,-9999.9,-9999.9,-9999.9,-9999.9
1903,11,-9999.9,-9999.9,-9999.9,-9999.9,-9999.9
1903,12,-9999.9,-9999.9,-9999.9,-9999.9,-9999.9
1904,1,-9999.9,-9999.9,-9999.9,-9999.9,-9999.9
1904,2,-9999.9,-9999.9,-9999.9,-9999.9,-9999.9
1904,3,-9999.9,-9999.9,-9999.9,-9999.9,-9999.9
1904,4,-9999.9,-9999.9,-9999.9,-9999.9,-9999.9
1904,5,-9999.9,-9999.9,-9999.9,-9999.9,-9999.9
1904,6,-9999.9,-9999.9,-9999.9,-9999.9,-9999.9
1904,7,-9999.9,-9999.9,-9999.9,-9999.9,-9999.9
1904,8,-9999.9,-9999.9,-9999.9,-9999.9,-9999.9
1904,9,-9999.9,-9999.9,-9999.9,-9999.9,-9999.9
1904,10,-9999.9,-9999.9,-9999.9,-9999.9,-9999.9
1904,11,-9999.9,-9999.9,-9999.9,-9999.9,-9999.9
1904,12,-9999.9,-9999.9,-9999.9,-9999.9,-9999.9
1905,1,-9999.9,-9999.9,-9999.9,-9999.9,-9999.9
1905,2,-9999.9,-9999.9,-9999.9,-9999.9,-9999.9
1905,3,-9999.9,-9999.9,-9999.9,-9999.9,-9999.9
1905,4,-9999.9,-9999.9,-9999.9,-9999.9,-9999.9
1905,5,-9999.9,-9999.9,-9999.9,-9999.9,-9999.9
1905,6,-9999.9,-9999.9,-9999.9,-9999.9,-9999.9
1905,7,-9999.9,-9999.9,-9999.9,-9999.9,-9999.9
1905,8,-9999.9,-9999.9,-9999.9,-9999.9,-9999.9
1905,9,-9999.9,-9999.9,-9999.9,-9999.9,-9999.9
1905,10,-9999.9,-9999.9,-9999.9,-9999.9,-9999.9
1905,11,-9999.9,-9999.9,-9999.9,-9999.9,-9999.9
1905,12,-9999.9,-9999.9,-9999.9,-9999.9,-9999.9
1906,1,-9999.9,-9999.9,-9999.9,-9999.9,-9999.9
1906,2,-9999.9,-9999.9,-9999.9,-9999.9,-9999.9
1906,3,-9999.9,-9999.9,-9999.9,-9999.9,-9999.9
1906,4,-9999.9,-9999.9,-9999.9,-9999.9,-9999.9
1906,5,-9999.9,-9999.9,-9999.9,-9999.9,-9999.9
1906,6,-9999.9,-9999.9,-9999.9,-9999.9,-9999.9
1906,7,-9999.9,-9999.9,-9999.9,-9999.9,-9999.9
1906,8,-9999.9,-9999.9,-9999.9,-9999.9,-9999.9
1906,9,-9999.9,-9999.9,-9999.9,-9999.9,-9999.9
1906,10,-9999.9,-9999.9,-9999.9,-9999.9,-9999.9
1906,11,-9999.9,-9999.9,-9999.9,-9999.9,-9999.9
1906,12,-9999.9,-9999.9,-9999.9,-9999.9,-9999.9
1907,1,-9999.9,-9999.9,-9999.9,-9999.9,-9999.9
1907,2,-9999.9,-9999.9,-9999.9,-9999.9,-9999.9
1907,3,-9999.9,-9999.9,-9999.9,-9999.9,-9999.9
1907,4,-9999.9,-9999.9,-9999.9,-9999.9,-9999.9
1907,5,-9999.9,-9999.9,-9999.9,-9999.9,-9999.9
1907,6,-9999.9,-9999.9,-9999.9,-9999.9,-9999.9
1907,7,-9999.9,-9999.9,-9999.9,-9999.9,-9999.9
1907,8,-9999.9,-9999.9,-9999.9,-9999.9,-9999.9
1907,9,-9999.9,-9999.9,-9999.9,-9999.9,-9999.9
1907,10,-9999.9,-9999.9,-9999.9,-9999.9,-9999.9
1907,11,-9999.9,-9999.9,-9999.9,-9999.9,-9999.9
1907,12,-9999.9,-9999.9,-9999.9,-9999.9,-9999.9
1908,1,-9999.9,-9999.9,-9999.9,-9999.9,-9999.9
1908,2,-9999.9,-9999.9,-9999.9,-9999.9,-9999.9
1908,3,-9999.9,-9999.9,-9999.9,-9999.9,-9999.9
1908,4,-9999.9,-9999.9,-9999.9,-9999.9,-9999.9
1908,5,-9999.9,-9999.9,-9999.9,-9999.9,-9999.9
1908,6,-9999.9,-9999.9,-9999.9,-9999.9,-9999.9
1908,7,-9999.9,-9999.9,-9999.9,-9999.9,-9999.9
1908,8,-9999.9,-9999.9,-9999.9,-9999.9,-9999.9
1908,9,-9999.9,-9999.9,-9999.9,-9999.9,-9999.9
1908,10,-9999.9,-9999.9,-9999.9,-9999.9,-9999.9
1908,11,-9999.9,-9999.9,-9999.9,-9999.9,-9999.9
1908,12,-9999.9,-9999.9,-9999.9,-9999.9,-9999.9
1909,1,-9999.9,-9999.9,-9999.9,-9999.9,-9999.9
1909,2,-9999.9,-9999.9,-9999.9,-9999.9,-9999.9
1909,3,-9999.9,-9999.9,-9999.9,-9999.9,-9999.9
1909,4,-9999.9,-9999.9,-9999.9,-9999.9,-9999.9
1909,5,-9999.9,-9999.9,-9999.9,-9999.9,-9999.9
1909,6,-9999.9,-9999.9,-9999.9,-9999.9,-9999.9
1909,7,-9999.9,-9999.9,-9999.9,-9999.9,-9999.9
1909,8,-9999.9,-9999.9,-9999.9,-9999.9,-9999.9
1909,9,-9999.9,-9999.9,-9999.9,-9999.9,-9999.9
1909,10,-9999.9,-9999.9,-9999.9,-9999.9,-9999.9
1909,11,-9999.9,-9999.9,-9999.9,-9999.9,-9999.9
1909,12,-9999.9,-9999.9,-9999.9,-9999.9,-9999.9
1910,1,-9999.9,-9999.9,-9999.9,-9999.9,-9999.9
1910,2,-9999.9,-9999.9,-9999.9,-9999.9,-9999.9
1910,3,-9999.9,-9999.9,-9999.9,-9999.9,-9999.9
1910,4,-9999.9,-9999.9,-9999.9,-9999.9,-9999.9
1910,5,-9999.9,-9999.9,-9999.9,-9999.9,-9999.9
1910,6,-9999.9,-9999.9,-9999.9,-9999.9,-9999.9
1910,7,-9999.9,-9999.9,-9999.9,-9999.9,-9999.9
1910,8,-9999.9,-9999.9,-9999.9,-9999.9,-9999.9
1910,9,-9999.9,-9999.9,-9999.9,-9999.9,-9999.9
1910,10,-9999.9,-9999.9,-9999.9,-9999.9,-9999.9
1910,11,-9999.9,-9999.9,-9999.9,-9999.9,-9999.9
1910,12,-9999.9,-9999.9,-9999.9,-9999.9,-9999.9
1911,1,-9999.9,-9999.9,-9999.9,-9999.9,-9999.9
1911,2,-9999.9,-9999.9,-9999.9,-9999.9,-9999.9
1911,3,-9999.9,-9999.9,-9999.9,-9999.9,-9999.9
1911,4,-9999.9,-9999.9,-9999.9,-9999.9,-9999.9
1911,5,-9999.9,-9999.9,-9999.9,-9999.9,-9999.9
1911,6,-9999.9,-9999.9,-9999.9,-9999.9,-9999.9
1911,7,-9999.9,-9999.9,-9999.9,-9999.9,-9999.9
1911,8,-9999.9,-9999.9,-9999.9,-9999.9,-9999.9
1911,9,-9999.9,-9999.9,-9999.9,-9999.9,-9999.9
1911,10,-9999.9,-9999.9,-9999.9,-9999.9,-9999.9
1911,11,-9999.9,-9999.9,-9999.9,-9999.9,-9999.9
1911,12,-9999.9,-9999.9,-9999.9,-9999.9,-9999.9
1912,1,-9999.9,-9999.9,-9999.9,-9999.9,-9999.9
1912,2,-9999.9,-9999.9,-9999.9,-9999.9,-9999.9
1912,3,-9999.9,-9999.9,-9999.9,-9999.9,-9999.9
1912,4,-9999.9,-9999.9,-9999.9,-9999.9,-9999.9
1912,5,-9999.9,-9999.9,-9999.9,-9999.9,-9999.9
1912,6,-9999.9,-9999.9,-9999.9,-9999.9,-9999.9
1912,7,-9999.9,-9999.9,-9999.9,-9999.9,-9999.9
1912,8,-9999.9,-9999.9,-9999.9,-9999.9,-9999.9
1912,9,-9999.9,-9999.9,-9999.9,-9999.9,-9999.9
1912,10,-9999.9,-9999.9,-9999.9,-9999.9,-9999.9
1912,11,-9999.9,-9999.9,-9999.9,-9999.9,-9999.9
1912,12,-9999.9,-9999.9,-9999.9,-9999.9,-9999.9
1913,1,-9999.9,-9999.9,-9999.9,-9999.9,-9999.9
1913,2,-9999.9,-9999.9,-9999.9,-9999.9,-9999.9
1913,3,-9999.9,-9999.9,-9999.9,-9999.9,-9999.9
1913,4,-9999.9,-9999.9,-9999.9,-9999.9,-9999.9
1913,5,-9999.9,-9999.9,-9999.9,-9999.9,-9999.9
1913,6,-9999.9,-9999.9,-9999.9,-9999.9,-9999.9
1913,7,-9999.9,-9999.9,-9999.9,-9999.9,-9999.9
1913,8,-9999.9,-9999.9,-9999.9,-9999.9,-9999.9
1913,9,-9999.9,-9999.9,-9999.9,-9999.9,-9999.9
1913,10,-9999.9,-9999.9,-9999.9,-9999.9,-9999.9
1913,11,-9999.9,-9999.9,-9999.9,-9999.9,-9999.9
1913,12,-9999.9,-9999.9,-9999.9,-9999.9,-9999.9
1914,1,-9999.9,-9999.9,-9999.9,-9999.9,-9999.9
1914,2,-9999.9,-9999.9,-9999.9,-9999.9,-9999.9
1914,3,-9999.9,-9999.9,-9999.9,-9999.9,-9999.9
1914,4,-9999.9,-9999.9,-9999.9,-9999.9,-9999.9
1914,5,-9999.9,-9999.9,-9999.9,-9999.9,-9999.9
1914,6,-9999.9,-9999.9,-9999.9,-9999.9,-9999.9
1914,7,-9999.9,-9999.9,-9999.9,-9999.9,-9999.9
1914,8,-9999.9,-9999.9,-9999.9,-9999.9,-9999.9
1914,9,-9999.9,-9999.9,-9999.9,-9999.9,-9999.9
1914,10,-9999.9,-9999.9,-9999.9,-9999.9,-9999.9
1914,11,-9999.9,-9999.9,-9999.9,-9999.9,-9999.9
1914,12,-9999.9,-9999.9,-9999.9,-9999.9,-9999.9
1915,1,-9999.9,-9999.9,-9999.9,-9999.9,-9999.9
1915,2,-9999.9,-9999.9,-9999.9,-9999.9,-9999.9
1915,3,-9999.9,-9999.9,-9999.9,-9999.9,-9999.9
1915,4,-9999.9,-9999.9,-9999.9,-9999.9,-9999.9
1915,5,-9999.9,-9999.9,-9999.9,-9999.9,-9999.9
1915,6,-9999.9,-9999.9,-9999.9,-9999.9,-9999.9
1915,7,-9999.9,-9999.9,-9999.9,-9999.9,-9999.9
1915,8,-9999.9,-9999.9,-9999.9,-9999.9,-9999.9
1915,9,-9999.9,-9999.9,-9999.9,-9999.9,-9999.9
1915,10,-9999.9,-9999.9,-9999.9,-9999.9,-9999.9
1915,11,-9999.9,-9999.9,-9999.9,-9999.9,-9999.9
1915,12,-9999.9,-9999.9,-9999.9,-9999.9,-9999.9
1916,1,-9999.9,-9999.9,-9999.9,-9999.9,-9999.9
1916,2,-9999.9,-9999.9,-9999.9,-9999.9,-9999.9
1916,3,-9999.9,-9999.9,-9999.9,-9999.9,-9999.9
1916,4,-9999.9,-9999.9,-9999.9,-9999.9,-9999.9
1916,5,-9999.9,-9999.9,-9999.9,-9999.9,-9999.9
1916,6,-9999.9,-9999.9,-9999.9,-9999.9,-9999.9
1916,7,-9999.9,-9999.9,-9999.9,-9999.9,-9999.9
1916,8,-9999.9,-9999.9,-9999.9,-9999.9,-9999.9
1916,9,-9999.9,-9999.9,-9999.9,-9999.9,-9999.9
1916,10,-9999.9,-9999.9,-9999.9,-9999.9,-9999.9
1916,11,-9999.9,-9999.9,-9999.9,-9999.9,-9999.9
1916,12,-9999.9,-9999.9,-9999.9,-9999.9,-9999.9
1917,1,-9999.9,-9999.9,-9999.9,-9999.9,-9999.9
1917,2,-9999.9,-9999.9,-9999.9,-9999.9,-9999.9
1917,3,-9999.9,-9999.9,-9999.9,-9999.9,-9999.9
1917,4,-9999.9,-9999.9,-9999.9,-9999.9,-9999.9
1917,5,-9999.9,-9999.9,-9999.9,-9999.9,-9999.9
1917,6,-9999.9,-9999.9,-9999.9,-9999.9,-9999.9
1917,7,-9999.9,-9999.9,-9999.9,-9999.9,-9999.9
1917,8,-9999.9,-9999.9,-9999.9,-9999.9,-9999.9
1917,9,-9999.9,-9999.9,-9999.9,-9999.9,-9999.9
1917,10,-9999.9,-9999.9,-9999.9,-9999.9,-9999.9
1917,11,-9999.9,-9999.9,-9999.9,-9999.9,-9999.9
1917,12,-9999.9,-9999.9,-9999.9,-9999.9,-9999.9
1918,1,-9999.9,-9999.9,-9999.9,-9999.9,-9999.9
1918,2,-9999.9,-9999.9,-9999.9,-9999.9,-9999.9
1918,3,-9999.9,-9999.9,-9999.9,-9999.9,-9999.9
1918,4,-9999.9,-9999.9,-9999.9,-9999.9,-9999.9
1918,5,-9999.9,-9999.9,-9999.9,-9999.9,-9999.9
1918,6,-9999.9,-9999.9,-9999.9,-9999.9,-9999.9
1918,7,-9999.9,-9999.9,-9999.9,-9999.9,-9999.9
1918,8,-9999.9,-9999.9,-9999.9,-9999.9,-9999.9
1918,9,-9999.9,-9999.9,-9999.9,-9999.9,-9999.9
1918,10,-9999.9,-9999.9,-9999.9,-9999.9,-9999.9
1918,11,-9999.9,-9999.9,-9999.9,-9999.9,-9999.9
1918,12,-9999.9,-9999.9,-9999.9,-9999.9,-9999.9
1919,1,-9999.9,-9999.9,-9999.9,-9999.9,-9999.9
1919,2,-9999.9,-9999.9,-9999.9,-9999.9,-9999.9
1919,3,-9999.9,-9999.9,-9999.9,-9999.9,-9999.9
1919,4,-9999.9,-9999.9,-9999.9,-9999.9,-9999.9
1919,5,-9999.9,-9999.9,-9999.9,-9999.9,-9999.9
1919,6,-9999.9,-9999.9,-9999.9,-9999.9,-9999.9
1919,7,-9999.9,-9999.9,-9999.9,-9999.9,-9999.9
1919,8,-9999.9,-9999.9,-9999.9,-9999.9,-9999.9
1919,9,-9999.9,-9999.9,-9999.9,-9999.9,-9999.9
1919,10,-9999.9,-9999.9,-9999.9,-9999.9,-9999.9
1919,11,-9999.9,-9999.9,-9999.9,-9999.9,-9999.9
1919,12,-9999.9,-9999.9,-9999.9,-9999.9,-9999.9
1920,1,-9999.9,-9999.9,-9999.9,-9999.9,-9999.9
1920,2,-9999.9,-9999.9,-9999.9,-9999.9,-9999.9
1920,3,-9999.9,-9999.9,-9999.9,-9999.9,-9999.9
1920,4,-9999.9,-9999.9,-9999.9,-9999.9,-9999.9
1920,5,-9999.9,-9999.9,-9999.9,-9999.9,-9999.9
1920,6,-9999.9,-9999.9,-9999.9,-9999.9,-9999.9
1920,7,-9999.9,-9999.9,-9999.9,-9999.9,-9999.9
1920,8,-9999.9,-9999.9,-9999.9,-9999.9,-9999.9
1920,9,-9999.9,-9999.9,-9999.9,-9999.9,-9999.9
1920,10,-9999.9,-9999.9,-9999.9,-9999.9,-9999.9
1920,11,-9999.9,-9999.9,-9999.9,-9999.9,-9999.9
1920,12,-9999.9,-9999.9,-9999.9,-9999.9,-9999.9
1921,1,-9999.9,-9999.9,-9999.9,-9999.9,-9999.9
1921,2,-9999.9,-9999.9,-9999.9,-9999.9,-9999.9
1921,3,-9999.9,-9999.9,-9999.9,-9999.9,-9999.9
1921,4,-9999.9,-9999.9,-9999.9,-9999.9,-9999.9
1921,5,-9999.9,-9999.9,-9999.9,-9999.9,-9999.9
1921,6,-9999.9,-9999.9,-9999.9,-9999.9,-9999.9
1921,7,-9999.9,-9999.9,-9999.9,-9999.9,-9999.9
1921,8,-9999.9,-9999.9,-9999.9,-9999.9,-9999.9
1921,9,-9999.9,-9999.9,-9999.9,-9999.9,-9999.9
1921,10,-9999.9,-9999.9,-9999.9,-9999.9,-9999.9
1921,11,-9999.9,-9999.9,-9999.9,-9999.9,-9999.9
1921,12,-9999.9,-9999.9,-9999.9,-9999.9,-9999.9
1922,1,-9999.9,-9999.9,-9999.9,-9999.9,-9999.9
1922,2,-9999.9,-9999.9,-9999.9,-9999.9,-9999.9
1922,3,-9999.9,-9999.9,-9999.9,-9999.9,-9999.9
1922,4,-9999.9,-9999.9,-9999.9,-9999.9,-9999.9
1922,5,-9999.9,-9999.9,-9999.9,-9999.9,-9999.9
1922,6,-9999.9,-9999.9,-9999.9,-9999.9,-9999.9
1922,7,-9999.9,-9999.9,-9999.9,-9999.9,-9999.9
1922,8,-9999.9,-9999.9,-9999.9,-9999.9,-9999.9
1922,9,-9999.9,-9999.9,-9999.9,-9999.9,-9999.9
1922,10,-9999.9,-9999.9,-9999.9,-9999.9,-9999.9
1922,11,-9999.9,-9999.9,-9999.9,-9999.9,-9999.9
1922,12,-9999.9,-9999.9,-9999.9,-9999.9,-9999.9
1923,1,-9999.9,-9999.9,-9999.9,-9999.9,-9999.9
1923,2,-9999.9,-9999.9,-9999.9,-9999.9,-9999.9
1923,3,-9999.9,-9999.9,-9999.9,-9999.9,-9999.9
1923,4,-9999.9,-9999.9,-9999.9,-9999.9,-9999.9
1923,5,-9999.9,-9999.9,-9999.9,-9999.9,-9999.9
1923,6,-9999.9,-9999.9,-9999.9,-9999.9,-9999.9
1923,7,-9999.9,-9999.9,-9999.9,-9999.9,-9999.9
1923,8,-9999.9,-9999.9,-9999.9,-9999.9,-9999.9
1923,9,-9999.9,-9999.9,-9999.9,-9999.9,-9999.9
1923,10,-9999.9,-9999.9,-9999.9,-9999.9,-9999.9
1923,11,-9999.9,-9999.9,-9999.9,-9999.9,-9999.9
1923,12,-9999.9,-9999.9,-9999.9,-9999.9,-9999.9
1924,1,-9999.9,-9999.9,-9999.9,-9999.9,-9999.9
1924,2,-9999.9,-9999.9,-9999.9,-9999.9,-9999.9
1924,3,-9999.9,-9999.9,-9999.9,-9999.9,-9999.9
1924,4,-9999.9,-9999.9,-9999.9,-9999.9,-9999.9
1924,5,-9999.9,-9999.9,-9999.9,-9999.9,-9999.9
1924,6,-9999.9,-9999.9,-9999.9,-9999.9,-9999.9
1924,7,-9999.9,-9999.9,-9999.9,-9999.9,-9999.9
1924,8,-9999.9,-9999.9,-9999.9,-9999.9,-9999.9
1924,9,-9999.9,-9999.9,-9999.9,-9999.9,-9999.9
1924,10,-9999.9,-9999.9,-9999.9,-9999.9,-9999.9
1924,11,-9999.9,-9999.9,-9999.9,-9999.9,-9999.9
1924,12,-9999.9,-9999.9,-9999.9,-9999.9,-9999.9
1925,1,-9999.9,-9999.9,-9999.9,-9999.9,-9999.9
1925,2,-9999.9,-9999.9,-9999.9,-9999.9,-9999.9
1925,3,-9999.9,-9999.9,-9999.9,-9999.9,-9999.9
1925,4,-9999.9,-9999.9,-9999.9,-9999.9,-9999.9
1925,5,-9999.9,-9999.9,-9999.9,-9999.9,-9999.9
1925,6,-9999.9,-9999.9,-9999.9,-9999.9,-9999.9
1925,7,-9999.9,-9999.9,-9999.9,-9999.9,-9999.9
1925,8,-9999.9,-9999.9,-9999.9,-9999.9,-9999.9
1925,9,-9999.9,-9999.9,-9999.9,-9999.9,-9999.9
1925,10,-9999.9,-9999.9,-9999.9,-9999.9,-9999.9
1925,11,-9999.9,-9999.9,-9999.9,-9999.9,-9999.9
1925,12,-9999.9,-9999.9,-9999.9,-9999.9,-9999.9
1926,1,-9999.9,-9999.9,-9999.9,-9999.9,-9999.9
1926,2,-9999.9,-9999.9,-9999.9,-9999.9,-9999.9
1926,3,-9999.9,-9999.9,-9999.9,-9999.9,-9999.9
1926,4,-9999.9,-9999.9,-9999.9,-9999.9,-9999.9
1926,5,-9999.9,-9999.9,-9999.9,-9999.9,-9999.9
1926,6,-9999.9,-9999.9,-9999.9,-9999.9,-9999.9
1926,7,-9999.9,-9999.9,-9999.9,-9999.9,-9999.9
1926,8,-9999.9,-9999.9,-9999.9,-9999.9,-9999.9
1926,9,-9999.9,-9999.9,-9999.9,-9999.9,-9999.9
1926,10,-9999.9,-9999.9,-9999.9,-9999.9,-9999.9
1926,11,-9999.9,-9999.9,-9999.9,-9999.9,-9999.9
1926,12,-9999.9,-9999.9,-9999.9,-9999.9,-9999.9
1927,1,-9999.9,-9999.9,-9999.9,-9999.9,-9999.9
1927,2,-9999.9,-9999.9,-9999.9,-9999.9,-9999.9
1927,3,-9999.9,-9999.9,-9999.9,-9999.9,-9999.9
1927,4,-9999.9,-9999.9,-9999.9,-9999.9,-9999.9
1927,5,-9999.9,-9999.9,-9999.9,-9999.9,-9999.9
1927,6,-9999.9,-9999.9,-9999.9,-9999.9,-9999.9
1927,7,-9999.9,-9999.9,-9999.9,-9999.9,-9999.9
1927,8,-9999.9,-9999.9,-9999.9,-9999.9,-9999.9
1927,9,-9999.9,-9999.9,-9999.9,-9999.9,-9999.9
1927,10,-9999.9,-9999.9,-9999.9,-9999.9,-9999.9
1927,11,-9999.9,-9999.9,-9999.9,-9999.9,-9999.9
1927,12,-9999.9,-9999.9,-9999.9,-9999.9,-9999.9
1928,1,-9999.9,-9999.9,-9999.9,-9999.9,-9999.9
1928,2,-9999.9,-9999.9,-9999.9,-9999.9,-9999.9
1928,3,-9999.9,-9999.9,-9999.9,-9999.9,-9999.9
1928,4,-9999.9,-9999.9,-9999.9,-9999.9,-9999.9
1928,5,-9999.9,-9999.9,-9999.9,-9999.9,-9999.9
1928,6,-9999.9,-9999.9,-9999.9,-9999.9,-9999.9
1928,7,-9999.9,-9999.9,-9999.9,-9999.9,-9999.9
1928,8,-9999.9,-9999.9,-9999.9,-9999.9,-9999.9
1928,9,-9999.9,-9999.9,-9999.9,-9999.9,-9999.9
1928,10,-9999.9,-9999.9,-9999.9,-9999.9,-9999.9
1928,11,-9999.9,-9999.9,-9999.9,-9999.9,-9999.9
1928,12,-9999.9,-9999.9,-9999.9,-9999.9,-9999.9
1929,1,-9999.9,-9999.9,-9999.9,-9999.9,-9999.9
1929,2,-9999.9,-9999.9,-9999.9,-9999.9,-9999.9
1929,3,-9999.9,-9999.9,-9999.9,-9999.9,-9999.9
1929,4,-9999.9,-9999.9,-9999.9,-9999.9,-9999.9
1929,5,-9999.9,-9999.9,-9999.9,-9999.9,-9999.9
1929,6,-9999.9,-9999.9,-9999.9,-9999.9,-9999.9
1929,7,-9999.9,-9999.9,-9999.9,-9999.9,-9999.9
1929,8,-9999.9,-9999.9,-9999.9,-9999.9,-9999.9
1929,9,-9999.9,-9999.9,-9999.9,-9999.9,-9999.9
1929,10,-9999.9,-9999.9,-9999.9,-9999.9,-9999.9
1929,11,-9999.9,-9999.9,-9999.9,-9999.9,-9999.9
1929,12,-9999.9,-9999.9,-9999.9,-9999.9,-9999.9
1930,1,-9999.9,-9999.9,-9999.9,-9999.9,-9999.9
1930,2,-9999.9,-9999.9,-9999.9,-9999.9,-9999.9
1930,3,-9999.9,-9999.9,-9999.9,-9999.9,-9999.9
1930,4,-9999.9,-9999.9,-9999.9,-9999.9,-9999.9
1930,5,-9999.9,-9999.9,-9999.9,-9999.9,-9999.9
1930,6,-9999.9,-9999.9,-9999.9,-9999.9,-9999.9
1930,7,-9999.9,-9999.9,-9999.9,-9999.9,-9999.9
1930,8,-9999.9,-9999.9,-9999.9,-9999.9,-9999.9
1930,9,-9999.9,-9999.9,-9999.9,-9999.9,-9999.9
1930,10,-9999.9,-9999.9,-9999.9,-9999.9,-9999.9
1930,11,-9999.9,-9999.9,-9999.9,-9999.9,-9999.9
1930,12,-9999.9,-9999.9,-9999.9,-9999.9,-9999.9
1931,1,-9999.9,-9999.9,-9999.9,-9999.9,-9999.9
1931,2,-9999.9,-9999.9,-9999.9,-9999.9,-9999.9
1931,3,-9999.9,-9999.9,-9999.9,-9999.9,-9999.9
1931,4,-9999.9,-9999.9,-9999.9,-9999.9,-9999.9
1931,5,-9999.9,-9999.9,-9999.9,-9999.9,-9999.9
1931,6,-9999.9,-9999.9,-9999.9,-9999.9,-9999.9
1931,7,-9999.9,-9999.9,-9999.9,-9999.9,-9999.9
1931,8,-9999.9,-9999.9,-9999.9,-9999.9,-9999.9
1931,9,-9999.9,-9999.9,-9999.9,-9999.9,-9999.9
1931,10,-9999.9,-9999.9,-9999.9,-9999.9,-9999.9
1931,11,-9999.9,-9999.9,-9999.9,-9999.9,-9999.9
1931,12,-9999.9,-9999.9,-9999.9,-9999.9,-9999.9
1932,1,-9999.9,-9999.9,-9999.9,-9999.9,-9999.9
1932,2,-9999.9,-9999.9,-9999.9,-9999.9,-9999.9
1932,3,-9999.9,-9999.9,-9999.9,-9999.9,-9999.9
1932,4,-9999.9,-9999.9,-9999.9,-9999.9,-9999.9
1932,5,-9999.9,-9999.9,-9999.9,-9999.9,-9999.9
1932,6,-9999.9,-9999.9,-9999.9,-9999.9,-9999.9
1932,7,-9999.9,-9999.9,-9999.9,-9999.9,-9999.9
1932,8,-9999.9,-9999.9,-9999.9,-9999.9,-9999.9
1932,9,-9999.9,-9999.9,-9999.9,-9999.9,-9999.9
1932,10,-9999.9,-9999.9,-9999.9,-9999.9,-9999.9
1932,11,-9999.9,-9999.9,-9999.9,-9999.9,-9999.9
1932,12,-9999.9,-9999.9,-9999.9,-9999.9,-9999.9
1933,1,-9999.9,-9999.9,-9999.9,-9999.9,-9999.9
1933,2,-9999.9,-9999.9,-9999.9,-9999.9,-9999.9
1933,3,-9999.9,-9999.9,-9999.9,-9999.9,-9999.9
1933,4,-9999.9,-9999.9,-9999.9,-9999.9,-9999.9
1933,5,-9999.9,-9999.9,-9999.9,-9999.9,-9999.9
1933,6,-9999.9,-9999.9,-9999.9,-9999.9,-9999.9
1933,7,-9999.9,-9999.9,-9999.9,-9999.9,-9999.9
1933,8,-9999.9,-9999.9,-9999.9,-9999.9,-9999.9
1933,9,-9999.9,-9999.9,-9999.9,-9999.9,-9999.9
1933,10,-9999.9,-9999.9,-9999.9,-9999.9,-9999.9
1933,11,-9999.9,-9999.9,-9999.9,-9999.9,-9999.9
1933,12,-9999.9,-9999.9,-9999.9,-9999.9,-9999.9
1934,1,-9999.9,-9999.9,-9999.9,-9999.9,-9999.9
1934,2,-9999.9,-9999.9,-9999.9,-9999.9,-9999.9
1934,3,-9999.9,-9999.9,-9999.9,-9999.9,-9999.9
1934,4,-9999.9,-9999.9,-9999.9,-9999.9,-9999.9
1934,5,-9999.9,-9999.9,-9999.9,-9999.9,-9999.9
1934,6,-9999.9,-9999.9,-9999.9,-9999.9,-9999.9
1934,7,-9999.9,-9999.9,-9999.9,-9999.9,-9999.9
1934,8,-9999.9,-9999.9,-9999.9,-9999.9,-9999.9
1934,9,-9999.9,-9999.9,-9999.9,-9999.9,-9999.9
1934,10,-9999.9,-9999.9,-9999.9,-9999.9,-9999.9
1934,11,-9999.9,-9999.9,-9999.9,-9999.9,-9999.9
1934,12,-9999.9,-9999.9,-9999.9,-9999.9,-9999.9
1935,1,-9999.9,-9999.9,-9999.9,-9999.9,-9999.9
1935,2,-9999.9,-9999.9,-9999.9,-9999.9,-9999.9
1935,3,-9999.9,-9999.9,-9999.9,-9999.9,-9999.9
1935,4,-9999.9,-9999.9,-9999.9,-9999.9,-9999.9
1935,5,-9999.9,-9999.9,-9999.9,-9999.9,-9999.9
1935,6,-9999.9,-9999.9,-9999.9,-9999.9,-9999.9
1935,7,-9999.9,-9999.9,-9999.9,-9999.9,-9999.9
1935,8,-9999.9,-9999.9,-9999.9,-9999.9,-9999.9
1935,9,-9999.9,-9999.9,-9999.9,-9999.9,-9999.9
1935,10,-9999.9,-9999.9,-9999.9,-9999.9,-9999.9
1935,11,-9999.9,-9999.9,-9999.9,-9999.9,-9999.9
1935,12,-9999.9,-9999.9,-9999.9,-9999.9,-9999.9
1936,1,-9999.9,-9999.9,-9999.9,-9999.9,-9999.9
1936,2,-9999.9,-9999.9,-9999.9,-9999.9,-9999.9
1936,3,-9999.9,-9999.9,-9999.9,-9999.9,-9999.9
1936,4,-9999.9,-9999.9,-9999.9,-9999.9,-9999.9
1936,5,-9999.9,-9999.9,-9999.9,-9999.9,-9999.9
1936,6,-9999.9,-9999.9,-9999.9,-9999.9,-9999.9
1936,7,-9999.9,-9999.9,-9999.9,-9999.9,-9999.9
1936,8,-9999.9,-9999.9,-9999.9,-9999.9,-9999.9
1936,9,-9999.9,-9999.9,-9999.9,-9999.9,-9999.9
1936,10,-9999.9,-9999.9,-9999.9,-9999.9,-9999.9
1936,11,-9999.9,-9999.9,-9999.9,-9999.9,-9999.9
1936,12,-9999.9,-9999.9,-9999.9,-9999.9,-9999.9
1937,1,-9999.9,-9999.9,-9999.9,-9999.9,-9999.9
1937,2,-9999.9,-9999.9,-9999.9,-9999.9,-9999.9
1937,3,-9999.9,-9999.9,-9999.9,-9999.9,-9999.9
1937,4,-9999.9,-9999.9,-9999.9,-9999.9,-9999.9
1937,5,-9999.9,-9999.9,-9999.9,-9999.9,-9999.9
1937,6,-9999.9,-9999.9,-9999.9,-9999.9,-9999.9
1937,7,-9999.9,-9999.9,-9999.9,-9999.9,-9999.9
1937,8,-9999.9,-9999.9,-9999.9,-9999.9,-9999.9
1937,9,-9999.9,-9999.9,-9999.9,-9999.9,-9999.9
1937,10,-9999.9,-9999.9,-9999.9,-9999.9,-9999.9
1937,11,-9999.9,-9999.9,-9999.9,-9999.9,-9999.9
1937,12,-9999.9,-9999.9,-9999.9,-9999.9,-9999.9
1938,1,-9999.9,-9999.9,-9999.9,-9999.9,-9999.9
1938,2,-9999.9,-9999.9,-9999.9,-9999.9,-9999.9
1938,3,-9999.9,-9999.9,-9999.9,-9999.9,-9999.9
1938,4,-9999.9,-9999.9,-9999.9,-9999.9,-9999.9
1938,5,-9999.9,-9999.9,-9999.9,-9999.9,-9999.9
1938,6,-9999.9,-9999.9,-9999.9,-9999.9,-9999.9
1938,7,-9999.9,-9999.9,-9999.9,-9999.9,-9999.9
1938,8,-9999.9,-9999.9,-9999.9,-9999.9,-9999.9
1938,9,-9999.9,-9999.9,-9999.9,-9999.9,-9999.9
1938,10,-9999.9,-9999.9,-9999.9,-9999.9,-9999.9
1938,11,-9999.9,-9999.9,-9999.9,-9999.9,-9999.9
1938,12,-9999.9,-9999.9,-9999.9,-9999.9,-9999.9
1939,1,-9999.9,-9999.9,-9999.9,-9999.9,-9999.9
1939,2,-9999.9,-9999.9,-9999.9,-9999.9,-9999.9
1939,3,-9999.9,-9999.9,-9999.9,-9999.9,-9999.9
1939,4,-9999.9,-9999.9,-9999.9,-9999.9,-9999.9
1939,5,-9999.9,-9999.9,-9999.9,-9999.9,-9999.9
1939,6,-9999.9,-9999.9,-9999.9,-9999.9,-9999.9
1939,7,-9999.9,-9999.9,-9999.9,-9999.9,-9999.9
1939,8,-9999.9,-9999.9,-9999.9,-9999.9,-9999.9
1939,9,-9999.9,-9999.9,-9999.9,-9999.9,-9999.9
1939,10,-9999.9,-9999.9,-9999.9,-9999.9,-9999.9
1939,11,-9999.9,-9999.9,-9999.9,-9999.9,-9999.9
1939,12,-9999.9,-9999.9,-9999.9,-9999.9,-9999.9
1940,1,-9999.9,-9999.9,-9999.9,-9999.9,-9999.9
1940,2,-9999.9,-9999.9,-9999.9,-9999.9,-9999.9
1940,3,-9999.9,-9999.9,-9999.9,-9999.9,-9999.9
1940,4,-9999.9,-9999.9,-9999.9,-9999.9,-9999.9
1940,5,-9999.9,-9999.9,-9999.9,-9999.9,-9999.9
1940,6,-9999.9,-9999.9,-9999.9,-9999.9,-9999.9
1940,7,-9999.9,-9999.9,-9999.9,-9999.9,-9999.9
1940,8,-9999.9,-9999.9,-9999.9,-9999.9,-9999.9
1940,9,-9999.9,-9999.9,-9999.9,-9999.9,-9999.9
1940,10,-9999.9,-9999.9,-9999.9,-9999.9,-9999.9
1940,11,-9999.9,-9999.9,-9999.9,-9999.9,-9999.9
1940,12,-9999.9,-9999.9,-9999.9,-9999.9,-9999.9
1941,1,-9999.9,-9999.9,-9999.9,-9999.9,-9999.9
1941,2,-9999.9,-9999.9,-9999.9,-9999.9,-9999.9
1941,3,-9999.9,-9999.9,-9999.9,-9999.9,-9999.9
1941,4,-9999.9,-9999.9,-9999.9,-9999.9,-9999.9
1941,5,-9999.9,-9999.9,-9999.9,-9999.9,-9999.9
1941,6,-9999.9,-9999.9,-9999.9,-9999.9,-9999.9
1941,7,-9999.9,-9999.9,-9999.9,-9999.9,-9999.9
1941,8,-9999.9,-9999.9,-9999.9,-9999.9,-9999.9
1941,9,-9999.9,-9999.9,-9999.9,-9999.9,-9999.9
1941,10,-9999.9,-9999.9,-9999.9,-9999.9,-9999.9
1941,11,-9999.9,-9999.9,-9999.9,-9999.9,-9999.9
1941,12,-9999.9,-9999.9,-9999.9,-9999.9,-9999.9
1942,1,-9999.9,-9999.9,-9999.9,-9999.9,-9999.9
1942,2,-9999.9,-9999.9,-9999.9,-9999.9,-9999.9
1942,3,-9999.9,-9999.9,-9999.9,-9999.9,-9999.9
1942,4,-9999.9,-9999.9,-9999.9,-9999.9,-9999.9
1942,5,-9999.9,-9999.9,-9999.9,-9999.9,-9999.9
1942,6,-9999.9,-9999.9,-9999.9,-9999.9,-9999.9
1942,7,-9999.9,-9999.9,-9999.9,-9999.9,-9999.9
1942,8,-9999.9,-9999.9,-9999.9,-9999.9,-9999.9
1942,9,-9999.9,-9999.9,-9999.9,-9999.9,-9999.9
1942,10,-9999.9,-9999.9,-9999.9,-9999.9,-9999.9
1942,11,-9999.9,-9999.9,-9999.9,-9999.9,-9999.9
1942,12,-9999.9,-9999.9,-9999.9,-9999.9,-9999.9
1943,1,-9999.9,-9999.9,-9999.9,-9999.9,-9999.9
1943,2,-9999.9,-9999.9,-9999.9,-9999.9,-9999.9
1943,3,-9999.9,-9999.9,-9999.9,-9999.9,-9999.9
1943,4,-9999.9,-9999.9,-9999.9,-9999.9,-9999.9
1943,5,-9999.9,-9999.9,-9999.9,-9999.9,-9999.9
1943,6,-9999.9,-9999.9,-9999.9,-9999.9,-9999.9
1943,7,-9999.9,-9999.9,-9999.9,-9999.9,-9999.9
1943,8,-9999.9,-9999.9,-9999.9,-9999.9,-9999.9
1943,9,-9999.9,-9999.9,-9999.9,-9999.9,-9999.9
1943,10,-9999.9,-9999.9,-9999.9,-9999.9,-9999.9
1943,11,-9999.9,-9999.9,-9999.9,-9999.9,-9999.9
1943,12,-9999.9,-9999.9,-9999.9,-9999.9,-9999.9
1944,1,-9999.9,-9999.9,-9999.9,-9999.9,-9999.9
1944,2,-9999.9,-9999.9,-9999.9,-9999.9,-9999.9
1944,3,-9999.9,-9999.9,-9999.9,-9999.9,-9999.9
1944,4,-9999.9,-9999.9,-9999.9,-9999.9,-9999.9
1944,5,-9999.9,-9999.9,-9999.9,-9999.9,-9999.9
1944,6,-9999.9,-9999.9,-9999.9,-9999.9,-9999.9
1944,7,-9999.9,-9999.9,-9999.9,-9999.9,-9999.9
1944,8,-9999.9,-9999.9,-9999.9,-9999.9,-9999.9
1944,9,-9999.9,-9999.9,-9999.9,-9999.9,-9999.9
1944,10,-9999.9,-9999.9,-9999.9,-9999.9,-9999.9
1944,11,-9999.9,-9999.9,-9999.9,-9999.9,-9999.9
1944,12,-9999.9,-9999.9,-9999.9,-9999.9,-9999.9
1945,1,-9999.9,-9999.9,-9999.9,-9999.9,-9999.9
1945,2,-9999.9,-9999.9,-9999.9,-9999.9,-9999.9
1945,3,-9999.9,-9999.9,-9999.9,-9999.9,-9999.9
1945,4,-9999.9,-9999.9,-9999.9,-9999.9,-9999.9
1945,5,-9999.9,-9999.9,-9999.9,-9999.9,-9999.9
1945,6,-9999.9,-9999.9,-9999.9,-9999.9,-9999.9
1945,7,-9999.9,-9999.9,-9999.9,-9999.9,-9999.9
1945,8,-9999.9,-9999.9,-9999.9,-9999.9,-9999.9
1945,9,-9999.9,-9999.9,-9999.9,-9999.9,-9999.9
1945,10,-9999.9,-9999.9,-9999.9,-9999.9,-9999.9
1945,11,-9999.9,-9999.9,-9999.9,-9999.9,-9999.9
1945,12,-9999.9,-9999.9,-9999.9,-9999.9,-9999.9
1946,1,-9999.9,-9999.9,-9999.9,-9999.9,-9999.9
1946,2,-9999.9,-9999.9,-9999.9,-9999.9,-9999.9
1946,3,-9999.9,-9999.9,-9999.9,-9999.9,-9999.9
1946,4,-9999.9,-9999.9,-9999.9,-9999.9,-9999.9
1946,5,-9999.9,-9999.9,-9999.9,-9999.9,-9999.9
1946,6,-9999.9,-9999.9,-9999.9,-9999.9,-9999.9
1946,7,-9999.9,-9999.9,-9999.9,-9999.9,-9999.9
1946,8,-9999.9,-9999.9,-9999.9,-9999.9,-9999.9
1946,9,-9999.9,-9999.9,-9999.9,-9999.9,-9999.9
1946,10,-9999.9,-9999.9,-9999.9,-9999.9,-9999.9
1946,11,-9999.9,-9999.9,-9999.9,-9999.9,-9999.9
1946,12,-9999.9,-9999.9,-9999.9,-9999.9,-9999.9
1947,1,-9999.9,-9999.9,-9999.9,-9999.9,-9999.9
1947,2,-9999.9,-9999.9,-9999.9,-9999.9,-9999.9
1947,3,-9999.9,-9999.9,-9999.9,-9999.9,-9999.9
1947,4,-9999.9,-9999.9,-9999.9,-9999.9,-9999.9
1947,5,-9999.9,-9999.9,-9999.9,-9999.9,-9999.9
1947,6,-9999.9,-9999.9,-9999.9,-9999.9,-9999.9
1947,7,-9999.9,-9999.9,-9999.9,-9999.9,-9999.9
1947,8,-9999.9,-9999.9,-9999.9,-9999.9,-9999.9
1947,9,-9999.9,-9999.9,-9999.9,-9999.9,-9999.9
1947,10,-9999.9,-9999.9,-9999.9,-9999.9,-9999.9
1947,11,-9999.9,-9999.9,-9999.9,-9999.9,-9999.9
1947,12,-9999.9,-9999.9,-9999.9,-9999.9,-9999.9
1948,1,-9999.9,-9999.9,65.68,-9999.9,-9999.9
1948,2,-9999.9,-9999.9,13.16,-9999.9,-9999.9
1948,3,-9999.9,-9999.9,10.98,-9999.9,-9999.9
1948,4,-9999.9,-9999.9,1.12,-9999.9,-9999.9
1948,5,-9999.9,-9999.9,19.47,-9999.9,-9999.9
1948,6,-9999.9,-9999.9,28,-9999.9,-9999.9
1948,7,-9999.9,-9999.9,75.66,-9999.9,-9999.9
1948,8,-9999.9,-9999.9,108.69,-9999.9,-9999.9
1948,9,-9999.9,-9999.9,164.43,-9999.9,-9999.9
1948,10,-9999.9,-9999.9,200.1,-9999.9,-9999.9
1948,11,-9999.9,-9999.9,127.63,-9999.9,-9999.9
1948,12,-9999.9,-9999.9,107.46,-9999.9,-9999.9
1949,1,-9999.9,-9999.9,38.66,-9999.9,-9999.9
1949,2,-9999.9,-9999.9,28.48,-9999.9,-9999.9
1949,3,-9999.9,-9999.9,31.3,-9999.9,-9999.9
1949,4,-9999.9,-9999.9,18.23,-9999.9,-9999.9
1949,5,-9999.9,-9999.9,42.36,-9999.9,-9999.9
1949,6,-9999.9,-9999.9,28.11,-9999.9,-9999.9
1949,7,-9999.9,-9999.9,89.85,-9999.9,-9999.9
1949,8,-9999.9,-9999.9,149.32,-9999.9,-9999.9
1949,9,-9999.9,-9999.9,218.59,-9999.9,-9999.9
1949,10,-9999.9,-9999.9,138.99,-9999.9,-9999.9
1949,11,-9999.9,-9999.9,167.29,-9999.9,-9999.9
1949,12,-9999.9,-9999.9,88.02,-9999.9,-9999.9
1950,1,38.48,-9999.9,37.59,-9999.9,-9999.9
1950,2,38.89,-9999.9,38.42,-9999.9,-9999.9
1950,3,30.52,-9999.9,30.73,-9999.9,-9999.9
1950,4,14.06,-9999.9,14.72,-9999.9,-9999.9
1950,5,7,-9999.9,6.17,-9999.9,-9999.9
1950,6,49.83,-9999.9,42.9,-9999.9,-9999.9
1950,7,73.9,-9999.9,70.93,-9999.9,-9999.9
1950,8,113.48,-9999.9,107.89,-9999.9,-9999.9
1950,9,152.04,-9999.9,151.61,-9999.9,-9999.9
1950,10,138.72,-9999.9,133.63,-9999.9,-9999.9
1950,11,191.88,-9999.9,192.84,-9999.9,-9999.9
1950,12,78.14,-9999.9,86.72,-9999.9,-9999.9
1951,1,31.25,-9999.9,31.47,-9999.9,-9999.9
1951,2,16.49,-9999.9,15.75,-9999.9,-9999.9
1951,3,15.75,-9999.9,15.6,-9999.9,-9999.9
1951,4,3.3,-9999.9,5.22,-9999.9,-9999.9
1951,5,15.55,-9999.9,17.57,-9999.9,-9999.9
1951,6,34.2,-9999.9,37.5,-9999.9,-9999.9
1951,7,79.05,-9999.9,84.1,-9999.9,-9999.9
1951,8,124.35,-9999.9,130.05,-9999.9,-9999.9
1951,9,178.93,-9999.9,182.68,-9999.9,-9999.9
1951,10,156.7,-9999.9,165.32,-9999.9,-9999.9
1951,11,161.23,-9999.9,171.27,-9999.9,-9999.9
1951,12,74.78,-9999.9,78.88,-9999.9,-9999.9
1952,1,29.74,-9999.9,32.23,-9999.9,-9999.9
1952,2,22.41,-9999.9,21.64,-9999.9,-9999.9
1952,3,19.04,-9999.9,19.75,-9999.9,-9999.9
1952,4,5.82,-9999.9,7.34,-9999.9,-9999.9
1952,5,29.47,-9999.9,33.03,-9999.9,-9999.9
1952,6,37.48,-9999.9,38.28,-9999.9,-9999.9
1952,7,102.13,-9999.9,105.9,-9999.9,-9999.9
1952,8,121.89,-9999.9,125.21,-9999.9,-9999.9
1952,9,169.5,-9999.9,179.42,-9999.9,-9999.9
1952,10,235.02,-9999.9,241.36,-9999.9,-9999.9
1952,11,110.33,-9999.9,116.05,-9999.9,-9999.9
1952,12,77.03,-9999.9,77.15,-9999.9,-9999.9
1953,1,34.34,-9999.9,32.71,-9999.9,-9999.9
1953,2,35.29,-9999.9,33.84,-9999.9,-9999.9
1953,3,20.99,-9999.9,20.84,-9999.9,-9999.9
1953,4,25.17,-9999.9,25.57,-9999.9,-9999.9
1953,5,20.44,-9999.9,18.99,-9999.9,-9999.9
1953,6,36.21,-9999.9,36.87,-9999.9,-9999.9
1953,7,96.74,-9999.9,100.25,-9999.9,-9999.9
1953,8,117.7,-9999.9,122.39,-9999.9,-9999.9
1953,9,188.23,-9999.9,197.11,-9999.9,-9999.9
1953,10,152.86,-9999.9,155.96,-9999.9,-9999.9
1953,11,143.33,-9999.9,151.86,-9999.9,-9999.9
1953,12,124.16,-9999.9,121.45,-9999.9,-9999.9
1954,1,44.31,-9999.9,45.28,-9999.9,-9999.9
1954,2,13.88,-9999.9,15.98,-9999.9,-9999.9
1954,3,30.88,-9999.9,31.42,-9999.9,-9999.9
1954,4,7.26,-9999.9,8.05,-9999.9,-9999.9
1954,5,37.43,-9999.9,36.81,-9999.9,-9999.9
1954,6,37.12,-9999.9,38.71,-9999.9,-9999.9
1954,7,90,-9999.9,89.9,-9999.9,-9999.9
1954,8,129.42,-9999.9,136.71,-9999.9,-9999.9
1954,9,143.69,-9999.9,147.59,-9999.9,-9999.9
1954,10,165.01,-9999.9,172.11,-9999.9,-9999.9
1954,11,138.54,-9999.9,140.99,-9999.9,-9999.9
1954,12,94.05,-9999.9,99.86,-9999.9,-9999.9
1955,1,48.02,-9999.9,52.81,-9999.9,-9999.9
1955,2,16.27,-9999.9,17.43,-9999.9,-9999.9
1955,3,22.38,-9999.9,24.07,-9999.9,-9999.9
1955,4,1.64,-9999.9,2.51,-9999.9,-9999.9
1955,5,30.83,-9999.9,32.73,-9999.9,-9999.9
1955,6,52.5,-9999.9,56.25,-9999.9,-9999.9
1955,7,83.96,-9999.9,84.53,-9999.9,-9999.9
1955,8,139.2,-9999.9,147.84,-9999.9,-9999.9
1955,9,170.49,-9999.9,184.05,-9999.9,-9999.9
1955,10,174.12,-9999.9,201.72,-9999.9,-9999.9
1955,11,168.51,-9999.9,179.45,-9999.9,-9999.9
1955,12,74.88,-9999.9,81.41,-9999.9,-9999.9
1956,1,29.9,-9999.9,32.21,-9999.9,-9999.9
1956,2,16.2,-9999.9,22.18,-9999.9,-9999.9
1956,3,18.79,-9999.9,24.39,-9999.9,-9999.9
1956,4,4.6,-9999.9,12.58,-9999.9,-9999.9
1956,5,14.43,-9999.9,26.64,-9999.9,-9999.9
1956,6,30.43,-9999.9,36.82,-9999.9,-9999.9
1956,7,64.28,-9999.9,76.49,-9999.9,-9999.9
1956,8,95.1,-9999.9,109.22,-9999.9,-9999.9
1956,9,155.42,-9999.9,178.11,-9999.9,-9999.9
1956,10,125.26,-9999.9,148.43,-9999.9,-9999.9
1956,11,155.52,-9999.9,177.74,-9999.9,-9999.9
1956,12,63.39,-9999.9,71.08,-9999.9,-9999.9
1957,1,40.34,-9999.9,51.98,-9999.9,-9999.9
1957,2,12.6,-9999.9,15.39,-9999.9,-9999.9
1957,3,11.35,-9999.9,16.57,-9999.9,-9999.9
1957,4,5.95,-9999.9,11.5,-9999.9,-9999.9
1957,5,21.99,-9999.9,34.82,-9999.9,-9999.9
1957,6,34.72,-9999.9,36.1,-9999.9,-9999.9
1957,7,71.98,-9999.9,88.73,-9999.9,-9999.9
1957,8,123.76,-9999.9,144.2,-9999.9,-9999.9
1957,9,126.18,-9999.9,165.63,-9999.9,-9999.9
1957,10,167.54,-9999.9,195.57,-9999.9,-9999.9
1957,11,136.02,-9999.9,143.47,-9999.9,-9999.9
1957,12,68.69,-9999.9,80.04,-9999.9,-9999.9
1958,1,39.35,-9999.9,45.97,-9999.9,-9999.9
1958,2,23.58,-9999.9,38.05,-9999.9,-9999.9
1958,3,10.89,-9999.9,8.55,-9999.9,-9999.9
1958,4,5,-9999.9,5.05,-9999.9,-9999.9
1958,5,19.87,-9999.9,31.66,-9999.9,-9999.9
1958,6,46.13,-9999.9,51.93,-9999.9,-9999.9
1958,7,48.48,-9999.9,58.5,-9999.9,-9999.9
1958,8,111.02,-9999.9,124.9,-9999.9,-9999.9
1958,9,122.68,-9999.9,145.08,-9999.9,-9999.9
1958,10,163.92,-9999.9,186.51,-9999.9,-9999.9
1958,11,137.55,-9999.9,153.82,-9999.9,-9999.9
1958,12,80.5,-9999.9,96.61,-9999.9,-9999.9
1959,1,20.19,-9999.9,34.3,-9999.9,-9999.9
1959,2,12.21,-9999.9,14.21,-9999.9,-9999.9
1959,3,14.64,-9999.9,14.78,-9999.9,-9999.9
1959,4,0.03,-9999.9,0.26,-9999.9,-9999.9
1959,5,-4.05,-9999.9,5.65,-9999.9,-9999.9
1959,6,29.37,-9999.9,44.29,-9999.9,-9999.9
1959,7,55.71,-9999.9,76.27,-9999.9,-9999.9
1959,8,75.06,-9999.9,94.38,-9999.9,-9999.9
1959,9,162.59,-9999.9,170.51,-9999.9,-9999.9
1959,10,187.28,-9999.9,197.68,-9999.9,-9999.9
1959,11,151.9,-9999.9,159.45,-9999.9,-9999.9
1959,12,56.69,-9999.9,70.94,-9999.9,-9999.9
1960,1,39.42,-9999.9,42.68,-9999.9,-9999.9
1960,2,27.73,-9999.9,40.73,-9999.9,-9999.9
1960,3,19.48,-9999.9,37.3,-9999.9,-9999.9
1960,4,0.57,-9999.9,1.97,-9999.9,-9999.9
1960,5,-3.87,-9999.9,10.13,-9999.9,-9999.9
1960,6,25.09,-9999.9,40.67,-9999.9,-9999.9
1960,7,70.71,-9999.9,89.51,-9999.9,-9999.9
1960,8,94.09,-9999.9,104.25,-9999.9,-9999.9
1960,9,123.07,-9999.9,142.53,-9999.9,-9999.9
1960,10,168.5,-9999.9,212.91,-9999.9,-9999.9
1960,11,120.23,-9999.9,137.56,-9999.9,-9999.9
1960,12,101.56,-9999.9,119.84,-9999.9,-9999.9
1961,1,22.61,-9999.9,29.43,-9999.9,-9999.9
1961,2,5.16,-9999.9,5.95,-9999.9,-9999.9
1961,3,13.06,-9999.9,9.94,-9999.9,-9999.9
1961,4,4.23,-9999.9,5.41,-9999.9,-9999.9
1961,5,17.56,-9999.9,30.89,-9999.9,-9999.9
1961,6,29.88,-9999.9,40.38,-9999.9,-9999.9
1961,7,43.58,-9999.9,53.73,-9999.9,-9999.9
1961,8,97.4,-9999.9,110.05,-9999.9,-9999.9
1961,9,129.35,-9999.9,164.24,-9999.9,-9999.9
1961,10,163.29,-9999.9,190.93,-9999.9,-9999.9
1961,11,145.8,-9999.9,159.27,-9999.9,-9999.9
1961,12,97.67,-9999.9,111.14,-9999.9,-9999.9
1962,1,34.08,-9999.9,42.16,-9999.9,-9999.9
1962,2,5.96,-9999.9,14.65,-9999.9,-9999.9
1962,3,8.86,-9999.9,9.76,-9999.9,-9999.9
1962,4,5.55,-9999.9,3.69,-9999.9,-9999.9
1962,5,-0.03,-9999.9,6.3,-9999.9,-9999.9
1962,6,21.14,-9999.9,38.46,-9999.9,-9999.9
1962,7,81.59,-9999.9,102.89,-9999.9,-9999.9
1962,8,86.09,-9999.9,109.53,-9999.9,-9999.9
1962,9,151.37,-9999.9,183.13,-9999.9,-9999.9
1962,10,132.5,-9999.9,165.48,-9999.9,-9999.9
1962,11,111.27,-9999.9,121.86,-9999.9,-9999.9
1962,12,93.23,-9999.9,106.98,-9999.9,-9999.9
1963,1,19.12,-9999.9,31.22,-9999.9,-9999.9
1963,2,8.18,-9999.9,10.75,-9999.9,-9999.9
1963,3,7.78,-9999.9,7.58,-9999.9,-9999.9
1963,4,2.67,-9999.9,0.57,-9999.9,-9999.9
1963,5,0.92,-9999.9,11.66,-9999.9,-9999.9
1963,6,20.19,-9999.9,34.9,-9999.9,-9999.9
1963,7,65.08,-9999.9,78.96,-9999.9,-9999.9
1963,8,111.83,-9999.9,134.51,-9999.9,-9999.9
1963,9,130.5,-9999.9,155.02,-9999.9,-9999.9
1963,10,114.2,-9999.9,132.24,-9999.9,-9999.9
1963,11,147.37,-9999.9,154.08,-9999.9,-9999.9
1963,12,115.36,-9999.9,118.29,-9999.9,-9999.9
1964,1,31.42,-9999.9,31.92,-9999.9,-9999.9
1964,2,25.41,-9999.9,25.44,-9999.9,-9999.9
1964,3,16.71,-9999.9,16.56,-9999.9,-9999.9
1964,4,4.07,-9999.9,5.2,-9999.9,-9999.9
1964,5,25.86,-9999.9,29.19,-9999.9,-9999.9
1964,6,38.52,-9999.9,40.57,-9999.9,-9999.9
1964,7,89.03,-9999.9,93.35,-9999.9,-9999.9
1964,8,129.81,-9999.9,138.75,-9999.9,-9999.9
1964,9,162.34,-9999.9,167.23,-9999.9,-9999.9
1964,10,168.92,-9999.9,177.71,-9999.9,-9999.9
1964,11,122.82,-9999.9,124.5,-9999.9,-9999.9
1964,12,80.61,-9999.9,84.82,-9999.9,-9999.9
1965,1,47.12,-9999.9,47.92,-9999.9,-9999.9
1965,2,22.4,-9999.9,23.52,-9999.9,-9999.9
1965,3,19.35,-9999.9,19.58,-9999.9,-9999.9
1965,4,2.54,-9999.9,3.26,-9999.9,-9999.9
1965,5,7.51,-9999.9,11.7,-9999.9,-9999.9
1965,6,41.64,-9999.9,46.09,-9999.9,-9999.9
1965,7,78.99,-9999.9,96.09,-9999.9,-9999.9
1965,8,105.18,-9999.9,118.68,-9999.9,-9999.9
1965,9,106.07,-9999.9,119.79,-9999.9,-9999.9
1965,10,178.91,-9999.9,201.59,-9999.9,-9999.9
1965,11,122.33,-9999.9,129.95,-9999.9,-9999.9
1965,12,68.05,-9999.9,74.04,-9999.9,-9999.9
1966,1,56.03,-9999.9,59.19,-9999.9,-9999.9
1966,2,14.98,-9999.9,14.6,-9999.9,-9999.9
1966,3,15.16,-9999.9,13.9,-9999.9,-9999.9
1966,4,7.06,-9999.9,6.12,-9999.9,-9999.9
1966,5,29.34,-9999.9,34.26,-9999.9,-9999.9
1966,6,17.44,-9999.9,28.37,-9999.9,-9999.9
1966,7,86.88,-9999.9,105.1,-9999.9,-9999.9
1966,8,106.82,-9999.9,118.34,-9999.9,-9999.9
1966,9,161.75,-9999.9,186.67,-9999.9,-9999.9
1966,10,171.41,-9999.9,184.76,-9999.9,-9999.9
1966,11,102.15,-9999.9,109.24,-9999.9,-9999.9
1966,12,94.42,-9999.9,92.84,-9999.9,-9999.9
1967,1,41.53,-9999.9,40.48,-9999.9,-9999.9
1967,2,39.4,-9999.9,40.77,-9999.9,-9999.9
1967,3,13.57,-9999.9,13.41,-9999.9,-9999.9
1967,4,2.67,-9999.9,5.56,-9999.9,-9999.9
1967,5,19.21,-9999.9,25.8,-9999.9,-9999.9
1967,6,21.9,-9999.9,32.31,-9999.9,-9999.9
1967,7,65.84,-9999.9,74.67,-9999.9,-9999.9
1967,8,116.17,-9999.9,127.96,-9999.9,-9999.9
1967,9,147.03,-9999.9,165.39,-9999.9,-9999.9
1967,10,157.9,-9999.9,166.61,-9999.9,-9999.9
1967,11,137.82,-9999.9,149.26,-9999.9,-9999.9
1967,12,65.25,-9999.9,68.27,-9999.9,-9999.9
1968,1,33.64,-9999.9,33.97,-9999.9,-9999.9
1968,2,25.82,-9999.9,22.93,-9999.9,-9999.9
1968,3,12.53,-9999.9,11.18,-9999.9,-9999.9
1968,4,2.3,-9999.9,2.06,-9999.9,-9999.9
1968,5,11.55,-9999.9,14.24,-9999.9,-9999.9
1968,6,29.88,-9999.9,34.01,-9999.9,-9999.9
1968,7,67.59,-9999.9,74.34,-9999.9,-9999.9
1968,8,105.06,-9999.9,115.51,-9999.9,-9999.9
1968,9,120.35,-9999.9,125.02,-9999.9,-9999.9
1968,10,179.69,-9999.9,193.65,-9999.9,-9999.9
1968,11,144.43,-9999.9,141.52,-9999.9,-9999.9
1968,12,114.51,-9999.9,111.79,-9999.9,-9999.9
1969,1,32,-9999.9,35.77,-9999.9,-9999.9
1969,2,18.27,-9999.9,19.23,-9999.9,-9999.9
1969,3,21.4,-9999.9,21.6,-9999.9,-9999.9
1969,4,0.05,-9999.9,0.89,-9999.9,-9999.9
1969,5,10.84,-9999.9,14.55,-9999.9,-9999.9
1969,6,28.02,-9999.9,33.62,-9999.9,-9999.9
1969,7,52.44,-9999.9,59.32,-9999.9,-9999.9
1969,8,106.89,-9999.9,112.55,-9999.9,-9999.9
1969,9,156.99,-9999.9,165.83,-9999.9,-9999.9
1969,10,190.28,-9999.9,195.96,-9999.9,-9999.9
1969,11,134.55,-9999.9,128.37,-9999.9,-9999.9
1969,12,97.19,-9999.9,90.09,-9999.9,-9999.9
1970,1,34.18,-9999.9,28.69,-9999.9,-9999.9
1970,2,17.01,-9999.9,14.97,-9999.9,-9999.9
1970,3,12.43,-9999.9,12.98,-9999.9,-9999.9
1970,4,1.8,-9999.9,1.98,-9999.9,-9999.9
1970,5,0.94,-9999.9,1.13,-9999.9,-9999.9
1970,6,30.93,-9999.9,38.55,-9999.9,-9999.9
1970,7,44.52,-9999.9,52.68,-9999.9,-9999.9
1970,8,104.28,-9999.9,123.02,-9999.9,-9999.9
1970,9,117.96,-9999.9,139.61,-9999.9,-9999.9
1970,10,140.28,-9999.9,158.63,-9999.9,-9999.9
1970,11,161.7,-9999.9,163.82,-9999.9,-9999.9
1970,12,111.47,-9999.9,98.46,-9999.9,-9999.9
1971,1,50.81,-9999.9,46.19,-9999.9,-9999.9
1971,2,14.32,-9999.9,12.4,-9999.9,-9999.9
1971,3,16.8,-9999.9,20.07,-9999.9,-9999.9
1971,4,5.74,-9999.9,7.07,-9999.9,-9999.9
1971,5,6.61,-9999.9,9.11,-9999.9,-9999.9
1971,6,12.82,-9999.9,17.47,-9999.9,-9999.9
1971,7,84.41,-9999.9,97.26,-9999.9,-9999.9
1971,8,100.22,-9999.9,110.42,-9999.9,-9999.9
1971,9,101.26,-9999.9,114.22,-9999.9,-9999.9
1971,10,109.49,-9999.9,128.69,-9999.9,-9999.9
1971,11,202.24,-9999.9,191.82,-9999.9,-9999.9
1971,12,95.13,-9999.9,89.31,-9999.9,-9999.9
1972,1,69.23,-9999.9,62.59,-9999.9,-9999.9
1972,2,25.19,-9999.9,26.68,-9999.9,-9999.9
1972,3,19.46,-9999.9,17.93,-9999.9,-9999.9
1972,4,8.73,-9999.9,9.04,-9999.9,-9999.9
1972,5,2.44,-9999.9,7.04,-9999.9,-9999.9
1972,6,36.59,-9999.9,48.66,-9999.9,-9999.9
1972,7,44.38,-9999.9,60.13,-9999.9,-9999.9
1972,8,81.16,-9999.9,100.73,-9999.9,-9999.9
1972,9,133.36,-9999.9,138.28,-9999.9,-9999.9
1972,10,186.32,-9999.9,192.95,-9999.9,-9999.9
1972,11,119.31,-9999.9,121.73,-9999.9,-9999.9
1972,12,79.63,-9999.9,69.9,-9999.9,-9999.9
1973,1,49.74,-9999.9,46.33,-9999.9,-9999.9
1973,2,34.29,-9999.9,33.02,-9999.9,-9999.9
1973,3,6.06,-9999.9,5.68,-9999.9,-9999.9
1973,4,13.84,-9999.9,14.75,-9999.9,-9999.9
1973,5,21.16,-9999.9,20.88,-9999.9,-9999.9
1973,6,23.96,-9999.9,27.82,-9999.9,-9999.9
1973,7,70.66,-9999.9,80.27,-9999.9,-9999.9
1973,8,92.15,-9999.9,100.94,-9999.9,-9999.9
1973,9,175.84,-9999.9,183.96,-9999.9,-9999.9
1973,10,160.57,-9999.9,167.17,-9999.9,-9999.9
1973,11,153.92,-9999.9,156.44,-9999.9,-9999.9
1973,12,107.77,-9999.9,110.87,-9999.9,-9999.9
1974,1,28.3,-9999.9,28.99,-9999.9,-9999.9
1974,2,35.24,-9999.9,37.23,-9999.9,-9999.9
1974,3,21.63,-9999.9,22.02,-9999.9,-9999.9
1974,4,6.19,-9999.9,7.05,-9999.9,-9999.9
1974,5,18.8,-9999.9,24.67,-9999.9,-9999.9
1974,6,35.59,-9999.9,41.12,-9999.9,-9999.9
1974,7,68.66,-9999.9,82.83,-9999.9,-9999.9
1974,8,96.25,-9999.9,104.93,-9999.9,-9999.9
1974,9,166.66,-9999.9,182.01,-9999.9,-9999.9
1974,10,158.11,-9999.9,166.99,-9999.9,-9999.9
1974,11,122.98,-9999.9,122.84,-9999.9,-9999.9
1974,12,78.76,-9999.9,79.78,-9999.9,-9999.9
1975,1,37.95,-9999.9,40.16,-9999.9,-9999.9
1975,2,30.63,-9999.9,30.88,-9999.9,-9999.9
1975,3,27.95,-9999.9,29.03,-9999.9,-9999.9
1975,4,19.71,-9999.9,21.33,-9999.9,-9999.9
1975,5,-0.57,-9999.9,2.35,-9999.9,-9999.9
1975,6,19.59,-9999.9,25.74,-9999.9,-9999.9
1975,7,78.09,-9999.9,95.31,-9999.9,-9999.9
1975,8,103.41,-9999.9,114.11,-9999.9,-9999.9
1975,9,171.18,-9999.9,183.28,-9999.9,-9999.9
1975,10,155.46,-9999.9,161.2,-9999.9,-9999.9
1975,11,120.5,-9999.9,124.21,-9999.9,-9999.9
1975,12,108.39,-9999.9,111.24,-9999.9,-9999.9
1976,1,48.26,-9999.9,49.08,-9999.9,-9999.9
1976,2,10.8,-9999.9,10.44,-9999.9,-9999.9
1976,3,11.62,-9999.9,13.13,-9999.9,-9999.9
1976,4,13.28,-9999.9,16,-9999.9,-9999.9
1976,5,25.92,-9999.9,31.39,-9999.9,-9999.9
1976,6,22.62,-9999.9,29.66,-9999.9,-9999.9
1976,7,70.66,-9999.9,78.46,-9999.9,-9999.9
1976,8,120.21,-9999.9,130.61,-9999.9,-9999.9
1976,9,163.52,-9999.9,176.27,-9999.9,-9999.9
1976,10,201.71,-9999.9,208.09,-9999.9,-9999.9
1976,11,140.75,-9999.9,144.97,-9999.9,-9999.9
1976,12,68.6,-9999.9,70.37,-9999.9,-9999.9
1977,1,19.53,-9999.9,21.65,-9999.9,-9999.9
1977,2,12,-9999.9,11.83,-9999.9,-9999.9
1977,3,8.58,-9999.9,9.15,-9999.9,-9999.9
1977,4,1.26,-9999.9,1.55,-9999.9,-9999.9
1977,5,2.56,-9999.9,5.89,-9999.9,-9999.9
1977,6,29.48,-9999.9,39.08,-9999.9,-9999.9
1977,7,63.58,-9999.9,73.89,-9999.9,-9999.9
1977,8,109.55,-9999.9,118.01,-9999.9,-9999.9
1977,9,135.39,-9999.9,144.37,-9999.9,-9999.9
1977,10,200.19,-9999.9,207.9,-9999.9,-9999.9
1977,11,139.51,-9999.9,140.6,-9999.9,-9999.9
1977,12,95.48,-9999.9,93.96,-9999.9,-9999.9
1978,1,32.69,-9999.9,34.06,-9999.9,-9999.9
1978,2,8.19,-9999.9,8.16,-9999.9,-9999.9
1978,3,11.82,-9999.9,12.22,-9999.9,-9999.9
1978,4,3.51,-9999.9,3.02,-9999.9,-9999.9
1978,5,-3.3,-9999.9,-2.37,-9999.9,-9999.9
1978,6,9.17,-9999.9,19.68,-9999.9,-9999.9
1978,7,51.63,-9999.9,67.32,-9999.9,-9999.9
1978,8,74.04,-9999.9,88.33,-9999.9,-9999.9
1978,9,135.25,-9999.9,147.86,-9999.9,-9999.9
1978,10,181.47,-9999.9,189.66,-9999.9,-9999.9
1978,11,128.68,-9999.9,130.31,-9999.9,-9999.9
1978,12,94.65,-9999.9,95.28,-9999.9,-9999.9
1979,1,40.75,-9999.9,40.16,-9999.9,-9999.9
1979,2,12.06,-9999.9,12.69,-9999.9,-9999.9
1979,3,10.86,-9999.9,10.8,-9999.9,-9999.9
1979,4,2.87,-9999.9,3.11,-9999.9,-9999.9
1979,5,5.74,-9999.9,10.93,-9999.9,-9999.9
1979,6,27.51,-9999.9,37.73,-9999.9,-9999.9
1979,7,43.54,-9999.9,55.99,-9999.9,-9999.9
1979,8,110.54,-9999.9,121.84,-9999.9,-9999.9
1979,9,135.3,-9999.9,148.41,-9999.9,-9999.9
1979,10,191.57,-9999.9,196.01,-9999.9,-9999.9
1979,11,124.14,-9999.9,123.17,-9999.9,-9999.9
1979,12,91.99,-9999.9,95.35,-9999.9,-9999.9
1980,1,52.24,-9999.9,52.81,-9999.9,-9999.9
1980,2,29.74,-9999.9,29.6,-9999.9,-9999.9
1980,3,14.91,-9999.9,15.17,-9999.9,-9999.9
1980,4,1.04,-9999.9,1.68,-9999.9,-9999.9
1980,5,5.23,-9999.9,9.71,-9999.9,-9999.9
1980,6,38.42,-9999.9,50.48,-9999.9,-9999.9
1980,7,48.93,-9999.9,65.05,-9999.9,-9999.9
1980,8,80.33,-9999.9,90.95,-9999.9,-9999.9
1980,9,175.1,-9999.9,186.24,-9999.9,-9999.9
1980,10,240.44,-9999.9,245.58,-9999.9,-9999.9
1980,11,140.12,-9999.9,142.95,-9999.9,-9999.9
1980,12,84.78,-9999.9,87.28,-9999.9,-9999.9
1981,1,31.03,-9999.9,29.75,-9999.9,-9999.9
1981,2,12.64,-9999.9,11.8,-9999.9,-9999.9
1981,3,16.26,-9999.9,15.33,-9999.9,-9999.9
1981,4,0.78,-9999.9,1.8,-9999.9,-9999.9
1981,5,10.84,-9999.9,17.28,-9999.9,-9999.9
1981,6,25.55,-9999.9,35.77,-9999.9,-9999.9
1981,7,69.93,-9999.9,85.68,-9999.9,-9999.9
1981,8,98.83,-9999.9,108.09,-9999.9,-9999.9
1981,9,183.63,-9999.9,194.99,-9999.9,-9999.9
1981,10,185.93,-9999.9,194.75,-9999.9,-9999.9
1981,11,131.27,-9999.9,131.54,-9999.9,-9999.9
1981,12,96.99,-9999.9,96.68,-9999.9,-9999.9
1982,1,49.8,-9999.9,50.67,-9999.9,-9999.9
1982,2,12.08,-9999.9,12.82,-9999.9,-9999.9
1982,3,13.17,-9999.9,13.8,-9999.9,-9999.9
1982,4,13.05,-9999.9,13.35,-9999.9,-9999.9
1982,5,-3.39,-9999.9,-1.84,-9999.9,-9999.9
1982,6,24.16,-9999.9,35.64,-9999.9,-9999.9
1982,7,50.74,-9999.9,64.83,-9999.9,-9999.9
1982,8,125.32,-9999.9,140.98,-9999.9,-9999.9
1982,9,119.86,-9999.9,132.97,-9999.9,-9999.9
1982,10,166.1,-9999.9,173.8,-9999.9,-9999.9
1982,11,143.33,-9999.9,152.78,-9999.9,-9999.9
1982,12,94.17,-9999.9,92.76,-9999.9,-9999.9
1983,1,60.01,-9999.9,60.63,-9999.9,-9999.9
1983,2,31.92,-9999.9,31.78,-9999.9,-9999.9
1983,3,27.88,-9999.9,28.52,-9999.9,-9999.9
1983,4,23.73,-9999.9,26.89,-9999.9,-9999.9
1983,5,32.4,-9999.9,37.12,-9999.9,-9999.9
1983,6,31.65,-9999.9,38.93,-9999.9,-9999.9
1983,7,72.52,-9999.9,84.75,-9999.9,-9999.9
1983,8,113.46,-9999.9,125.82,-9999.9,-9999.9
1983,9,196.07,-9999.9,213.99,-9999.9,-9999.9
1983,10,200.6,-9999.9,207.02,-9999.9,-9999.9
1983,11,138.21,-9999.9,137.68,-9999.9,-9999.9
1983,12,122.07,-9999.9,128.91,-9999.9,-9999.9
1984,1,28.03,-9999.9,28.89,-9999.9,-9999.9
1984,2,14.77,-9999.9,13.53,-9999.9,-9999.9
1984,3,23.78,-9999.9,28.02,-9999.9,-9999.9
1984,4,2.49,-9999.9,9.49,-9999.9,-9999.9
1984,5,17.87,-9999.9,38.97,-9999.9,-9999.9
1984,6,22.16,-9999.9,37.47,-9999.9,-9999.9
1984,7,66.43,-9999.9,88.58,-9999.9,-9999.9
1984,8,100.76,-9999.9,117.57,-9999.9,-9999.9
1984,9,152.94,-9999.9,166.14,-9999.9,-9999.9
1984,10,110.95,-9999.9,126.57,-9999.9,-9999.9
1984,11,181.39,-9999.9,188.46,-9999.9,-9999.9
1984,12,91.1,-9999.9,91.6,-9999.9,-9999.9
1985,1,65.91,-9999.9,66.79,-9999.9,-9999.9
1985,2,16.03,-9999.9,16.6,-9999.9,-9999.9
1985,3,10.31,-9999.9,10.41,-9999.9,-9999.9
1985,4,5.41,-9999.9,7.35,-9999.9,-9999.9
1985,5,14.39,-9999.9,26.59,-9999.9,-9999.9
1985,6,45.13,-9999.9,61.55,-9999.9,-9999.9
1985,7,64.7,-9999.9,81.77,-9999.9,-9999.9
1985,8,104.19,-9999.9,121.1,-9999.9,-9999.9
1985,9,143.33,-9999.9,161.29,-9999.9,-9999.9
1985,10,178.12,-9999.9,186.49,-9999.9,-9999.9
1985,11,128.38,-9999.9,137.03,-9999.9,-9999.9
1985,12,144.55,-9999.9,145.07,-9999.9,-9999.9
1986,1,30.02,-9999.9,31.79,-9999.9,-9999.9
1986,2,16.36,-9999.9,17.13,-9999.9,-9999.9
1986,3,11.21,-9999.9,12.09,-9999.9,-9999.9
1986,4,1.3,-9999.9,2.15,-9999.9,-9999.9
1986,5,0.04,-9999.9,5.23,-9999.9,-9999.9
1986,6,27.31,-9999.9,45.39,-9999.9,-9999.9
1986,7,44.17,-9999.9,60.42,-9999.9,-9999.9
1986,8,132.58,-9999.9,154.49,-9999.9,-9999.9
1986,9,99.32,-9999.9,110.65,-9999.9,-9999.9
1986,10,179.84,-9999.9,187.23,-9999.9,-9999.9
1986,11,162.26,-9999.9,166.22,-9999.9,-9999.9
1986,12,83.57,-9999.9,87.28,-9999.9,-9999.9
1987,1,49.99,-9999.9,53.06,-9999.9,-9999.9
1987,2,28.34,-9999.9,29.07,-9999.9,-9999.9
1987,3,21.33,-9999.9,22.74,-9999.9,-9999.9
1987,4,6.89,-9999.9,11.8,-9999.9,-9999.9
1987,5,11.33,-9999.9,20.38,-9999.9,-9999.9
1987,6,39.69,-9999.9,58.97,-9999.9,-9999.9
1987,7,62.9,-9999.9,77.39,-9999.9,-9999.9
1987,8,145.08,-9999.9,167.53,-9999.9,-9999.9
1987,9,128.07,-9999.9,141.49,-9999.9,-9999.9
1987,10,214.14,-9999.9,227.11,-9999.9,-9999.9
1987,11,121.14,-9999.9,124.27,-9999.9,-9999.9
1987,12,90.46,-9999.9,95.67,-9999.9,-9999.9
1988,1,49.17,-9999.9,53.28,-9999.9,-9999.9
1988,2,29.48,-9999.9,28.58,-9999.9,-9999.9
1988,3,17.9,-9999.9,19.37,-9999.9,-9999.9
1988,4,3.92,-9999.9,3.54,-9999.9,-9999.9
1988,5,6.55,-9999.9,9.25,-9999.9,-9999.9
1988,6,45.11,-9999.9,61.2,-9999.9,-9999.9
1988,7,36.88,-9999.9,55.17,-9999.9,-9999.9
1988,8,120.25,-9999.9,141.29,-9999.9,-9999.9
1988,9,148.97,-9999.9,166.26,-9999.9,-9999.9
1988,10,233.67,-9999.9,243.54,-9999.9,-9999.9
1988,11,107.75,-9999.9,111.99,-9999.9,-9999.9
1988,12,93.68,-9999.9,96.49,-9999.9,-9999.9
1989,1,32.76,-9999.9,33.87,-9999.9,-9999.9
1989,2,38.29,-9999.9,39.43,-9999.9,-9999.9
1989,3,18.48,-9999.9,18.62,-9999.9,-9999.9
1989,4,5.37,-9999.9,7.1,-9999.9,-9999.9
1989,5,3.86,-9999.9,8.71,-9999.9,-9999.9
1989,6,21.04,-9999.9,29.89,-9999.9,-9999.9
1989,7,58.8,-9999.9,73.35,-9999.9,-9999.9
1989,8,101.25,-9999.9,119.89,-9999.9,-9999.9
1989,9,165.06,-9999.9,174.19,-9999.9,-9999.9
1989,10,170.79,-9999.9,178.74,-9999.9,-9999.9
1989,11,170.95,-9999.9,183.37,-9999.9,-9999.9
1989,12,84.53,-9999.9,85.11,-9999.9,-9999.9
1990,1,14.91,-9999.9,17.9,-9999.9,-9999.9
1990,2,20.63,-9999.9,20.72,-9999.9,-9999.9
1990,3,16.42,-9999.9,17.8,-9999.9,-9999.9
1990,4,8.54,-9999.9,10.2,-9999.9,-9999.9
1990,5,21.01,-9999.9,28.94,-9999.9,-9999.9
1990,6,28.01,-9999.9,38.51,-9999.9,-9999.9
1990,7,64.02,-9999.9,75.42,-9999.9,-9999.9
1990,8,93.72,-9999.9,109.14,-9999.9,-9999.9
1990,9,175.75,-9999.9,196.99,-9999.9,-9999.9
1990,10,188.52,-9999.9,194.08,-9999.9,-9999.9
1990,11,127.09,-9999.9,128.05,-9999.9,-9999.9
1990,12,100.11,-9999.9,102.91,-9999.9,-9999.9
1991,1,54.91,-9999.9,55.7,-9999.9,-9999.9
1991,2,22.78,-9999.9,24.52,-9999.9,-9999.9
1991,3,15.05,-9999.9,16.06,-9999.9,-9999.9
1991,4,6.65,-9999.9,8.47,-9999.9,-9999.9
1991,5,13.6,-9999.9,17.47,-9999.9,-9999.9
1991,6,47.44,-9999.9,60.91,-9999.9,-9999.9
1991,7,99.53,-9999.9,114.31,-9999.9,-9999.9
1991,8,110.92,-9999.9,122.2,-9999.9,-9999.9
1991,9,216.63,-9999.9,234.48,-9999.9,-9999.9
1991,10,169.36,-9999.9,173.54,-9999.9,-9999.9
1991,11,154.87,-9999.9,159.98,-9999.9,-9999.9
1991,12,88.25,-9999.9,89.96,-9999.9,-9999.9
1992,1,42.19,-9999.9,42.37,-9999.9,-9999.9
1992,2,19.52,-9999.9,20.37,-9999.9,-9999.9
1992,3,28.1,-9999.9,30.47,-9999.9,-9999.9
1992,4,8.02,-9999.9,8.53,-9999.9,-9999.9
1992,5,24.24,-9999.9,30.15,-9999.9,-9999.9
1992,6,45.13,-9999.9,54.1,-9999.9,-9999.9
1992,7,65.89,-9999.9,75.07,-9999.9,-9999.9
1992,8,104.54,-9999.9,119.45,-9999.9,-9999.9
1992,9,149.81,-9999.9,163.31,-9999.9,-9999.9
1992,10,190.98,-9999.9,199.59,-9999.9,-9999.9
1992,11,129.01,-9999.9,134.9,-9999.9,-9999.9
1992,12,94.98,-9999.9,94.54,-9999.9,-9999.9
1993,1,45.44,-9999.9,47.25,-9999.9,-9999.9
1993,2,37.67,-9999.9,38.93,-9999.9,-9999.9
1993,3,19.47,-9999.9,19.58,-9999.9,-9999.9
1993,4,1.35,-9999.9,0.89,-9999.9,-9999.9
1993,5,6.96,-9999.9,11.47,-9999.9,-9999.9
1993,6,19.28,-9999.9,23.67,-9999.9,-9999.9
1993,7,57.91,-9999.9,68.84,-9999.9,-9999.9
1993,8,87.88,-9999.9,95.43,-9999.9,-9999.9
1993,9,209.2,-9999.9,236.79,-9999.9,-9999.9
1993,10,188.82,-9999.9,194.31,-9999.9,-9999.9
1993,11,124.29,-9999.9,130.41,-9999.9,-9999.9
1993,12,91.14,-9999.9,91.17,-9999.9,-9999.9
1994,1,39.19,-9999.9,37.83,-9999.9,-9999.9
1994,2,12.21,-9999.9,12.8,-9999.9,-9999.9
1994,3,10.89,-9999.9,11.08,-9999.9,-9999.9
1994,4,-0.1,-9999.9,0.39,-9999.9,-9999.9
1994,5,2.28,-9999.9,8.92,-9999.9,-9999.9
1994,6,14.23,-9999.9,27.7,-9999.9,-9999.9
1994,7,46.64,-9999.9,60.89,-9999.9,-9999.9
1994,8,103.85,-9999.9,118.48,-9999.9,-9999.9
1994,9,136.66,-9999.9,156.01,-9999.9,-9999.9
1994,10,170.57,-9999.9,180.41,-9999.9,-9999.9
1994,11,167.68,-9999.9,175.68,-9999.9,-9999.9
1994,12,81.83,-9999.9,81.34,-9999.9,-9999.9
1995,1,63.75,-9999.9,64.26,-9999.9,-9999.9
1995,2,39.33,-9999.9,40.65,-9999.9,-9999.9
1995,3,8.48,-9999.9,8.88,-9999.9,-9999.9
1995,4,10.95,-9999.9,12.34,-9999.9,-9999.9
1995,5,8.5,-9999.9,12.3,-9999.9,-9999.9
1995,6,15.62,-9999.9,22.03,-9999.9,-9999.9
1995,7,58.78,-9999.9,66.63,-9999.9,-9999.9
1995,8,107.67,-9999.9,117.82,-9999.9,-9999.9
1995,9,190.01,-9999.9,202.94,-9999.9,-9999.9
1995,10,200.3,-9999.9,205.24,-9999.9,-9999.9
1995,11,171.07,-9999.9,174.77,-9999.9,-9999.9
1995,12,87.87,-9999.9,89.03,-9999.9,-9999.9
1996,1,35.05,-9999.9,35.63,-9999.9,-9999.9
1996,2,12.61,-9999.9,11.6,-9999.9,-9999.9
1996,3,19.37,-9999.9,18.89,-9999.9,-9999.9
1996,4,1.62,-9999.9,1.23,-9999.9,-9999.9
1996,5,6.43,-9999.9,-0.8,-9999.9,-9999.9
1996,6,11.94,-9999.9,2.49,-9999.9,-9999.9
1996,7,80.92,-9999.9,71.38,-9999.9,-9999.9
1996,8,91.08,-9999.9,92.91,-9999.9,-9999.9
1996,9,175.53,-9999.9,172.47,-9999.9,-9999.9
1996,10,178.31,-9999.9,179.04,-9999.9,-9999.9
1996,11,161.78,-9999.9,165.83,-9999.9,-9999.9
1996,12,75.2,-9999.9,75.28,-9999.9,-9999.9
1997,1,55.06,-9999.9,55.14,-9999.9,-9999.9
1997,2,14.58,-9999.9,14.21,-9999.9,-9999.9
1997,3,18.64,-9999.9,19.11,-9999.9,-9999.9
1997,4,10.13,-9999.9,10.94,-9999.9,-9999.9
1997,5,19.28,-9999.9,26.64,-9999.9,-9999.9
1997,6,10.25,-9999.9,12.98,-9999.9,-9999.9
1997,7,76.23,-9999.9,81.91,-9999.9,-9999.9
1997,8,112.75,-9999.9,120.37,-9999.9,-9999.9
1997,9,153.28,-9999.9,155.44,-9999.9,-9999.9
1997,10,191.39,-9999.9,197.03,-9999.9,-9999.9
1997,11,143.1,-9999.9,144.99,-9999.9,-9999.9
1997,12,72.71,-9999.9,74.86,-9999.9,-9999.9
1998,1,32.59,-9999.9,33.22,-9999.9,-9999.9
1998,2,18.33,-9999.9,19.11,-9999.9,-9999.9
1998,3,31.18,-9999.9,33.04,-9999.9,-9999.9
1998,4,20.19,-9999.9,26.19,-9999.9,-9999.9
1998,5,17.48,-9999.9,25.96,-9999.9,-9999.9
1998,6,46.09,-9999.9,60.95,-9999.9,-9999.9
1998,7,101.63,-9999.9,125.69,-9999.9,-9999.9
1998,8,111.44,-9999.9,131.49,-9999.9,-9999.9
1998,9,162.44,-9999.9,180.69,-9999.9,-9999.9
1998,10,207.5,-9999.9,217.01,-9999.9,-9999.9
1998,11,152.81,-9999.9,157.89,-9999.9,-9999.9
1998,12,120.18,-9999.9,121.38,-9999.9,-9999.9
1999,1,49.77,-9999.9,50.76,-9999.9,-9999.9
1999,2,19.49,-9999.9,20.15,-9999.9,-9999.9
1999,3,26.62,-9999.9,27.91,-9999.9,-9999.9
1999,4,11.85,-9999.9,15.96,-9999.9,-9999.9
1999,5,28.38,-9999.9,39.57,-9999.9,-9999.9
1999,6,46.37,-9999.9,59.5,-9999.9,-9999.9
1999,7,70.98,-9999.9,89.85,-9999.9,-9999.9
1999,8,156.07,-9999.9,176.64,-9999.9,-9999.9
1999,9,183.58,-9999.9,193.09,-9999.9,-9999.9
1999,10,212.7,-9999.9,219.78,-9999.9,-9999.9
1999,11,133.74,-9999.9,135.69,-9999.9,-9999.9
1999,12,110.08,-9999.9,114.95,-9999.9,-9999.9
2000,1,50.86,-9999.9,49.45,-9999.9,-9999.9
2000,2,16.4,-9999.9,16.57,-9999.9,-9999.9
2000,3,10.95,-9999.9,11.52,-9999.9,-9999.9
2000,4,18.55,-9999.9,20,-9999.9,-9999.9
2000,5,25.9,-9999.9,29.37,-9999.9,-9999.9
2000,6,40.01,-9999.9,45.68,-9999.9,-9999.9
2000,7,87.23,-9999.9,95.94,-9999.9,-9999.9
2000,8,114.01,-9999.9,120.84,-9999.9,-9999.9
2000,9,204.12,-9999.9,212.82,-9999.9,-9999.9
2000,10,145.74,-9999.9,148.89,-9999.9,-9999.9
2000,11,181.06,-9999.9,184.69,-9999.9,-9999.9
2000,12,103.12,-9999.9,105.04,-9999.9,-9999.9
2001,1,19.95,-9999.9,21.3,-9999.9,-9999.9
2001,2,20.26,-9999.9,21.71,-9999.9,-9999.9
2001,3,14.46,-9999.9,16.24,-9999.9,-9999.9
2001,4,-0.38,-9999.9,-0.46,-9999.9,-9999.9
2001,5,13.79,-9999.9,16.57,-9999.9,-9999.9
2001,6,21.27,-9999.9,25.65,-9999.9,-9999.9
2001,7,94.07,-9999.9,103.75,-9999.9,-9999.9
2001,8,115.36,-9999.9,126.26,-9999.9,-9999.9
2001,9,176.68,-9999.9,194.45,-9999.9,-9999.9
2001,10,195.07,-9999.9,209.87,-9999.9,-9999.9
2001,11,88.02,-9999.9,89.61,-9999.9,-9999.9
2001,12,118.99,-9999.9,120.1,-9999.9,-9999.9
2002,1,46.87,-9999.9,46.23,-9999.9,-9999.9
2002,2,43.08,-9999.9,47.63,-9999.9,-9999.9
2002,3,38.46,-9999.9,41.95,-9999.9,-9999.9
2002,4,24.11,-9999.9,24.33,-9999.9,-9999.9
2002,5,38.18,-9999.9,41.88,-9999.9,-9999.9
2002,6,28.44,-9999.9,33.2,-9999.9,-9999.9
2002,7,89.71,-9999.9,105.01,-9999.9,-9999.9
2002,8,122.68,-9999.9,140.41,-9999.9,-9999.9
2002,9,145.58,-9999.9,163.44,-9999.9,-9999.9
2002,10,222.45,-9999.9,247.06,-9999.9,-9999.9
2002,11,152.65,-9999.9,157.69,-9999.9,-9999.9
2002,12,94.52,-9999.9,93.96,-9999.9,-9999.9
2003,1,17.73,-9999.9,35.38,-9999.9,-9999.9
2003,2,7.61,-9999.9,10.08,-9999.9,-9999.9
2003,3,6.62,-9999.9,6.36,-9999.9,-9999.9
2003,4,1.68,-9999.9,1.68,-9999.9,-9999.9
2003,5,-4.57,-9999.9,-1.77,-9999.9,-9999.9
2003,6,12.07,-9999.9,20.62,-9999.9,-9999.9
2003,7,56.81,-9999.9,66.23,-9999.9,-9999.9
2003,8,94.44,-9999.9,107.4,-9999.9,-9999.9
2003,9,166.17,-9999.9,185.63,-9999.9,-9999.9
2003,10,175.14,-9999.9,193.72,-9999.9,-9999.9
2003,11,129.61,-9999.9,128.8,-9999.9,-9999.9
2003,12,101.35,-9999.9,105.09,-9999.9,-9999.9
2004,1,52.89,-9999.9,52.94,-9999.9,-9999.9
2004,2,15.01,-9999.9,15.55,-9999.9,-9999.9
2004,3,9.43,-9999.9,9.74,-9999.9,-9999.9
2004,4,7.83,-9999.9,6.45,-9999.9,-9999.9
2004,5,20.4,-9999.9,15.62,-9999.9,-9999.9
2004,6,58.29,-9999.9,58.95,-9999.9,56.8
2004,7,76.25,-9999.9,82.33,-9999.9,89.37
2004,8,117.67,-9999.9,120.04,-9999.9,107.33
2004,9,175.27,-9999.9,153.59,-9999.9,122.03
2004,10,155.27,-9999.9,192.66,-9999.9,147.53
2004,11,96.93,-9999.9,145.28,-9999.9,116.56
2004,12,99.72,-9999.9,121.66,-9999.9,105.2
2005,1,40.34,-9999.9,41.99,-9999.9,40.8
2005,2,15.37,-9999.9,16.45,-9999.9,8.49
2005,3,14.52,-9999.9,17.8,-9999.9,10.1
2005,4,3.19,-9999.9,10.26,-9999.9,22.02
2005,5,13.83,-9999.9,29.64,-9999.9,27.72
2005,6,18.76,-9999.9,32.67,-9999.9,40.03
2005,7,73.58,-9999.9,100.46,-9999.9,109.31
2005,8,109.15,-9999.9,138.54,-9999.9,145.24
2005,9,145.36,-9999.9,171.6,-9999.9,142.9
2005,10,189.05,-9999.9,225.93,-9999.9,157.94
2005,11,162.97,-9999.9,177.95,-9999.9,143.24
2005,12,94.97,-9999.9,91.38,-9999.9,89.44
2006,1,24.34,-9999.9,24.41,-9999.9,26.95
2006,2,40.3,-9999.9,44.14,-9999.9,53.15
2006,3,21.8,-9999.9,24.07,-9999.9,22.89
2006,4,10.88,-9999.9,17.3,-9999.9,18.58
2006,5,21.62,-9999.9,33.76,-9999.9,28.93
2006,6,34.14,-9999.9,57.44,-9999.9,58.11
2006,7,62.26,-9999.9,82.95,-9999.9,75.98
2006,8,134.32,-9999.9,160.7,-9999.9,157.92
2006,9,162.66,-9999.9,196.61,-9999.9,147.27
2006,10,199.26,-9999.9,219.41,-9999.9,169.83
2006,11,80.39,-9999.9,84.08,-9999.9,64.42
2006,12,95.34,-9999.9,94.05,-9999.9,86.03
2007,1,56.96,-9999.9,59.68,-9999.9,68.85
2007,2,35.25,-9999.9,36.91,-9999.9,27.6
2007,3,13.43,-9999.9,13.34,-9999.9,6.88
2007,4,6.93,-9999.9,9.31,-9999.9,19.97
2007,5,6.66,-9999.9,18.53,-9999.9,24.22
2007,6,37.49,-9999.9,62.16,-9999.9,66.86
2007,7,68.27,-9999.9,102.37,-9999.9,113.42
2007,8,98.95,-9999.9,122.82,-9999.9,112.16
2007,9,130.84,-9999.9,152.21,-9999.9,129.91
2007,10,161.91,-9999.9,191.76,-9999.9,147.96
2007,11,161.28,-9999.9,189.99,-9999.9,156.39
2007,12,99.49,-9999.9,90.35,-9999.9,59.34
2008,1,51.26,-9999.9,53.22,-9999.9,44.64
2008,2,26.84,-9999.9,24.47,-9999.9,13.17
2008,3,18.32,-9999.9,17.37,-9999.9,9.6
2008,4,2.14,-9999.9,2.24,-9999.9,5.9
2008,5,18.55,-9999.9,26.91,-9999.9,28.85
2008,6,22.43,-9999.9,37.49,-9999.9,38.71
2008,7,57.96,-9999.9,81.31,-9999.9,96.55
2008,8,112.19,-9999.9,141.52,-9999.9,158.11
2008,9,123.75,-9999.9,149.78,-9999.9,124.76
2008,10,199.74,-9999.9,240.88,-9999.9,196.12
2008,11,134.86,-9999.9,145.2,-9999.9,117.32
2008,12,96.42,-9999.9,82.88,-9999.9,82.1
2009,1,41.62,-9999.9,36.52,-9999.9,21.25
2009,2,14.14,-9999.9,13.53,-9999.9,5.87
2009,3,9.28,-9999.9,10.96,-9999.9,11.25
2009,4,1.57,-9999.9,3.71,-9999.9,18.54
2009,5,9.68,-9999.9,14.73,-9999.9,26.58
2009,6,22.81,-9999.9,38.65,-9999.9,43.82
2009,7,63.89,-9999.9,82.97,-9999.9,93.65
2009,8,99.95,-9999.9,124.24,-9999.9,116.3
2009,9,134.73,-9999.9,165.24,-9999.9,126.63
2009,10,166.92,-9999.9,189.98,-9999.9,145.65
2009,11,99.14,-9999.9,108.01,-9999.9,78.38
2009,12,119.7,-9999.9,121.07,-9999.9,102.87
2010,1,43.24,-9999.9,43.61,-9999.9,41.68
2010,2,19.8,-9999.9,18.06,-9999.9,7.69
2010,3,7.8,-9999.9,7.67,-9999.9,4.69
2010,4,10.15,-9999.9,8.34,-9999.9,13.92
2010,5,17.71,-9999.9,22.87,-9999.9,21.64
2010,6,46.16,-9999.9,55.88,-9999.9,52.83
2010,7,75.93,-9999.9,93.93,-9999.9,102.95
2010,8,103.27,-9999.9,132.58,-9999.9,129.87
2010,9,161.81,-9999.9,207.16,-9999.9,180.18
2010,10,187.96,-9999.9,211.4,-9999.9,164.32
2010,11,136.5,-9999.9,139.42,-9999.9,104.77
2010,12,99.67,-9999.9,110.05,-9999.9,103.34
2011,1,34.67,36.63,36.63,-9999.9,23.01
2011,2,21.73,18.72,18.72,-9999.9,4.86
2011,3,13.2,14.01,14.01,-9999.9,7.6
2011,4,5.54,-1.45,-1.45,-9999.9,-4.76
2011,5,15.44,-1.93,-1.93,-9999.9,7.24
2011,6,53.61,38.79,38.79,-9999.9,48.31
2011,7,79.6,62.13,62.13,-9999.9,75.67
2011,8,136.64,158.88,158.88,-9999.9,156.32
2011,9,145.48,153.23,153.23,-9999.9,126.9
2011,10,176.07,209.1,209.1,-9999.9,144.7
2011,11,128.79,143.15,143.15,-9999.9,100.49
2011,12,80.92,91.67,91.67,-9999.9,73.88
2012,1,55.61,42.98,42.98,-9999.9,41.42
2012,2,26.21,24.08,24.08,-9999.9,23.53
2012,3,19.71,18.09,18.09,-9999.9,17.79
2012,4,44.19,43.55,43.56,-9999.9,42.83
2012,5,35.23,31.83,31.82,-9999.9,25.32
2012,6,70.62,68.58,68.58,-9999.9,68.16
2012,7,103.51,98.54,98.54,-9999.9,95.17
2012,8,134.78,129.94,129.93,-9999.9,132.69
2012,9,170.8,166.52,166.52,-9999.9,172.41
2012,10,172.55,171.4,171.37,-9999.9,155.66
2012,11,114.81,115.54,115.41,-9999.9,110.91
2012,12,73.88,73.54,73.5,-9999.9,70.91
2013,1,48.83,47.97,46.7,-9999.9,58.47
2013,2,29.17,29.81,30.8,-9999.9,24
2013,3,25.16,24.03,25.9,-9999.9,23.94
2013,4,15.69,12.15,19.91,-9999.9,16.24
2013,5,28.34,26.04,35.06,-9999.9,33.02
2013,6,39.85,39.64,41.9,-9999.9,24.88
2013,7,88.31,90.44,93.12,-9999.9,93.32
2013,8,98.44,101.19,103.82,-9999.9,98.24
2013,9,148.84,148.99,151.24,-9999.9,150.08
2013,10,162.83,164.02,153.69,-9999.9,163.85
2013,11,172.85,173.52,160.48,-9999.9,163.15
2013,12,86.7,86.65,89.21,-9999.9,63.82
2014,1,44.45,45,49.28,-9999.9,27.6
2014,2,20.61,20.57,22.8,-9999.9,5.06
2014,3,14.94,15.06,17.42,-9999.9,10.1
2014,4,0.91,1.08,3.73,-9999.9,1.16
2014,5,3.42,4.5,16.87,-9999.9,6.02
2014,6,28.95,33.23,48.12,-9999.9,31.02
2014,7,86.57,91.84,107.93,-9999.9,114.3
2014,8,91.1,95.24,109.94,-9999.9,94.51
2014,9,120.43,123.94,135.34,-9999.9,119.89
2014,10,152.64,154.96,164.17,-9999.9,150.44
2014,11,154.28,154.28,158.21,-9999.9,163.65
2014,12,67.38,67.38,68.25,-9999.9,63.27
2015,1,57.67,57.67,58.43,-9999.9,-9999.9
2015,2,34.24,34.24,35.56,-9999.9,-9999.9
2015,3,10.74,10.74,18.1,-9999.9,-9999.9
2015,4,5.6,5.6,10.96,-9999.9,-9999.9
2015,5,18.76,18.76,28.69,-9999.9,-9999.9
2015,6,42.85,42.85,46.65,-9999.9,-9999.9
2015,7,74.84,74.84,90.31,-9999.9,-9999.9
2015,8,122.05,122.05,126,-9999.9,-9999.9
2015,9,126.22,126.22,183.54,-9999.9,-9999.9
2015,10,184.63,184.63,202.23,-9999.9,-9999.9
2015,11,128.01,128.01,152.39,-9999.9,-9999.9
2015,12,70.47,70.47,98.78,-9999.9,-9999.9
2016,1,78.69,78.97,31.47,-9999.9,-9999.9
2016,2,29.44,29.35,19.7,-9999.9,-9999.9
2016,3,16.34,16.45,9.39,-9999.9,-9999.9
2016,4,-9999.9,36.93,27.98,-9999.9,-9999.9
2016,5,-9999.9,29.48,26.8,-9999.9,-9999.9
2016,6,-9999.9,70.14,66.84,66.52378929,-9999.9
2016,7,-9999.9,84.51,82.29,82.64785,-9999.9
2016,8,-9999.9,116.24,113.91,135.6480898,-9999.9
2016,9,-9999.9,156.61,155.05,180.94302,-9999.9
2016,10,-9999.9,184.99,183.79,171.897015,-9999.9
2016,11,-9999.9,147.02,146.67,121.991335,-9999.9
2016,12,-9999.9,122.18,-9999.9,118.5814,-9999.9
2017,1,-9999.9,33.23,-9999.9,57.41758,-9999.9
2017,2,-9999.9,22.96,-9999.9,53.70857,-9999.9
2017,3,-9999.9,31.74,-9999.9,40.390975,-9999.9
2017,4,-9999.9,12.11,-9999.9,8.855555,-9999.9
2017,5,-9999.9,36.18,-9999.9,32.1147025,-9999.9
2017,6,-9999.9,60.13,-9999.9,59.84076,-9999.9
2017,7,-9999.9,-9999.9,-9999.9,-9999.9,-9999.9
2017,8,-9999.9,-9999.9,-9999.9,-9999.9,-9999.9
2017,9,-9999.9,-9999.9,-9999.9,-9999.9,-9999.9
2017,10,-9999.9,-9999.9,-9999.9,-9999.9,-9999.9
2017,11,-9999.9,-9999.9,-9999.9,-9999.9,-9999.9
2017,12,-9999.9,-9999.9,-9999.9,-9999.9,-9999.9
2018,1,-9999.9,-9999.9,-9999.9,-9999.9,-9999.9
2018,2,-9999.9,-9999.9,-9999.9,-9999.9,-9999.9
2018,3,-9999.9,-9999.9,-9999.9,-9999.9,-9999.9
2018,4,-9999.9,-9999.9,-9999.9,-9999.9,-9999.9
2018,5,-9999.9,-9999.9,-9999.9,-9999.9,-9999.9
2018,6,-9999.9,-9999.9,-9999.9,-9999.9,-9999.9
2018,7,-9999.9,-9999.9,-9999.9,-9999.9,-9999.9
2018,8,-9999.9,-9999.9,-9999.9,-9999.9,-9999.9
2018,9,-9999.9,-9999.9,-9999.9,-9999.9,-9999.9
2018,10,-9999.9,-9999.9,-9999.9,-9999.9,-9999.9
2018,11,-9999.9,-9999.9,-9999.9,-9999.9,-9999.9
2018,12,-9999.9,-9999.9,-9999.9,-9999.9,-9999.9
2019,1,-9999.9,-9999.9,-9999.9,-9999.9,-9999.9
2019,2,-9999.9,-9999.9,-9999.9,-9999.9,-9999.9
2019,3,-9999.9,-9999.9,-9999.9,-9999.9,-9999.9
2019,4,-9999.9,-9999.9,-9999.9,-9999.9,-9999.9
2019,5,-9999.9,-9999.9,-9999.9,-9999.9,-9999.9
2019,6,-9999.9,-9999.9,-9999.9,-9999.9,-9999.9
2019,7,-9999.9,-9999.9,-9999.9,-9999.9,-9999.9
2019,8,-9999.9,-9999.9,-9999.9,-9999.9,-9999.9
2019,9,-9999.9,-9999.9,-9999.9,-9999.9,-9999.9
2019,10,-9999.9,-9999.9,-9999.9,-9999.9,-9999.9
2019,11,-9999.9,-9999.9,-9999.9,-9999.9,-9999.9
2019,12,-9999.9,-9999.9,-9999.9,-9999.9,-9999.9
2020,1,-9999.9,-9999.9,-9999.9,-9999.9,-9999.9
2020,2,-9999.9,-9999.9,-9999.9,-9999.9,-9999.9
2020,3,-9999.9,-9999.9,-9999.9,-9999.9,-9999.9
2020,4,-9999.9,-9999.9,-9999.9,-9999.9,-9999.9
2020,5,-9999.9,-9999.9,-9999.9,-9999.9,-9999.9
2020,6,-9999.9,-9999.9,-9999.9,-9999.9,-9999.9
2020,7,-9999.9,-9999.9,-9999.9,-9999.9,-9999.9
2020,8,-9999.9,-9999.9,-9999.9,-9999.9,-9999.9
2020,9,-9999.9,-9999.9,-9999.9,-9999.9,-9999.9
2020,10,-9999.9,-9999.9,-9999.9,-9999.9,-9999.9
2020,11,-9999.9,-9999.9,-9999.9,-9999.9,-9999.9
2020,12,-9999.9,-9999.9,-9999.9,-9999.9,-9999.9
2021,1,-9999.9,-9999.9,-9999.9,-9999.9,-9999.9
2021,2,-9999.9,-9999.9,-9999.9,-9999.9,-9999.9
2021,3,-9999.9,-9999.9,-9999.9,-9999.9,-9999.9
2021,4,-9999.9,-9999.9,-9999.9,-9999.9,-9999.9
2021,5,-9999.9,-9999.9,-9999.9,-9999.9,-9999.9
2021,6,-9999.9,-9999.9,-9999.9,-9999.9,-9999.9
2021,7,-9999.9,-9999.9,-9999.9,-9999.9,-9999.9
2021,8,-9999.9,-9999.9,-9999.9,-9999.9,-9999.9
2021,9,-9999.9,-9999.9,-9999.9,-9999.9,-9999.9
2021,10,-9999.9,-9999.9,-9999.9,-9999.9,-9999.9
2021,11,-9999.9,-9999.9,-9999.9,-9999.9,-9999.9
2021,12,-9999.9,-9999.9,-9999.9,-9999.9,-9999.9
2022,1,-9999.9,-9999.9,-9999.9,-9999.9,-9999.9
2022,2,-9999.9,-9999.9,-9999.9,-9999.9,-9999.9
2022,3,-9999.9,-9999.9,-9999.9,-9999.9,-9999.9
2022,4,-9999.9,-9999.9,-9999.9,-9999.9,-9999.9
2022,5,-9999.9,-9999.9,-9999.9,-9999.9,-9999.9
2022,6,-9999.9,-9999.9,-9999.9,-9999.9,-9999.9
2022,7,-9999.9,-9999.9,-9999.9,-9999.9,-9999.9
2022,8,-9999.9,-9999.9,-9999.9,-9999.9,-9999.9
2022,9,-9999.9,-9999.9,-9999.9,-9999.9,-9999.9
2022,10,-9999.9,-9999.9,-9999.9,-9999.9,-9999.9
2022,11,-9999.9,-9999.9,-9999.9,-9999.9,-9999.9
2022,12,-9999.9,-9999.9,-9999.9,-9999.9,-9999.9
2023,1,-9999.9,-9999.9,-9999.9,-9999.9,-9999.9
2023,2,-9999.9,-9999.9,-9999.9,-9999.9,-9999.9
2023,3,-9999.9,-9999.9,-9999.9,-9999.9,-9999.9
2023,4,-9999.9,-9999.9,-9999.9,-9999.9,-9999.9
2023,5,-9999.9,-9999.9,-9999.9,-9999.9,-9999.9
2023,6,-9999.9,-9999.9,-9999.9,-9999.9,-9999.9
2023,7,-9999.9,-9999.9,-9999.9,-9999.9,-9999.9
2023,8,-9999.9,-9999.9,-9999.9,-9999.9,-9999.9
2023,9,-9999.9,-9999.9,-9999.9,-9999.9,-9999.9
2023,10,-9999.9,-9999.9,-9999.9,-9999.9,-9999.9
2023,11,-9999.9,-9999.9,-9999.9,-9999.9,-9999.9
2023,12,-9999.9,-9999.9,-9999.9,-9999.9,-9999.9
2024,1,-9999.9,-9999.9,-9999.9,-9999.9,-9999.9
2024,2,-9999.9,-9999.9,-9999.9,-9999.9,-9999.9
2024,3,-9999.9,-9999.9,-9999.9,-9999.9,-9999.9
2024,4,-9999.9,-9999.9,-9999.9,-9999.9,-9999.9
2024,5,-9999.9,-9999.9,-9999.9,-9999.9,-9999.9
2024,6,-9999.9,-9999.9,-9999.9,-9999.9,-9999.9
2024,7,-9999.9,-9999.9,-9999.9,-9999.9,-9999.9
2024,8,-9999.9,-9999.9,-9999.9,-9999.9,-9999.9
2024,9,-9999.9,-9999.9,-9999.9,-9999.9,-9999.9
2024,10,-9999.9,-9999.9,-9999.9,-9999.9,-9999.9
2024,11,-9999.9,-9999.9,-9999.9,-9999.9,-9999.9
2024,12,-9999.9,-9999.9,-9999.9,-9999.9,-9999.9
2025,1,-9999.9,-9999.9,-9999.9,-9999.9,-9999.9
2025,2,-9999.9,-9999.9,-9999.9,-9999.9,-9999.9
2025,3,-9999.9,-9999.9,-9999.9,-9999.9,-9999.9
2025,4,-9999.9,-9999.9,-9999.9,-9999.9,-9999.9
2025,5,-9999.9,-9999.9,-9999.9,-9999.9,-9999.9
2025,6,-9999.9,-9999.9,-9999.9,-9999.9,-9999.9
2025,7,-9999.9,-9999.9,-9999.9,-9999.9,-9999.9
2025,8,-9999.9,-9999.9,-9999.9,-9999.9,-9999.9
2025,9,-9999.9,-9999.9,-9999.9,-9999.9,-9999.9
2025,10,-9999.9,-9999.9,-9999.9,-9999.9,-9999.9
2025,11,-9999.9,-9999.9,-9999.9,-9999.9,-9999.9
2025,12,-9999.9,-9999.9,-9999.9,-9999.9,-9999.9
2026,1,-9999.9,-9999.9,-9999.9,-9999.9,-9999.9
2026,2,-9999.9,-9999.9,-9999.9,-9999.9,-9999.9
2026,3,-9999.9,-9999.9,-9999.9,-9999.9,-9999.9
2026,4,-9999.9,-9999.9,-9999.9,-9999.9,-9999.9
2026,5,-9999.9,-9999.9,-9999.9,-9999.9,-9999.9
2026,6,-9999.9,-9999.9,-9999.9,-9999.9,-9999.9
2026,7,-9999.9,-9999.9,-9999.9,-9999.9,-9999.9
2026,8,-9999.9,-9999.9,-9999.9,-9999.9,-9999.9
2026,9,-9999.9,-9999.9,-9999.9,-9999.9,-9999.9
2026,10,-9999.9,-9999.9,-9999.9,-9999.9,-9999.9
2026,11,-9999.9,-9999.9,-9999.9,-9999.9,-9999.9
2026,12,-9999.9,-9999.9,-9999.9,-9999.9,-9999.9
2027,1,-9999.9,-9999.9,-9999.9,-9999.9,-9999.9
2027,2,-9999.9,-9999.9,-9999.9,-9999.9,-9999.9
2027,3,-9999.9,-9999.9,-9999.9,-9999.9,-9999.9
2027,4,-9999.9,-9999.9,-9999.9,-9999.9,-9999.9
2027,5,-9999.9,-9999.9,-9999.9,-9999.9,-9999.9
2027,6,-9999.9,-9999.9,-9999.9,-9999.9,-9999.9
2027,7,-9999.9,-9999.9,-9999.9,-9999.9,-9999.9
2027,8,-9999.9,-9999.9,-9999.9,-9999.9,-9999.9
2027,9,-9999.9,-9999.9,-9999.9,-9999.9,-9999.9
2027,10,-9999.9,-9999.9,-9999.9,-9999.9,-9999.9
2027,11,-9999.9,-9999.9,-9999.9,-9999.9,-9999.9
2027,12,-9999.9,-9999.9,-9999.9,-9999.9,-9999.9
2028,1,-9999.9,-9999.9,-9999.9,-9999.9,-9999.9
2028,2,-9999.9,-9999.9,-9999.9,-9999.9,-9999.9
2028,3,-9999.9,-9999.9,-9999.9,-9999.9,-9999.9
2028,4,-9999.9,-9999.9,-9999.9,-9999.9,-9999.9
2028,5,-9999.9,-9999.9,-9999.9,-9999.9,-9999.9
2028,6,-9999.9,-9999.9,-9999.9,-9999.9,-9999.9
2028,7,-9999.9,-9999.9,-9999.9,-9999.9,-9999.9
2028,8,-9999.9,-9999.9,-9999.9,-9999.9,-9999.9
2028,9,-9999.9,-9999.9,-9999.9,-9999.9,-9999.9
2028,10,-9999.9,-9999.9,-9999.9,-9999.9,-9999.9
2028,11,-9999.9,-9999.9,-9999.9,-9999.9,-9999.9
2028,12,-9999.9,-9999.9,-9999.9,-9999.9,-9999.9
2029,1,-9999.9,-9999.9,-9999.9,-9999.9,-9999.9
2029,2,-9999.9,-9999.9,-9999.9,-9999.9,-9999.9
2029,3,-9999.9,-9999.9,-9999.9,-9999.9,-9999.9
2029,4,-9999.9,-9999.9,-9999.9,-9999.9,-9999.9
2029,5,-9999.9,-9999.9,-9999.9,-9999.9,-9999.9
2029,6,-9999.9,-9999.9,-9999.9,-9999.9,-9999.9
2029,7,-9999.9,-9999.9,-9999.9,-9999.9,-9999.9
2029,8,-9999.9,-9999.9,-9999.9,-9999.9,-9999.9
2029,9,-9999.9,-9999.9,-9999.9,-9999.9,-9999.9
2029,10,-9999.9,-9999.9,-9999.9,-9999.9,-9999.9
2029,11,-9999.9,-9999.9,-9999.9,-9999.9,-9999.9
2029,12,-9999.9,-9999.9,-9999.9,-9999.9,-9999.9
2030,1,-9999.9,-9999.9,-9999.9,-9999.9,-9999.9
2030,2,-9999.9,-9999.9,-9999.9,-9999.9,-9999.9
2030,3,-9999.9,-9999.9,-9999.9,-9999.9,-9999.9
2030,4,-9999.9,-9999.9,-9999.9,-9999.9,-9999.9
2030,5,-9999.9,-9999.9,-9999.9,-9999.9,-9999.9
2030,6,-9999.9,-9999.9,-9999.9,-9999.9,-9999.9
2030,7,-9999.9,-9999.9,-9999.9,-9999.9,-9999.9
2030,8,-9999.9,-9999.9,-9999.9,-9999.9,-9999.9
2030,9,-9999.9,-9999.9,-9999.9,-9999.9,-9999.9
2030,10,-9999.9,-9999.9,-9999.9,-9999.9,-9999.9
2030,11,-9999.9,-9999.9,-9999.9,-9999.9,-9999.9
2030,12,-9999.9,-9999.9,-9999.9,-9999.9,-9999.9
2031,1,-9999.9,-9999.9,-9999.9,-9999.9,-9999.9
2031,2,-9999.9,-9999.9,-9999.9,-9999.9,-9999.9
2031,3,-9999.9,-9999.9,-9999.9,-9999.9,-9999.9
2031,4,-9999.9,-9999.9,-9999.9,-9999.9,-9999.9
2031,5,-9999.9,-9999.9,-9999.9,-9999.9,-9999.9
2031,6,-9999.9,-9999.9,-9999.9,-9999.9,-9999.9
2031,7,-9999.9,-9999.9,-9999.9,-9999.9,-9999.9
2031,8,-9999.9,-9999.9,-9999.9,-9999.9,-9999.9
2031,9,-9999.9,-9999.9,-9999.9,-9999.9,-9999.9
2031,10,-9999.9,-9999.9,-9999.9,-9999.9,-9999.9
2031,11,-9999.9,-9999.9,-9999.9,-9999.9,-9999.9
2031,12,-9999.9,-9999.9,-9999.9,-9999.9,-9999.9
2032,1,-9999.9,-9999.9,-9999.9,-9999.9,-9999.9
2032,2,-9999.9,-9999.9,-9999.9,-9999.9,-9999.9
2032,3,-9999.9,-9999.9,-9999.9,-9999.9,-9999.9
2032,4,-9999.9,-9999.9,-9999.9,-9999.9,-9999.9
2032,5,-9999.9,-9999.9,-9999.9,-9999.9,-9999.9
2032,6,-9999.9,-9999.9,-9999.9,-9999.9,-9999.9
2032,7,-9999.9,-9999.9,-9999.9,-9999.9,-9999.9
2032,8,-9999.9,-9999.9,-9999.9,-9999.9,-9999.9
2032,9,-9999.9,-9999.9,-9999.9,-9999.9,-9999.9
2032,10,-9999.9,-9999.9,-9999.9,-9999.9,-9999.9
2032,11,-9999.9,-9999.9,-9999.9,-9999.9,-9999.9
2032,12,-9999.9,-9999.9,-9999.9,-9999.9,-9999.9
2033,1,-9999.9,-9999.9,-9999.9,-9999.9,-9999.9
2033,2,-9999.9,-9999.9,-9999.9,-9999.9,-9999.9
2033,3,-9999.9,-9999.9,-9999.9,-9999.9,-9999.9
2033,4,-9999.9,-9999.9,-9999.9,-9999.9,-9999.9
2033,5,-9999.9,-9999.9,-9999.9,-9999.9,-9999.9
2033,6,-9999.9,-9999.9,-9999.9,-9999.9,-9999.9
2033,7,-9999.9,-9999.9,-9999.9,-9999.9,-9999.9
2033,8,-9999.9,-9999.9,-9999.9,-9999.9,-9999.9
2033,9,-9999.9,-9999.9,-9999.9,-9999.9,-9999.9
2033,10,-9999.9,-9999.9,-9999.9,-9999.9,-9999.9
2033,11,-9999.9,-9999.9,-9999.9,-9999.9,-9999.9
2033,12,-9999.9,-9999.9,-9999.9,-9999.9,-9999.9
2034,1,-9999.9,-9999.9,-9999.9,-9999.9,-9999.9
2034,2,-9999.9,-9999.9,-9999.9,-9999.9,-9999.9
2034,3,-9999.9,-9999.9,-9999.9,-9999.9,-9999.9
2034,4,-9999.9,-9999.9,-9999.9,-9999.9,-9999.9
2034,5,-9999.9,-9999.9,-9999.9,-9999.9,-9999.9
2034,6,-9999.9,-9999.9,-9999.9,-9999.9,-9999.9
2034,7,-9999.9,-9999.9,-9999.9,-9999.9,-9999.9
2034,8,-9999.9,-9999.9,-9999.9,-9999.9,-9999.9
2034,9,-9999.9,-9999.9,-9999.9,-9999.9,-9999.9
2034,10,-9999.9,-9999.9,-9999.9,-9999.9,-9999.9
2034,11,-9999.9,-9999.9,-9999.9,-9999.9,-9999.9
2034,12,-9999.9,-9999.9,-9999.9,-9999.9,-9999.9
2035,1,-9999.9,-9999.9,-9999.9,-9999.9,-9999.9
2035,2,-9999.9,-9999.9,-9999.9,-9999.9,-9999.9
2035,3,-9999.9,-9999.9,-9999.9,-9999.9,-9999.9
2035,4,-9999.9,-9999.9,-9999.9,-9999.9,-9999.9
2035,5,-9999.9,-9999.9,-9999.9,-9999.9,-9999.9
2035,6,-9999.9,-9999.9,-9999.9,-9999.9,-9999.9
2035,7,-9999.9,-9999.9,-9999.9,-9999.9,-9999.9
2035,8,-9999.9,-9999.9,-9999.9,-9999.9,-9999.9
2035,9,-9999.9,-9999.9,-9999.9,-9999.9,-9999.9
2035,10,-9999.9,-9999.9,-9999.9,-9999.9,-9999.9
2035,11,-9999.9,-9999.9,-9999.9,-9999.9,-9999.9
2035,12,-9999.9,-9999.9,-9999.9,-9999.9,-9999.9
2036,1,-9999.9,-9999.9,-9999.9,-9999.9,-9999.9
2036,2,-9999.9,-9999.9,-9999.9,-9999.9,-9999.9
2036,3,-9999.9,-9999.9,-9999.9,-9999.9,-9999.9
2036,4,-9999.9,-9999.9,-9999.9,-9999.9,-9999.9
2036,5,-9999.9,-9999.9,-9999.9,-9999.9,-9999.9
2036,6,-9999.9,-9999.9,-9999.9,-9999.9,-9999.9
2036,7,-9999.9,-9999.9,-9999.9,-9999.9,-9999.9
2036,8,-9999.9,-9999.9,-9999.9,-9999.9,-9999.9
2036,9,-9999.9,-9999.9,-9999.9,-9999.9,-9999.9
2036,10,-9999.9,-9999.9,-9999.9,-9999.9,-9999.9
2036,11,-9999.9,-9999.9,-9999.9,-9999.9,-9999.9
2036,12,-9999.9,-9999.9,-9999.9,-9999.9,-9999.9
2037,1,-9999.9,-9999.9,-9999.9,-9999.9,-9999.9
2037,2,-9999.9,-9999.9,-9999.9,-9999.9,-9999.9
2037,3,-9999.9,-9999.9,-9999.9,-9999.9,-9999.9
2037,4,-9999.9,-9999.9,-9999.9,-9999.9,-9999.9
2037,5,-9999.9,-9999.9,-9999.9,-9999.9,-9999.9
2037,6,-9999.9,-9999.9,-9999.9,-9999.9,-9999.9
2037,7,-9999.9,-9999.9,-9999.9,-9999.9,-9999.9
2037,8,-9999.9,-9999.9,-9999.9,-9999.9,-9999.9
2037,9,-9999.9,-9999.9,-9999.9,-9999.9,-9999.9
2037,10,-9999.9,-9999.9,-9999.9,-9999.9,-9999.9
2037,11,-9999.9,-9999.9,-9999.9,-9999.9,-9999.9
2037,12,-9999.9,-9999.9,-9999.9,-9999.9,-9999.9
2038,1,-9999.9,-9999.9,-9999.9,-9999.9,-9999.9
2038,2,-9999.9,-9999.9,-9999.9,-9999.9,-9999.9
2038,3,-9999.9,-9999.9,-9999.9,-9999.9,-9999.9
2038,4,-9999.9,-9999.9,-9999.9,-9999.9,-9999.9
2038,5,-9999.9,-9999.9,-9999.9,-9999.9,-9999.9
2038,6,-9999.9,-9999.9,-9999.9,-9999.9,-9999.9
2038,7,-9999.9,-9999.9,-9999.9,-9999.9,-9999.9
2038,8,-9999.9,-9999.9,-9999.9,-9999.9,-9999.9
2038,9,-9999.9,-9999.9,-9999.9,-9999.9,-9999.9
2038,10,-9999.9,-9999.9,-9999.9,-9999.9,-9999.9
2038,11,-9999.9,-9999.9,-9999.9,-9999.9,-9999.9
2038,12,-9999.9,-9999.9,-9999.9,-9999.9,-9999.9
2039,1,-9999.9,-9999.9,-9999.9,-9999.9,-9999.9
2039,2,-9999.9,-9999.9,-9999.9,-9999.9,-9999.9
2039,3,-9999.9,-9999.9,-9999.9,-9999.9,-9999.9
2039,4,-9999.9,-9999.9,-9999.9,-9999.9,-9999.9
2039,5,-9999.9,-9999.9,-9999.9,-9999.9,-9999.9
2039,6,-9999.9,-9999.9,-9999.9,-9999.9,-9999.9
2039,7,-9999.9,-9999.9,-9999.9,-9999.9,-9999.9
2039,8,-9999.9,-9999.9,-9999.9,-9999.9,-9999.9
2039,9,-9999.9,-9999.9,-9999.9,-9999.9,-9999.9
2039,10,-9999.9,-9999.9,-9999.9,-9999.9,-9999.9
2039,11,-9999.9,-9999.9,-9999.9,-9999.9,-9999.9
2039,12,-9999.9,-9999.9,-9999.9,-9999.9,-9999.9
2040,1,-9999.9,-9999.9,-9999.9,-9999.9,-9999.9
2040,2,-9999.9,-9999.9,-9999.9,-9999.9,-9999.9
2040,3,-9999.9,-9999.9,-9999.9,-9999.9,-9999.9
2040,4,-9999.9,-9999.9,-9999.9,-9999.9,-9999.9
2040,5,-9999.9,-9999.9,-9999.9,-9999.9,-9999.9
2040,6,-9999.9,-9999.9,-9999.9,-9999.9,-9999.9
2040,7,-9999.9,-9999.9,-9999.9,-9999.9,-9999.9
2040,8,-9999.9,-9999.9,-9999.9,-9999.9,-9999.9
2040,9,-9999.9,-9999.9,-9999.9,-9999.9,-9999.9
2040,10,-9999.9,-9999.9,-9999.9,-9999.9,-9999.9
2040,11,-9999.9,-9999.9,-9999.9,-9999.9,-9999.9
2040,12,-9999.9,-9999.9,-9999.9,-9999.9,-9999.9
2041,1,-9999.9,-9999.9,-9999.9,-9999.9,-9999.9
2041,2,-9999.9,-9999.9,-9999.9,-9999.9,-9999.9
2041,3,-9999.9,-9999.9,-9999.9,-9999.9,-9999.9
2041,4,-9999.9,-9999.9,-9999.9,-9999.9,-9999.9
2041,5,-9999.9,-9999.9,-9999.9,-9999.9,-9999.9
2041,6,-9999.9,-9999.9,-9999.9,-9999.9,-9999.9
2041,7,-9999.9,-9999.9,-9999.9,-9999.9,-9999.9
2041,8,-9999.9,-9999.9,-9999.9,-9999.9,-9999.9
2041,9,-9999.9,-9999.9,-9999.9,-9999.9,-9999.9
2041,10,-9999.9,-9999.9,-9999.9,-9999.9,-9999.9
2041,11,-9999.9,-9999.9,-9999.9,-9999.9,-9999.9
2041,12,-9999.9,-9999.9,-9999.9,-9999.9,-9999.9
2042,1,-9999.9,-9999.9,-9999.9,-9999.9,-9999.9
2042,2,-9999.9,-9999.9,-9999.9,-9999.9,-9999.9
2042,3,-9999.9,-9999.9,-9999.9,-9999.9,-9999.9
2042,4,-9999.9,-9999.9,-9999.9,-9999.9,-9999.9
2042,5,-9999.9,-9999.9,-9999.9,-9999.9,-9999.9
2042,6,-9999.9,-9999.9,-9999.9,-9999.9,-9999.9
2042,7,-9999.9,-9999.9,-9999.9,-9999.9,-9999.9
2042,8,-9999.9,-9999.9,-9999.9,-9999.9,-9999.9
2042,9,-9999.9,-9999.9,-9999.9,-9999.9,-9999.9
2042,10,-9999.9,-9999.9,-9999.9,-9999.9,-9999.9
2042,11,-9999.9,-9999.9,-9999.9,-9999.9,-9999.9
2042,12,-9999.9,-9999.9,-9999.9,-9999.9,-9999.9
2043,1,-9999.9,-9999.9,-9999.9,-9999.9,-9999.9
2043,2,-9999.9,-9999.9,-9999.9,-9999.9,-9999.9
2043,3,-9999.9,-9999.9,-9999.9,-9999.9,-9999.9
2043,4,-9999.9,-9999.9,-9999.9,-9999.9,-9999.9
2043,5,-9999.9,-9999.9,-9999.9,-9999.9,-9999.9
2043,6,-9999.9,-9999.9,-9999.9,-9999.9,-9999.9
2043,7,-9999.9,-9999.9,-9999.9,-9999.9,-9999.9
2043,8,-9999.9,-9999.9,-9999.9,-9999.9,-9999.9
2043,9,-9999.9,-9999.9,-9999.9,-9999.9,-9999.9
2043,10,-9999.9,-9999.9,-9999.9,-9999.9,-9999.9
2043,11,-9999.9,-9999.9,-9999.9,-9999.9,-9999.9
2043,12,-9999.9,-9999.9,-9999.9,-9999.9,-9999.9
2044,1,-9999.9,-9999.9,-9999.9,-9999.9,-9999.9
2044,2,-9999.9,-9999.9,-9999.9,-9999.9,-9999.9
2044,3,-9999.9,-9999.9,-9999.9,-9999.9,-9999.9
2044,4,-9999.9,-9999.9,-9999.9,-9999.9,-9999.9
2044,5,-9999.9,-9999.9,-9999.9,-9999.9,-9999.9
2044,6,-9999.9,-9999.9,-9999.9,-9999.9,-9999.9
2044,7,-9999.9,-9999.9,-9999.9,-9999.9,-9999.9
2044,8,-9999.9,-9999.9,-9999.9,-9999.9,-9999.9
2044,9,-9999.9,-9999.9,-9999.9,-9999.9,-9999.9
2044,10,-9999.9,-9999.9,-9999.9,-9999.9,-9999.9
2044,11,-9999.9,-9999.9,-9999.9,-9999.9,-9999.9
2044,12,-9999.9,-9999.9,-9999.9,-9999.9,-9999.9
2045,1,-9999.9,-9999.9,-9999.9,-9999.9,-9999.9
2045,2,-9999.9,-9999.9,-9999.9,-9999.9,-9999.9
2045,3,-9999.9,-9999.9,-9999.9,-9999.9,-9999.9
2045,4,-9999.9,-9999.9,-9999.9,-9999.9,-9999.9
2045,5,-9999.9,-9999.9,-9999.9,-9999.9,-9999.9
2045,6,-9999.9,-9999.9,-9999.9,-9999.9,-9999.9
2045,7,-9999.9,-9999.9,-9999.9,-9999.9,-9999.9
2045,8,-9999.9,-9999.9,-9999.9,-9999.9,-9999.9
2045,9,-9999.9,-9999.9,-9999.9,-9999.9,-9999.9
2045,10,-9999.9,-9999.9,-9999.9,-9999.9,-9999.9
2045,11,-9999.9,-9999.9,-9999.9,-9999.9,-9999.9
2045,12,-9999.9,-9999.9,-9999.9,-9999.9,-9999.9
2046,1,-9999.9,-9999.9,-9999.9,-9999.9,-9999.9
2046,2,-9999.9,-9999.9,-9999.9,-9999.9,-9999.9
2046,3,-9999.9,-9999.9,-9999.9,-9999.9,-9999.9
2046,4,-9999.9,-9999.9,-9999.9,-9999.9,-9999.9
2046,5,-9999.9,-9999.9,-9999.9,-9999.9,-9999.9
2046,6,-9999.9,-9999.9,-9999.9,-9999.9,-9999.9
2046,7,-9999.9,-9999.9,-9999.9,-9999.9,-9999.9
2046,8,-9999.9,-9999.9,-9999.9,-9999.9,-9999.9
2046,9,-9999.9,-9999.9,-9999.9,-9999.9,-9999.9
2046,10,-9999.9,-9999.9,-9999.9,-9999.9,-9999.9
2046,11,-9999.9,-9999.9,-9999.9,-9999.9,-9999.9
2046,12,-9999.9,-9999.9,-9999.9,-9999.9,-9999.9
2047,1,-9999.9,-9999.9,-9999.9,-9999.9,-9999.9
2047,2,-9999.9,-9999.9,-9999.9,-9999.9,-9999.9
2047,3,-9999.9,-9999.9,-9999.9,-9999.9,-9999.9
2047,4,-9999.9,-9999.9,-9999.9,-9999.9,-9999.9
2047,5,-9999.9,-9999.9,-9999.9,-9999.9,-9999.9
2047,6,-9999.9,-9999.9,-9999.9,-9999.9,-9999.9
2047,7,-9999.9,-9999.9,-9999.9,-9999.9,-9999.9
2047,8,-9999.9,-9999.9,-9999.9,-9999.9,-9999.9
2047,9,-9999.9,-9999.9,-9999.9,-9999.9,-9999.9
2047,10,-9999.9,-9999.9,-9999.9,-9999.9,-9999.9
2047,11,-9999.9,-9999.9,-9999.9,-9999.9,-9999.9
2047,12,-9999.9,-9999.9,-9999.9,-9999.9,-9999.9
2048,1,-9999.9,-9999.9,-9999.9,-9999.9,-9999.9
2048,2,-9999.9,-9999.9,-9999.9,-9999.9,-9999.9
2048,3,-9999.9,-9999.9,-9999.9,-9999.9,-9999.9
2048,4,-9999.9,-9999.9,-9999.9,-9999.9,-9999.9
2048,5,-9999.9,-9999.9,-9999.9,-9999.9,-9999.9
2048,6,-9999.9,-9999.9,-9999.9,-9999.9,-9999.9
2048,7,-9999.9,-9999.9,-9999.9,-9999.9,-9999.9
2048,8,-9999.9,-9999.9,-9999.9,-9999.9,-9999.9
2048,9,-9999.9,-9999.9,-9999.9,-9999.9,-9999.9
2048,10,-9999.9,-9999.9,-9999.9,-9999.9,-9999.9
2048,11,-9999.9,-9999.9,-9999.9,-9999.9,-9999.9
2048,12,-9999.9,-9999.9,-9999.9,-9999.9,-9999.9
2049,1,-9999.9,-9999.9,-9999.9,-9999.9,-9999.9
2049,2,-9999.9,-9999.9,-9999.9,-9999.9,-9999.9
2049,3,-9999.9,-9999.9,-9999.9,-9999.9,-9999.9
2049,4,-9999.9,-9999.9,-9999.9,-9999.9,-9999.9
2049,5,-9999.9,-9999.9,-9999.9,-9999.9,-9999.9
2049,6,-9999.9,-9999.9,-9999.9,-9999.9,-9999.9
2049,7,-9999.9,-9999.9,-9999.9,-9999.9,-9999.9
2049,8,-9999.9,-9999.9,-9999.9,-9999.9,-9999.9
2049,9,-9999.9,-9999.9,-9999.9,-9999.9,-9999.9
2049,10,-9999.9,-9999.9,-9999.9,-9999.9,-9999.9
2049,11,-9999.9,-9999.9,-9999.9,-9999.9,-9999.9
2049,12,-9999.9,-9999.9,-9999.9,-9999.9,-9999.9
