,,GLERL-AHPS-Hydromet,GLERL-AHPS-Provisional,USACE-AHPS,ECCC-WCPS ,GEM-Proto
1900,1,-9999.9,-9999.9,-9999.9,-9999.9,-9999.9
1900,2,-9999.9,-9999.9,-9999.9,-9999.9,-9999.9
1900,3,-9999.9,-9999.9,-9999.9,-9999.9,-9999.9
1900,4,-9999.9,-9999.9,-9999.9,-9999.9,-9999.9
1900,5,-9999.9,-9999.9,-9999.9,-9999.9,-9999.9
1900,6,-9999.9,-9999.9,-9999.9,-9999.9,-9999.9
1900,7,-9999.9,-9999.9,-9999.9,-9999.9,-9999.9
1900,8,-9999.9,-9999.9,-9999.9,-9999.9,-9999.9
1900,9,-9999.9,-9999.9,-9999.9,-9999.9,-9999.9
1900,10,-9999.9,-9999.9,-9999.9,-9999.9,-9999.9
1900,11,-9999.9,-9999.9,-9999.9,-9999.9,-9999.9
1900,12,-9999.9,-9999.9,-9999.9,-9999.9,-9999.9
1901,1,-9999.9,-9999.9,-9999.9,-9999.9,-9999.9
1901,2,-9999.9,-9999.9,-9999.9,-9999.9,-9999.9
1901,3,-9999.9,-9999.9,-9999.9,-9999.9,-9999.9
1901,4,-9999.9,-9999.9,-9999.9,-9999.9,-9999.9
1901,5,-9999.9,-9999.9,-9999.9,-9999.9,-9999.9
1901,6,-9999.9,-9999.9,-9999.9,-9999.9,-9999.9
1901,7,-9999.9,-9999.9,-9999.9,-9999.9,-9999.9
1901,8,-9999.9,-9999.9,-9999.9,-9999.9,-9999.9
1901,9,-9999.9,-9999.9,-9999.9,-9999.9,-9999.9
1901,10,-9999.9,-9999.9,-9999.9,-9999.9,-9999.9
1901,11,-9999.9,-9999.9,-9999.9,-9999.9,-9999.9
1901,12,-9999.9,-9999.9,-9999.9,-9999.9,-9999.9
1902,1,-9999.9,-9999.9,-9999.9,-9999.9,-9999.9
1902,2,-9999.9,-9999.9,-9999.9,-9999.9,-9999.9
1902,3,-9999.9,-9999.9,-9999.9,-9999.9,-9999.9
1902,4,-9999.9,-9999.9,-9999.9,-9999.9,-9999.9
1902,5,-9999.9,-9999.9,-9999.9,-9999.9,-9999.9
1902,6,-9999.9,-9999.9,-9999.9,-9999.9,-9999.9
1902,7,-9999.9,-9999.9,-9999.9,-9999.9,-9999.9
1902,8,-9999.9,-9999.9,-9999.9,-9999.9,-9999.9
1902,9,-9999.9,-9999.9,-9999.9,-9999.9,-9999.9
1902,10,-9999.9,-9999.9,-9999.9,-9999.9,-9999.9
1902,11,-9999.9,-9999.9,-9999.9,-9999.9,-9999.9
1902,12,-9999.9,-9999.9,-9999.9,-9999.9,-9999.9
1903,1,-9999.9,-9999.9,-9999.9,-9999.9,-9999.9
1903,2,-9999.9,-9999.9,-9999.9,-9999.9,-9999.9
1903,3,-9999.9,-9999.9,-9999.9,-9999.9,-9999.9
1903,4,-9999.9,-9999.9,-9999.9,-9999.9,-9999.9
1903,5,-9999.9,-9999.9,-9999.9,-9999.9,-9999.9
1903,6,-9999.9,-9999.9,-9999.9,-9999.9,-9999.9
1903,7,-9999.9,-9999.9,-9999.9,-9999.9,-9999.9
1903,8,-9999.9,-9999.9,-9999.9,-9999.9,-9999.9
1903,9,-9999.9,-9999.9,-9999.9,-9999.9,-9999.9
1903,10,-9999.9,-9999.9,-9999.9,-9999.9,-9999.9
1903,11,-9999.9,-9999.9,-9999.9,-9999.9,-9999.9
1903,12,-9999.9,-9999.9,-9999.9,-9999.9,-9999.9
1904,1,-9999.9,-9999.9,-9999.9,-9999.9,-9999.9
1904,2,-9999.9,-9999.9,-9999.9,-9999.9,-9999.9
1904,3,-9999.9,-9999.9,-9999.9,-9999.9,-9999.9
1904,4,-9999.9,-9999.9,-9999.9,-9999.9,-9999.9
1904,5,-9999.9,-9999.9,-9999.9,-9999.9,-9999.9
1904,6,-9999.9,-9999.9,-9999.9,-9999.9,-9999.9
1904,7,-9999.9,-9999.9,-9999.9,-9999.9,-9999.9
1904,8,-9999.9,-9999.9,-9999.9,-9999.9,-9999.9
1904,9,-9999.9,-9999.9,-9999.9,-9999.9,-9999.9
1904,10,-9999.9,-9999.9,-9999.9,-9999.9,-9999.9
1904,11,-9999.9,-9999.9,-9999.9,-9999.9,-9999.9
1904,12,-9999.9,-9999.9,-9999.9,-9999.9,-9999.9
1905,1,-9999.9,-9999.9,-9999.9,-9999.9,-9999.9
1905,2,-9999.9,-9999.9,-9999.9,-9999.9,-9999.9
1905,3,-9999.9,-9999.9,-9999.9,-9999.9,-9999.9
1905,4,-9999.9,-9999.9,-9999.9,-9999.9,-9999.9
1905,5,-9999.9,-9999.9,-9999.9,-9999.9,-9999.9
1905,6,-9999.9,-9999.9,-9999.9,-9999.9,-9999.9
1905,7,-9999.9,-9999.9,-9999.9,-9999.9,-9999.9
1905,8,-9999.9,-9999.9,-9999.9,-9999.9,-9999.9
1905,9,-9999.9,-9999.9,-9999.9,-9999.9,-9999.9
1905,10,-9999.9,-9999.9,-9999.9,-9999.9,-9999.9
1905,11,-9999.9,-9999.9,-9999.9,-9999.9,-9999.9
1905,12,-9999.9,-9999.9,-9999.9,-9999.9,-9999.9
1906,1,-9999.9,-9999.9,-9999.9,-9999.9,-9999.9
1906,2,-9999.9,-9999.9,-9999.9,-9999.9,-9999.9
1906,3,-9999.9,-9999.9,-9999.9,-9999.9,-9999.9
1906,4,-9999.9,-9999.9,-9999.9,-9999.9,-9999.9
1906,5,-9999.9,-9999.9,-9999.9,-9999.9,-9999.9
1906,6,-9999.9,-9999.9,-9999.9,-9999.9,-9999.9
1906,7,-9999.9,-9999.9,-9999.9,-9999.9,-9999.9
1906,8,-9999.9,-9999.9,-9999.9,-9999.9,-9999.9
1906,9,-9999.9,-9999.9,-9999.9,-9999.9,-9999.9
1906,10,-9999.9,-9999.9,-9999.9,-9999.9,-9999.9
1906,11,-9999.9,-9999.9,-9999.9,-9999.9,-9999.9
1906,12,-9999.9,-9999.9,-9999.9,-9999.9,-9999.9
1907,1,-9999.9,-9999.9,-9999.9,-9999.9,-9999.9
1907,2,-9999.9,-9999.9,-9999.9,-9999.9,-9999.9
1907,3,-9999.9,-9999.9,-9999.9,-9999.9,-9999.9
1907,4,-9999.9,-9999.9,-9999.9,-9999.9,-9999.9
1907,5,-9999.9,-9999.9,-9999.9,-9999.9,-9999.9
1907,6,-9999.9,-9999.9,-9999.9,-9999.9,-9999.9
1907,7,-9999.9,-9999.9,-9999.9,-9999.9,-9999.9
1907,8,-9999.9,-9999.9,-9999.9,-9999.9,-9999.9
1907,9,-9999.9,-9999.9,-9999.9,-9999.9,-9999.9
1907,10,-9999.9,-9999.9,-9999.9,-9999.9,-9999.9
1907,11,-9999.9,-9999.9,-9999.9,-9999.9,-9999.9
1907,12,-9999.9,-9999.9,-9999.9,-9999.9,-9999.9
1908,1,-9999.9,-9999.9,-9999.9,-9999.9,-9999.9
1908,2,-9999.9,-9999.9,-9999.9,-9999.9,-9999.9
1908,3,-9999.9,-9999.9,-9999.9,-9999.9,-9999.9
1908,4,-9999.9,-9999.9,-9999.9,-9999.9,-9999.9
1908,5,-9999.9,-9999.9,-9999.9,-9999.9,-9999.9
1908,6,-9999.9,-9999.9,-9999.9,-9999.9,-9999.9
1908,7,-9999.9,-9999.9,-9999.9,-9999.9,-9999.9
1908,8,-9999.9,-9999.9,-9999.9,-9999.9,-9999.9
1908,9,-9999.9,-9999.9,-9999.9,-9999.9,-9999.9
1908,10,-9999.9,-9999.9,-9999.9,-9999.9,-9999.9
1908,11,-9999.9,-9999.9,-9999.9,-9999.9,-9999.9
1908,12,-9999.9,-9999.9,-9999.9,-9999.9,-9999.9
1909,1,-9999.9,-9999.9,-9999.9,-9999.9,-9999.9
1909,2,-9999.9,-9999.9,-9999.9,-9999.9,-9999.9
1909,3,-9999.9,-9999.9,-9999.9,-9999.9,-9999.9
1909,4,-9999.9,-9999.9,-9999.9,-9999.9,-9999.9
1909,5,-9999.9,-9999.9,-9999.9,-9999.9,-9999.9
1909,6,-9999.9,-9999.9,-9999.9,-9999.9,-9999.9
1909,7,-9999.9,-9999.9,-9999.9,-9999.9,-9999.9
1909,8,-9999.9,-9999.9,-9999.9,-9999.9,-9999.9
1909,9,-9999.9,-9999.9,-9999.9,-9999.9,-9999.9
1909,10,-9999.9,-9999.9,-9999.9,-9999.9,-9999.9
1909,11,-9999.9,-9999.9,-9999.9,-9999.9,-9999.9
1909,12,-9999.9,-9999.9,-9999.9,-9999.9,-9999.9
1910,1,-9999.9,-9999.9,-9999.9,-9999.9,-9999.9
1910,2,-9999.9,-9999.9,-9999.9,-9999.9,-9999.9
1910,3,-9999.9,-9999.9,-9999.9,-9999.9,-9999.9
1910,4,-9999.9,-9999.9,-9999.9,-9999.9,-9999.9
1910,5,-9999.9,-9999.9,-9999.9,-9999.9,-9999.9
1910,6,-9999.9,-9999.9,-9999.9,-9999.9,-9999.9
1910,7,-9999.9,-9999.9,-9999.9,-9999.9,-9999.9
1910,8,-9999.9,-9999.9,-9999.9,-9999.9,-9999.9
1910,9,-9999.9,-9999.9,-9999.9,-9999.9,-9999.9
1910,10,-9999.9,-9999.9,-9999.9,-9999.9,-9999.9
1910,11,-9999.9,-9999.9,-9999.9,-9999.9,-9999.9
1910,12,-9999.9,-9999.9,-9999.9,-9999.9,-9999.9
1911,1,-9999.9,-9999.9,-9999.9,-9999.9,-9999.9
1911,2,-9999.9,-9999.9,-9999.9,-9999.9,-9999.9
1911,3,-9999.9,-9999.9,-9999.9,-9999.9,-9999.9
1911,4,-9999.9,-9999.9,-9999.9,-9999.9,-9999.9
1911,5,-9999.9,-9999.9,-9999.9,-9999.9,-9999.9
1911,6,-9999.9,-9999.9,-9999.9,-9999.9,-9999.9
1911,7,-9999.9,-9999.9,-9999.9,-9999.9,-9999.9
1911,8,-9999.9,-9999.9,-9999.9,-9999.9,-9999.9
1911,9,-9999.9,-9999.9,-9999.9,-9999.9,-9999.9
1911,10,-9999.9,-9999.9,-9999.9,-9999.9,-9999.9
1911,11,-9999.9,-9999.9,-9999.9,-9999.9,-9999.9
1911,12,-9999.9,-9999.9,-9999.9,-9999.9,-9999.9
1912,1,-9999.9,-9999.9,-9999.9,-9999.9,-9999.9
1912,2,-9999.9,-9999.9,-9999.9,-9999.9,-9999.9
1912,3,-9999.9,-9999.9,-9999.9,-9999.9,-9999.9
1912,4,-9999.9,-9999.9,-9999.9,-9999.9,-9999.9
1912,5,-9999.9,-9999.9,-9999.9,-9999.9,-9999.9
1912,6,-9999.9,-9999.9,-9999.9,-9999.9,-9999.9
1912,7,-9999.9,-9999.9,-9999.9,-9999.9,-9999.9
1912,8,-9999.9,-9999.9,-9999.9,-9999.9,-9999.9
1912,9,-9999.9,-9999.9,-9999.9,-9999.9,-9999.9
1912,10,-9999.9,-9999.9,-9999.9,-9999.9,-9999.9
1912,11,-9999.9,-9999.9,-9999.9,-9999.9,-9999.9
1912,12,-9999.9,-9999.9,-9999.9,-9999.9,-9999.9
1913,1,-9999.9,-9999.9,-9999.9,-9999.9,-9999.9
1913,2,-9999.9,-9999.9,-9999.9,-9999.9,-9999.9
1913,3,-9999.9,-9999.9,-9999.9,-9999.9,-9999.9
1913,4,-9999.9,-9999.9,-9999.9,-9999.9,-9999.9
1913,5,-9999.9,-9999.9,-9999.9,-9999.9,-9999.9
1913,6,-9999.9,-9999.9,-9999.9,-9999.9,-9999.9
1913,7,-9999.9,-9999.9,-9999.9,-9999.9,-9999.9
1913,8,-9999.9,-9999.9,-9999.9,-9999.9,-9999.9
1913,9,-9999.9,-9999.9,-9999.9,-9999.9,-9999.9
1913,10,-9999.9,-9999.9,-9999.9,-9999.9,-9999.9
1913,11,-9999.9,-9999.9,-9999.9,-9999.9,-9999.9
1913,12,-9999.9,-9999.9,-9999.9,-9999.9,-9999.9
1914,1,-9999.9,-9999.9,-9999.9,-9999.9,-9999.9
1914,2,-9999.9,-9999.9,-9999.9,-9999.9,-9999.9
1914,3,-9999.9,-9999.9,-9999.9,-9999.9,-9999.9
1914,4,-9999.9,-9999.9,-9999.9,-9999.9,-9999.9
1914,5,-9999.9,-9999.9,-9999.9,-9999.9,-9999.9
1914,6,-9999.9,-9999.9,-9999.9,-9999.9,-9999.9
1914,7,-9999.9,-9999.9,-9999.9,-9999.9,-9999.9
1914,8,-9999.9,-9999.9,-9999.9,-9999.9,-9999.9
1914,9,-9999.9,-9999.9,-9999.9,-9999.9,-9999.9
1914,10,-9999.9,-9999.9,-9999.9,-9999.9,-9999.9
1914,11,-9999.9,-9999.9,-9999.9,-9999.9,-9999.9
1914,12,-9999.9,-9999.9,-9999.9,-9999.9,-9999.9
1915,1,-9999.9,-9999.9,-9999.9,-9999.9,-9999.9
1915,2,-9999.9,-9999.9,-9999.9,-9999.9,-9999.9
1915,3,-9999.9,-9999.9,-9999.9,-9999.9,-9999.9
1915,4,-9999.9,-9999.9,-9999.9,-9999.9,-9999.9
1915,5,-9999.9,-9999.9,-9999.9,-9999.9,-9999.9
1915,6,-9999.9,-9999.9,-9999.9,-9999.9,-9999.9
1915,7,-9999.9,-9999.9,-9999.9,-9999.9,-9999.9
1915,8,-9999.9,-9999.9,-9999.9,-9999.9,-9999.9
1915,9,-9999.9,-9999.9,-9999.9,-9999.9,-9999.9
1915,10,-9999.9,-9999.9,-9999.9,-9999.9,-9999.9
1915,11,-9999.9,-9999.9,-9999.9,-9999.9,-9999.9
1915,12,-9999.9,-9999.9,-9999.9,-9999.9,-9999.9
1916,1,-9999.9,-9999.9,-9999.9,-9999.9,-9999.9
1916,2,-9999.9,-9999.9,-9999.9,-9999.9,-9999.9
1916,3,-9999.9,-9999.9,-9999.9,-9999.9,-9999.9
1916,4,-9999.9,-9999.9,-9999.9,-9999.9,-9999.9
1916,5,-9999.9,-9999.9,-9999.9,-9999.9,-9999.9
1916,6,-9999.9,-9999.9,-9999.9,-9999.9,-9999.9
1916,7,-9999.9,-9999.9,-9999.9,-9999.9,-9999.9
1916,8,-9999.9,-9999.9,-9999.9,-9999.9,-9999.9
1916,9,-9999.9,-9999.9,-9999.9,-9999.9,-9999.9
1916,10,-9999.9,-9999.9,-9999.9,-9999.9,-9999.9
1916,11,-9999.9,-9999.9,-9999.9,-9999.9,-9999.9
1916,12,-9999.9,-9999.9,-9999.9,-9999.9,-9999.9
1917,1,-9999.9,-9999.9,-9999.9,-9999.9,-9999.9
1917,2,-9999.9,-9999.9,-9999.9,-9999.9,-9999.9
1917,3,-9999.9,-9999.9,-9999.9,-9999.9,-9999.9
1917,4,-9999.9,-9999.9,-9999.9,-9999.9,-9999.9
1917,5,-9999.9,-9999.9,-9999.9,-9999.9,-9999.9
1917,6,-9999.9,-9999.9,-9999.9,-9999.9,-9999.9
1917,7,-9999.9,-9999.9,-9999.9,-9999.9,-9999.9
1917,8,-9999.9,-9999.9,-9999.9,-9999.9,-9999.9
1917,9,-9999.9,-9999.9,-9999.9,-9999.9,-9999.9
1917,10,-9999.9,-9999.9,-9999.9,-9999.9,-9999.9
1917,11,-9999.9,-9999.9,-9999.9,-9999.9,-9999.9
1917,12,-9999.9,-9999.9,-9999.9,-9999.9,-9999.9
1918,1,-9999.9,-9999.9,-9999.9,-9999.9,-9999.9
1918,2,-9999.9,-9999.9,-9999.9,-9999.9,-9999.9
1918,3,-9999.9,-9999.9,-9999.9,-9999.9,-9999.9
1918,4,-9999.9,-9999.9,-9999.9,-9999.9,-9999.9
1918,5,-9999.9,-9999.9,-9999.9,-9999.9,-9999.9
1918,6,-9999.9,-9999.9,-9999.9,-9999.9,-9999.9
1918,7,-9999.9,-9999.9,-9999.9,-9999.9,-9999.9
1918,8,-9999.9,-9999.9,-9999.9,-9999.9,-9999.9
1918,9,-9999.9,-9999.9,-9999.9,-9999.9,-9999.9
1918,10,-9999.9,-9999.9,-9999.9,-9999.9,-9999.9
1918,11,-9999.9,-9999.9,-9999.9,-9999.9,-9999.9
1918,12,-9999.9,-9999.9,-9999.9,-9999.9,-9999.9
1919,1,-9999.9,-9999.9,-9999.9,-9999.9,-9999.9
1919,2,-9999.9,-9999.9,-9999.9,-9999.9,-9999.9
1919,3,-9999.9,-9999.9,-9999.9,-9999.9,-9999.9
1919,4,-9999.9,-9999.9,-9999.9,-9999.9,-9999.9
1919,5,-9999.9,-9999.9,-9999.9,-9999.9,-9999.9
1919,6,-9999.9,-9999.9,-9999.9,-9999.9,-9999.9
1919,7,-9999.9,-9999.9,-9999.9,-9999.9,-9999.9
1919,8,-9999.9,-9999.9,-9999.9,-9999.9,-9999.9
1919,9,-9999.9,-9999.9,-9999.9,-9999.9,-9999.9
1919,10,-9999.9,-9999.9,-9999.9,-9999.9,-9999.9
1919,11,-9999.9,-9999.9,-9999.9,-9999.9,-9999.9
1919,12,-9999.9,-9999.9,-9999.9,-9999.9,-9999.9
1920,1,-9999.9,-9999.9,-9999.9,-9999.9,-9999.9
1920,2,-9999.9,-9999.9,-9999.9,-9999.9,-9999.9
1920,3,-9999.9,-9999.9,-9999.9,-9999.9,-9999.9
1920,4,-9999.9,-9999.9,-9999.9,-9999.9,-9999.9
1920,5,-9999.9,-9999.9,-9999.9,-9999.9,-9999.9
1920,6,-9999.9,-9999.9,-9999.9,-9999.9,-9999.9
1920,7,-9999.9,-9999.9,-9999.9,-9999.9,-9999.9
1920,8,-9999.9,-9999.9,-9999.9,-9999.9,-9999.9
1920,9,-9999.9,-9999.9,-9999.9,-9999.9,-9999.9
1920,10,-9999.9,-9999.9,-9999.9,-9999.9,-9999.9
1920,11,-9999.9,-9999.9,-9999.9,-9999.9,-9999.9
1920,12,-9999.9,-9999.9,-9999.9,-9999.9,-9999.9
1921,1,-9999.9,-9999.9,-9999.9,-9999.9,-9999.9
1921,2,-9999.9,-9999.9,-9999.9,-9999.9,-9999.9
1921,3,-9999.9,-9999.9,-9999.9,-9999.9,-9999.9
1921,4,-9999.9,-9999.9,-9999.9,-9999.9,-9999.9
1921,5,-9999.9,-9999.9,-9999.9,-9999.9,-9999.9
1921,6,-9999.9,-9999.9,-9999.9,-9999.9,-9999.9
1921,7,-9999.9,-9999.9,-9999.9,-9999.9,-9999.9
1921,8,-9999.9,-9999.9,-9999.9,-9999.9,-9999.9
1921,9,-9999.9,-9999.9,-9999.9,-9999.9,-9999.9
1921,10,-9999.9,-9999.9,-9999.9,-9999.9,-9999.9
1921,11,-9999.9,-9999.9,-9999.9,-9999.9,-9999.9
1921,12,-9999.9,-9999.9,-9999.9,-9999.9,-9999.9
1922,1,-9999.9,-9999.9,-9999.9,-9999.9,-9999.9
1922,2,-9999.9,-9999.9,-9999.9,-9999.9,-9999.9
1922,3,-9999.9,-9999.9,-9999.9,-9999.9,-9999.9
1922,4,-9999.9,-9999.9,-9999.9,-9999.9,-9999.9
1922,5,-9999.9,-9999.9,-9999.9,-9999.9,-9999.9
1922,6,-9999.9,-9999.9,-9999.9,-9999.9,-9999.9
1922,7,-9999.9,-9999.9,-9999.9,-9999.9,-9999.9
1922,8,-9999.9,-9999.9,-9999.9,-9999.9,-9999.9
1922,9,-9999.9,-9999.9,-9999.9,-9999.9,-9999.9
1922,10,-9999.9,-9999.9,-9999.9,-9999.9,-9999.9
1922,11,-9999.9,-9999.9,-9999.9,-9999.9,-9999.9
1922,12,-9999.9,-9999.9,-9999.9,-9999.9,-9999.9
1923,1,-9999.9,-9999.9,-9999.9,-9999.9,-9999.9
1923,2,-9999.9,-9999.9,-9999.9,-9999.9,-9999.9
1923,3,-9999.9,-9999.9,-9999.9,-9999.9,-9999.9
1923,4,-9999.9,-9999.9,-9999.9,-9999.9,-9999.9
1923,5,-9999.9,-9999.9,-9999.9,-9999.9,-9999.9
1923,6,-9999.9,-9999.9,-9999.9,-9999.9,-9999.9
1923,7,-9999.9,-9999.9,-9999.9,-9999.9,-9999.9
1923,8,-9999.9,-9999.9,-9999.9,-9999.9,-9999.9
1923,9,-9999.9,-9999.9,-9999.9,-9999.9,-9999.9
1923,10,-9999.9,-9999.9,-9999.9,-9999.9,-9999.9
1923,11,-9999.9,-9999.9,-9999.9,-9999.9,-9999.9
1923,12,-9999.9,-9999.9,-9999.9,-9999.9,-9999.9
1924,1,-9999.9,-9999.9,-9999.9,-9999.9,-9999.9
1924,2,-9999.9,-9999.9,-9999.9,-9999.9,-9999.9
1924,3,-9999.9,-9999.9,-9999.9,-9999.9,-9999.9
1924,4,-9999.9,-9999.9,-9999.9,-9999.9,-9999.9
1924,5,-9999.9,-9999.9,-9999.9,-9999.9,-9999.9
1924,6,-9999.9,-9999.9,-9999.9,-9999.9,-9999.9
1924,7,-9999.9,-9999.9,-9999.9,-9999.9,-9999.9
1924,8,-9999.9,-9999.9,-9999.9,-9999.9,-9999.9
1924,9,-9999.9,-9999.9,-9999.9,-9999.9,-9999.9
1924,10,-9999.9,-9999.9,-9999.9,-9999.9,-9999.9
1924,11,-9999.9,-9999.9,-9999.9,-9999.9,-9999.9
1924,12,-9999.9,-9999.9,-9999.9,-9999.9,-9999.9
1925,1,-9999.9,-9999.9,-9999.9,-9999.9,-9999.9
1925,2,-9999.9,-9999.9,-9999.9,-9999.9,-9999.9
1925,3,-9999.9,-9999.9,-9999.9,-9999.9,-9999.9
1925,4,-9999.9,-9999.9,-9999.9,-9999.9,-9999.9
1925,5,-9999.9,-9999.9,-9999.9,-9999.9,-9999.9
1925,6,-9999.9,-9999.9,-9999.9,-9999.9,-9999.9
1925,7,-9999.9,-9999.9,-9999.9,-9999.9,-9999.9
1925,8,-9999.9,-9999.9,-9999.9,-9999.9,-9999.9
1925,9,-9999.9,-9999.9,-9999.9,-9999.9,-9999.9
1925,10,-9999.9,-9999.9,-9999.9,-9999.9,-9999.9
1925,11,-9999.9,-9999.9,-9999.9,-9999.9,-9999.9
1925,12,-9999.9,-9999.9,-9999.9,-9999.9,-9999.9
1926,1,-9999.9,-9999.9,-9999.9,-9999.9,-9999.9
1926,2,-9999.9,-9999.9,-9999.9,-9999.9,-9999.9
1926,3,-9999.9,-9999.9,-9999.9,-9999.9,-9999.9
1926,4,-9999.9,-9999.9,-9999.9,-9999.9,-9999.9
1926,5,-9999.9,-9999.9,-9999.9,-9999.9,-9999.9
1926,6,-9999.9,-9999.9,-9999.9,-9999.9,-9999.9
1926,7,-9999.9,-9999.9,-9999.9,-9999.9,-9999.9
1926,8,-9999.9,-9999.9,-9999.9,-9999.9,-9999.9
1926,9,-9999.9,-9999.9,-9999.9,-9999.9,-9999.9
1926,10,-9999.9,-9999.9,-9999.9,-9999.9,-9999.9
1926,11,-9999.9,-9999.9,-9999.9,-9999.9,-9999.9
1926,12,-9999.9,-9999.9,-9999.9,-9999.9,-9999.9
1927,1,-9999.9,-9999.9,-9999.9,-9999.9,-9999.9
1927,2,-9999.9,-9999.9,-9999.9,-9999.9,-9999.9
1927,3,-9999.9,-9999.9,-9999.9,-9999.9,-9999.9
1927,4,-9999.9,-9999.9,-9999.9,-9999.9,-9999.9
1927,5,-9999.9,-9999.9,-9999.9,-9999.9,-9999.9
1927,6,-9999.9,-9999.9,-9999.9,-9999.9,-9999.9
1927,7,-9999.9,-9999.9,-9999.9,-9999.9,-9999.9
1927,8,-9999.9,-9999.9,-9999.9,-9999.9,-9999.9
1927,9,-9999.9,-9999.9,-9999.9,-9999.9,-9999.9
1927,10,-9999.9,-9999.9,-9999.9,-9999.9,-9999.9
1927,11,-9999.9,-9999.9,-9999.9,-9999.9,-9999.9
1927,12,-9999.9,-9999.9,-9999.9,-9999.9,-9999.9
1928,1,-9999.9,-9999.9,-9999.9,-9999.9,-9999.9
1928,2,-9999.9,-9999.9,-9999.9,-9999.9,-9999.9
1928,3,-9999.9,-9999.9,-9999.9,-9999.9,-9999.9
1928,4,-9999.9,-9999.9,-9999.9,-9999.9,-9999.9
1928,5,-9999.9,-9999.9,-9999.9,-9999.9,-9999.9
1928,6,-9999.9,-9999.9,-9999.9,-9999.9,-9999.9
1928,7,-9999.9,-9999.9,-9999.9,-9999.9,-9999.9
1928,8,-9999.9,-9999.9,-9999.9,-9999.9,-9999.9
1928,9,-9999.9,-9999.9,-9999.9,-9999.9,-9999.9
1928,10,-9999.9,-9999.9,-9999.9,-9999.9,-9999.9
1928,11,-9999.9,-9999.9,-9999.9,-9999.9,-9999.9
1928,12,-9999.9,-9999.9,-9999.9,-9999.9,-9999.9
1929,1,-9999.9,-9999.9,-9999.9,-9999.9,-9999.9
1929,2,-9999.9,-9999.9,-9999.9,-9999.9,-9999.9
1929,3,-9999.9,-9999.9,-9999.9,-9999.9,-9999.9
1929,4,-9999.9,-9999.9,-9999.9,-9999.9,-9999.9
1929,5,-9999.9,-9999.9,-9999.9,-9999.9,-9999.9
1929,6,-9999.9,-9999.9,-9999.9,-9999.9,-9999.9
1929,7,-9999.9,-9999.9,-9999.9,-9999.9,-9999.9
1929,8,-9999.9,-9999.9,-9999.9,-9999.9,-9999.9
1929,9,-9999.9,-9999.9,-9999.9,-9999.9,-9999.9
1929,10,-9999.9,-9999.9,-9999.9,-9999.9,-9999.9
1929,11,-9999.9,-9999.9,-9999.9,-9999.9,-9999.9
1929,12,-9999.9,-9999.9,-9999.9,-9999.9,-9999.9
1930,1,-9999.9,-9999.9,-9999.9,-9999.9,-9999.9
1930,2,-9999.9,-9999.9,-9999.9,-9999.9,-9999.9
1930,3,-9999.9,-9999.9,-9999.9,-9999.9,-9999.9
1930,4,-9999.9,-9999.9,-9999.9,-9999.9,-9999.9
1930,5,-9999.9,-9999.9,-9999.9,-9999.9,-9999.9
1930,6,-9999.9,-9999.9,-9999.9,-9999.9,-9999.9
1930,7,-9999.9,-9999.9,-9999.9,-9999.9,-9999.9
1930,8,-9999.9,-9999.9,-9999.9,-9999.9,-9999.9
1930,9,-9999.9,-9999.9,-9999.9,-9999.9,-9999.9
1930,10,-9999.9,-9999.9,-9999.9,-9999.9,-9999.9
1930,11,-9999.9,-9999.9,-9999.9,-9999.9,-9999.9
1930,12,-9999.9,-9999.9,-9999.9,-9999.9,-9999.9
1931,1,-9999.9,-9999.9,-9999.9,-9999.9,-9999.9
1931,2,-9999.9,-9999.9,-9999.9,-9999.9,-9999.9
1931,3,-9999.9,-9999.9,-9999.9,-9999.9,-9999.9
1931,4,-9999.9,-9999.9,-9999.9,-9999.9,-9999.9
1931,5,-9999.9,-9999.9,-9999.9,-9999.9,-9999.9
1931,6,-9999.9,-9999.9,-9999.9,-9999.9,-9999.9
1931,7,-9999.9,-9999.9,-9999.9,-9999.9,-9999.9
1931,8,-9999.9,-9999.9,-9999.9,-9999.9,-9999.9
1931,9,-9999.9,-9999.9,-9999.9,-9999.9,-9999.9
1931,10,-9999.9,-9999.9,-9999.9,-9999.9,-9999.9
1931,11,-9999.9,-9999.9,-9999.9,-9999.9,-9999.9
1931,12,-9999.9,-9999.9,-9999.9,-9999.9,-9999.9
1932,1,-9999.9,-9999.9,-9999.9,-9999.9,-9999.9
1932,2,-9999.9,-9999.9,-9999.9,-9999.9,-9999.9
1932,3,-9999.9,-9999.9,-9999.9,-9999.9,-9999.9
1932,4,-9999.9,-9999.9,-9999.9,-9999.9,-9999.9
1932,5,-9999.9,-9999.9,-9999.9,-9999.9,-9999.9
1932,6,-9999.9,-9999.9,-9999.9,-9999.9,-9999.9
1932,7,-9999.9,-9999.9,-9999.9,-9999.9,-9999.9
1932,8,-9999.9,-9999.9,-9999.9,-9999.9,-9999.9
1932,9,-9999.9,-9999.9,-9999.9,-9999.9,-9999.9
1932,10,-9999.9,-9999.9,-9999.9,-9999.9,-9999.9
1932,11,-9999.9,-9999.9,-9999.9,-9999.9,-9999.9
1932,12,-9999.9,-9999.9,-9999.9,-9999.9,-9999.9
1933,1,-9999.9,-9999.9,-9999.9,-9999.9,-9999.9
1933,2,-9999.9,-9999.9,-9999.9,-9999.9,-9999.9
1933,3,-9999.9,-9999.9,-9999.9,-9999.9,-9999.9
1933,4,-9999.9,-9999.9,-9999.9,-9999.9,-9999.9
1933,5,-9999.9,-9999.9,-9999.9,-9999.9,-9999.9
1933,6,-9999.9,-9999.9,-9999.9,-9999.9,-9999.9
1933,7,-9999.9,-9999.9,-9999.9,-9999.9,-9999.9
1933,8,-9999.9,-9999.9,-9999.9,-9999.9,-9999.9
1933,9,-9999.9,-9999.9,-9999.9,-9999.9,-9999.9
1933,10,-9999.9,-9999.9,-9999.9,-9999.9,-9999.9
1933,11,-9999.9,-9999.9,-9999.9,-9999.9,-9999.9
1933,12,-9999.9,-9999.9,-9999.9,-9999.9,-9999.9
1934,1,-9999.9,-9999.9,-9999.9,-9999.9,-9999.9
1934,2,-9999.9,-9999.9,-9999.9,-9999.9,-9999.9
1934,3,-9999.9,-9999.9,-9999.9,-9999.9,-9999.9
1934,4,-9999.9,-9999.9,-9999.9,-9999.9,-9999.9
1934,5,-9999.9,-9999.9,-9999.9,-9999.9,-9999.9
1934,6,-9999.9,-9999.9,-9999.9,-9999.9,-9999.9
1934,7,-9999.9,-9999.9,-9999.9,-9999.9,-9999.9
1934,8,-9999.9,-9999.9,-9999.9,-9999.9,-9999.9
1934,9,-9999.9,-9999.9,-9999.9,-9999.9,-9999.9
1934,10,-9999.9,-9999.9,-9999.9,-9999.9,-9999.9
1934,11,-9999.9,-9999.9,-9999.9,-9999.9,-9999.9
1934,12,-9999.9,-9999.9,-9999.9,-9999.9,-9999.9
1935,1,-9999.9,-9999.9,-9999.9,-9999.9,-9999.9
1935,2,-9999.9,-9999.9,-9999.9,-9999.9,-9999.9
1935,3,-9999.9,-9999.9,-9999.9,-9999.9,-9999.9
1935,4,-9999.9,-9999.9,-9999.9,-9999.9,-9999.9
1935,5,-9999.9,-9999.9,-9999.9,-9999.9,-9999.9
1935,6,-9999.9,-9999.9,-9999.9,-9999.9,-9999.9
1935,7,-9999.9,-9999.9,-9999.9,-9999.9,-9999.9
1935,8,-9999.9,-9999.9,-9999.9,-9999.9,-9999.9
1935,9,-9999.9,-9999.9,-9999.9,-9999.9,-9999.9
1935,10,-9999.9,-9999.9,-9999.9,-9999.9,-9999.9
1935,11,-9999.9,-9999.9,-9999.9,-9999.9,-9999.9
1935,12,-9999.9,-9999.9,-9999.9,-9999.9,-9999.9
1936,1,-9999.9,-9999.9,-9999.9,-9999.9,-9999.9
1936,2,-9999.9,-9999.9,-9999.9,-9999.9,-9999.9
1936,3,-9999.9,-9999.9,-9999.9,-9999.9,-9999.9
1936,4,-9999.9,-9999.9,-9999.9,-9999.9,-9999.9
1936,5,-9999.9,-9999.9,-9999.9,-9999.9,-9999.9
1936,6,-9999.9,-9999.9,-9999.9,-9999.9,-9999.9
1936,7,-9999.9,-9999.9,-9999.9,-9999.9,-9999.9
1936,8,-9999.9,-9999.9,-9999.9,-9999.9,-9999.9
1936,9,-9999.9,-9999.9,-9999.9,-9999.9,-9999.9
1936,10,-9999.9,-9999.9,-9999.9,-9999.9,-9999.9
1936,11,-9999.9,-9999.9,-9999.9,-9999.9,-9999.9
1936,12,-9999.9,-9999.9,-9999.9,-9999.9,-9999.9
1937,1,-9999.9,-9999.9,-9999.9,-9999.9,-9999.9
1937,2,-9999.9,-9999.9,-9999.9,-9999.9,-9999.9
1937,3,-9999.9,-9999.9,-9999.9,-9999.9,-9999.9
1937,4,-9999.9,-9999.9,-9999.9,-9999.9,-9999.9
1937,5,-9999.9,-9999.9,-9999.9,-9999.9,-9999.9
1937,6,-9999.9,-9999.9,-9999.9,-9999.9,-9999.9
1937,7,-9999.9,-9999.9,-9999.9,-9999.9,-9999.9
1937,8,-9999.9,-9999.9,-9999.9,-9999.9,-9999.9
1937,9,-9999.9,-9999.9,-9999.9,-9999.9,-9999.9
1937,10,-9999.9,-9999.9,-9999.9,-9999.9,-9999.9
1937,11,-9999.9,-9999.9,-9999.9,-9999.9,-9999.9
1937,12,-9999.9,-9999.9,-9999.9,-9999.9,-9999.9
1938,1,-9999.9,-9999.9,-9999.9,-9999.9,-9999.9
1938,2,-9999.9,-9999.9,-9999.9,-9999.9,-9999.9
1938,3,-9999.9,-9999.9,-9999.9,-9999.9,-9999.9
1938,4,-9999.9,-9999.9,-9999.9,-9999.9,-9999.9
1938,5,-9999.9,-9999.9,-9999.9,-9999.9,-9999.9
1938,6,-9999.9,-9999.9,-9999.9,-9999.9,-9999.9
1938,7,-9999.9,-9999.9,-9999.9,-9999.9,-9999.9
1938,8,-9999.9,-9999.9,-9999.9,-9999.9,-9999.9
1938,9,-9999.9,-9999.9,-9999.9,-9999.9,-9999.9
1938,10,-9999.9,-9999.9,-9999.9,-9999.9,-9999.9
1938,11,-9999.9,-9999.9,-9999.9,-9999.9,-9999.9
1938,12,-9999.9,-9999.9,-9999.9,-9999.9,-9999.9
1939,1,-9999.9,-9999.9,-9999.9,-9999.9,-9999.9
1939,2,-9999.9,-9999.9,-9999.9,-9999.9,-9999.9
1939,3,-9999.9,-9999.9,-9999.9,-9999.9,-9999.9
1939,4,-9999.9,-9999.9,-9999.9,-9999.9,-9999.9
1939,5,-9999.9,-9999.9,-9999.9,-9999.9,-9999.9
1939,6,-9999.9,-9999.9,-9999.9,-9999.9,-9999.9
1939,7,-9999.9,-9999.9,-9999.9,-9999.9,-9999.9
1939,8,-9999.9,-9999.9,-9999.9,-9999.9,-9999.9
1939,9,-9999.9,-9999.9,-9999.9,-9999.9,-9999.9
1939,10,-9999.9,-9999.9,-9999.9,-9999.9,-9999.9
1939,11,-9999.9,-9999.9,-9999.9,-9999.9,-9999.9
1939,12,-9999.9,-9999.9,-9999.9,-9999.9,-9999.9
1940,1,-9999.9,-9999.9,-9999.9,-9999.9,-9999.9
1940,2,-9999.9,-9999.9,-9999.9,-9999.9,-9999.9
1940,3,-9999.9,-9999.9,-9999.9,-9999.9,-9999.9
1940,4,-9999.9,-9999.9,-9999.9,-9999.9,-9999.9
1940,5,-9999.9,-9999.9,-9999.9,-9999.9,-9999.9
1940,6,-9999.9,-9999.9,-9999.9,-9999.9,-9999.9
1940,7,-9999.9,-9999.9,-9999.9,-9999.9,-9999.9
1940,8,-9999.9,-9999.9,-9999.9,-9999.9,-9999.9
1940,9,-9999.9,-9999.9,-9999.9,-9999.9,-9999.9
1940,10,-9999.9,-9999.9,-9999.9,-9999.9,-9999.9
1940,11,-9999.9,-9999.9,-9999.9,-9999.9,-9999.9
1940,12,-9999.9,-9999.9,-9999.9,-9999.9,-9999.9
1941,1,-9999.9,-9999.9,-9999.9,-9999.9,-9999.9
1941,2,-9999.9,-9999.9,-9999.9,-9999.9,-9999.9
1941,3,-9999.9,-9999.9,-9999.9,-9999.9,-9999.9
1941,4,-9999.9,-9999.9,-9999.9,-9999.9,-9999.9
1941,5,-9999.9,-9999.9,-9999.9,-9999.9,-9999.9
1941,6,-9999.9,-9999.9,-9999.9,-9999.9,-9999.9
1941,7,-9999.9,-9999.9,-9999.9,-9999.9,-9999.9
1941,8,-9999.9,-9999.9,-9999.9,-9999.9,-9999.9
1941,9,-9999.9,-9999.9,-9999.9,-9999.9,-9999.9
1941,10,-9999.9,-9999.9,-9999.9,-9999.9,-9999.9
1941,11,-9999.9,-9999.9,-9999.9,-9999.9,-9999.9
1941,12,-9999.9,-9999.9,-9999.9,-9999.9,-9999.9
1942,1,-9999.9,-9999.9,-9999.9,-9999.9,-9999.9
1942,2,-9999.9,-9999.9,-9999.9,-9999.9,-9999.9
1942,3,-9999.9,-9999.9,-9999.9,-9999.9,-9999.9
1942,4,-9999.9,-9999.9,-9999.9,-9999.9,-9999.9
1942,5,-9999.9,-9999.9,-9999.9,-9999.9,-9999.9
1942,6,-9999.9,-9999.9,-9999.9,-9999.9,-9999.9
1942,7,-9999.9,-9999.9,-9999.9,-9999.9,-9999.9
1942,8,-9999.9,-9999.9,-9999.9,-9999.9,-9999.9
1942,9,-9999.9,-9999.9,-9999.9,-9999.9,-9999.9
1942,10,-9999.9,-9999.9,-9999.9,-9999.9,-9999.9
1942,11,-9999.9,-9999.9,-9999.9,-9999.9,-9999.9
1942,12,-9999.9,-9999.9,-9999.9,-9999.9,-9999.9
1943,1,-9999.9,-9999.9,-9999.9,-9999.9,-9999.9
1943,2,-9999.9,-9999.9,-9999.9,-9999.9,-9999.9
1943,3,-9999.9,-9999.9,-9999.9,-9999.9,-9999.9
1943,4,-9999.9,-9999.9,-9999.9,-9999.9,-9999.9
1943,5,-9999.9,-9999.9,-9999.9,-9999.9,-9999.9
1943,6,-9999.9,-9999.9,-9999.9,-9999.9,-9999.9
1943,7,-9999.9,-9999.9,-9999.9,-9999.9,-9999.9
1943,8,-9999.9,-9999.9,-9999.9,-9999.9,-9999.9
1943,9,-9999.9,-9999.9,-9999.9,-9999.9,-9999.9
1943,10,-9999.9,-9999.9,-9999.9,-9999.9,-9999.9
1943,11,-9999.9,-9999.9,-9999.9,-9999.9,-9999.9
1943,12,-9999.9,-9999.9,-9999.9,-9999.9,-9999.9
1944,1,-9999.9,-9999.9,-9999.9,-9999.9,-9999.9
1944,2,-9999.9,-9999.9,-9999.9,-9999.9,-9999.9
1944,3,-9999.9,-9999.9,-9999.9,-9999.9,-9999.9
1944,4,-9999.9,-9999.9,-9999.9,-9999.9,-9999.9
1944,5,-9999.9,-9999.9,-9999.9,-9999.9,-9999.9
1944,6,-9999.9,-9999.9,-9999.9,-9999.9,-9999.9
1944,7,-9999.9,-9999.9,-9999.9,-9999.9,-9999.9
1944,8,-9999.9,-9999.9,-9999.9,-9999.9,-9999.9
1944,9,-9999.9,-9999.9,-9999.9,-9999.9,-9999.9
1944,10,-9999.9,-9999.9,-9999.9,-9999.9,-9999.9
1944,11,-9999.9,-9999.9,-9999.9,-9999.9,-9999.9
1944,12,-9999.9,-9999.9,-9999.9,-9999.9,-9999.9
1945,1,-9999.9,-9999.9,-9999.9,-9999.9,-9999.9
1945,2,-9999.9,-9999.9,-9999.9,-9999.9,-9999.9
1945,3,-9999.9,-9999.9,-9999.9,-9999.9,-9999.9
1945,4,-9999.9,-9999.9,-9999.9,-9999.9,-9999.9
1945,5,-9999.9,-9999.9,-9999.9,-9999.9,-9999.9
1945,6,-9999.9,-9999.9,-9999.9,-9999.9,-9999.9
1945,7,-9999.9,-9999.9,-9999.9,-9999.9,-9999.9
1945,8,-9999.9,-9999.9,-9999.9,-9999.9,-9999.9
1945,9,-9999.9,-9999.9,-9999.9,-9999.9,-9999.9
1945,10,-9999.9,-9999.9,-9999.9,-9999.9,-9999.9
1945,11,-9999.9,-9999.9,-9999.9,-9999.9,-9999.9
1945,12,-9999.9,-9999.9,-9999.9,-9999.9,-9999.9
1946,1,-9999.9,-9999.9,-9999.9,-9999.9,-9999.9
1946,2,-9999.9,-9999.9,-9999.9,-9999.9,-9999.9
1946,3,-9999.9,-9999.9,-9999.9,-9999.9,-9999.9
1946,4,-9999.9,-9999.9,-9999.9,-9999.9,-9999.9
1946,5,-9999.9,-9999.9,-9999.9,-9999.9,-9999.9
1946,6,-9999.9,-9999.9,-9999.9,-9999.9,-9999.9
1946,7,-9999.9,-9999.9,-9999.9,-9999.9,-9999.9
1946,8,-9999.9,-9999.9,-9999.9,-9999.9,-9999.9
1946,9,-9999.9,-9999.9,-9999.9,-9999.9,-9999.9
1946,10,-9999.9,-9999.9,-9999.9,-9999.9,-9999.9
1946,11,-9999.9,-9999.9,-9999.9,-9999.9,-9999.9
1946,12,-9999.9,-9999.9,-9999.9,-9999.9,-9999.9
1947,1,-9999.9,-9999.9,-9999.9,-9999.9,-9999.9
1947,2,-9999.9,-9999.9,-9999.9,-9999.9,-9999.9
1947,3,-9999.9,-9999.9,-9999.9,-9999.9,-9999.9
1947,4,-9999.9,-9999.9,-9999.9,-9999.9,-9999.9
1947,5,-9999.9,-9999.9,-9999.9,-9999.9,-9999.9
1947,6,-9999.9,-9999.9,-9999.9,-9999.9,-9999.9
1947,7,-9999.9,-9999.9,-9999.9,-9999.9,-9999.9
1947,8,-9999.9,-9999.9,-9999.9,-9999.9,-9999.9
1947,9,-9999.9,-9999.9,-9999.9,-9999.9,-9999.9
1947,10,-9999.9,-9999.9,-9999.9,-9999.9,-9999.9
1947,11,-9999.9,-9999.9,-9999.9,-9999.9,-9999.9
1947,12,-9999.9,-9999.9,-9999.9,-9999.9,-9999.9
1948,1,-9999.9,-9999.9,122.78,-9999.9,-9999.9
1948,2,-9999.9,-9999.9,43.19,-9999.9,-9999.9
1948,3,-9999.9,-9999.9,29.46,-9999.9,-9999.9
1948,4,-9999.9,-9999.9,7,-9999.9,-9999.9
1948,5,-9999.9,-9999.9,1.77,-9999.9,-9999.9
1948,6,-9999.9,-9999.9,1.55,-9999.9,-9999.9
1948,7,-9999.9,-9999.9,12.44,-9999.9,-9999.9
1948,8,-9999.9,-9999.9,32.78,-9999.9,-9999.9
1948,9,-9999.9,-9999.9,60.44,-9999.9,-9999.9
1948,10,-9999.9,-9999.9,90.21,-9999.9,-9999.9
1948,11,-9999.9,-9999.9,72.8,-9999.9,-9999.9
1948,12,-9999.9,-9999.9,127.45,-9999.9,-9999.9
1949,1,-9999.9,-9999.9,86.1,-9999.9,-9999.9
1949,2,-9999.9,-9999.9,47.88,-9999.9,-9999.9
1949,3,-9999.9,-9999.9,40.81,-9999.9,-9999.9
1949,4,-9999.9,-9999.9,13.41,-9999.9,-9999.9
1949,5,-9999.9,-9999.9,2.12,-9999.9,-9999.9
1949,6,-9999.9,-9999.9,-0.45,-9999.9,-9999.9
1949,7,-9999.9,-9999.9,14.94,-9999.9,-9999.9
1949,8,-9999.9,-9999.9,48.23,-9999.9,-9999.9
1949,9,-9999.9,-9999.9,91.27,-9999.9,-9999.9
1949,10,-9999.9,-9999.9,64.18,-9999.9,-9999.9
1949,11,-9999.9,-9999.9,109.24,-9999.9,-9999.9
1949,12,-9999.9,-9999.9,114.43,-9999.9,-9999.9
1950,1,90.81863714,-9999.9,84.47,-9999.9,-9999.9
1950,2,52.98507666,-9999.9,52.75,-9999.9,-9999.9
1950,3,40.27356048,-9999.9,40.49,-9999.9,-9999.9
1950,4,19.75787053,-9999.9,22.66,-9999.9,-9999.9
1950,5,-1.825775128,-9999.9,-1.9,-9999.9,-9999.9
1950,6,-4.77592845,-9999.9,-3.83,-9999.9,-9999.9
1950,7,3.102589438,-9999.9,4.55,-9999.9,-9999.9
1950,8,37.22686542,-9999.9,38.94,-9999.9,-9999.9
1950,9,46.16754685,-9999.9,46.4,-9999.9,-9999.9
1950,10,48.27369676,-9999.9,48.31,-9999.9,-9999.9
1950,11,120.9416014,-9999.9,120.43,-9999.9,-9999.9
1950,12,114.0164566,-9999.9,115.15,-9999.9,-9999.9
1951,1,58.04492334,-9999.9,59,-9999.9,-9999.9
1951,2,32.67103918,-9999.9,34.6,-9999.9,-9999.9
1951,3,31.92463373,-9999.9,33.21,-9999.9,-9999.9
1951,4,2.00890971,-9999.9,2.34,-9999.9,-9999.9
1951,5,-3.815059625,-9999.9,-3.06,-9999.9,-9999.9
1951,6,-3.967444634,-9999.9,-3.11,-9999.9,-9999.9
1951,7,1.968534923,-9999.9,5.22,-9999.9,-9999.9
1951,8,30.10109029,-9999.9,36.11,-9999.9,-9999.9
1951,9,71.24497445,-9999.9,76.05,-9999.9,-9999.9
1951,10,63.45761499,-9999.9,65.04,-9999.9,-9999.9
1951,11,123.6197785,-9999.9,124.84,-9999.9,-9999.9
1951,12,95.81378194,-9999.9,99.71,-9999.9,-9999.9
1952,1,57.05396934,-9999.9,58.49,-9999.9,-9999.9
1952,2,38.31642249,-9999.9,41.01,-9999.9,-9999.9
1952,3,31.97488927,-9999.9,39.93,-9999.9,-9999.9
1952,4,6.239369676,-9999.9,10.39,-9999.9,-9999.9
1952,5,-1.78274276,-9999.9,-0.62,-9999.9,-9999.9
1952,6,-4.530988075,-9999.9,-0.26,-9999.9,-9999.9
1952,7,9.223577513,-9999.9,21.61,-9999.9,-9999.9
1952,8,34.47216354,-9999.9,44.32,-9999.9,-9999.9
1952,9,71.84752981,-9999.9,76.95,-9999.9,-9999.9
1952,10,132.1674957,-9999.9,137.03,-9999.9,-9999.9
1952,11,84.28429302,-9999.9,87.35,-9999.9,-9999.9
1952,12,83.00221465,-9999.9,84.71,-9999.9,-9999.9
1953,1,72.22804089,-9999.9,82.11,-9999.9,-9999.9
1953,2,46.21354344,-9999.9,47.45,-9999.9,-9999.9
1953,3,29.78451448,-9999.9,32.14,-9999.9,-9999.9
1953,4,15.68974446,-9999.9,16.43,-9999.9,-9999.9
1953,5,0.21592845,-9999.9,2.37,-9999.9,-9999.9
1953,6,0.321601363,-9999.9,4.25,-9999.9,-9999.9
1953,7,24.63804089,-9999.9,33.51,-9999.9,-9999.9
1953,8,37.94942078,-9999.9,42.09,-9999.9,-9999.9
1953,9,92.23591141,-9999.9,96.88,-9999.9,-9999.9
1953,10,64.55049404,-9999.9,68.3,-9999.9,-9999.9
1953,11,88.56432709,-9999.9,90.21,-9999.9,-9999.9
1953,12,121.9294378,-9999.9,127.27,-9999.9,-9999.9
1954,1,103.5100681,-9999.9,112.55,-9999.9,-9999.9
1954,2,30.99889267,-9999.9,33.66,-9999.9,-9999.9
1954,3,57.15945486,-9999.9,60.22,-9999.9,-9999.9
1954,4,13.06698467,-9999.9,13.84,-9999.9,-9999.9
1954,5,6.712776831,-9999.9,8.86,-9999.9,-9999.9
1954,6,-1.767955707,-9999.9,0.3,-9999.9,-9999.9
1954,7,20.3470017,-9999.9,25.52,-9999.9,-9999.9
1954,8,54.53892675,-9999.9,57.57,-9999.9,-9999.9
1954,9,55.6970017,-9999.9,55.54,-9999.9,-9999.9
1954,10,70.90798978,-9999.9,71.46,-9999.9,-9999.9
1954,11,85.87206133,-9999.9,87.79,-9999.9,-9999.9
1954,12,110.8698296,-9999.9,116.15,-9999.9,-9999.9
1955,1,98.02816014,-9999.9,99.72,-9999.9,-9999.9
1955,2,44.68279387,-9999.9,43.54,-9999.9,-9999.9
1955,3,48.84647359,-9999.9,49.36,-9999.9,-9999.9
1955,4,0.679965928,-9999.9,1.59,-9999.9,-9999.9
1955,5,-1.151056218,-9999.9,0.85,-9999.9,-9999.9
1955,6,4.070732538,-9999.9,8.67,-9999.9,-9999.9
1955,7,15.63051107,-9999.9,21.23,-9999.9,-9999.9
1955,8,58.60574106,-9999.9,64.74,-9999.9,-9999.9
1955,9,87.29236797,-9999.9,90.34,-9999.9,-9999.9
1955,10,70.66517888,-9999.9,71.86,-9999.9,-9999.9
1955,11,139.8495741,-9999.9,139.3,-9999.9,-9999.9
1955,12,131.9501874,-9999.9,133.55,-9999.9,-9999.9
1956,1,65.569523,-9999.9,70.92,-9999.9,-9999.9
1956,2,42.84507666,-9999.9,45.72,-9999.9,-9999.9
1956,3,37.85824532,-9999.9,45.04,-9999.9,-9999.9
1956,4,14.68793867,-9999.9,16.29,-9999.9,-9999.9
1956,5,1.048109029,-9999.9,1.7,-9999.9,-9999.9
1956,6,-3.617734242,-9999.9,2.33,-9999.9,-9999.9
1956,7,8.352402044,-9999.9,17.93,-9999.9,-9999.9
1956,8,27.749046,-9999.9,35.21,-9999.9,-9999.9
1956,9,75.08710392,-9999.9,78.96,-9999.9,-9999.9
1956,10,50.92562181,-9999.9,55.71,-9999.9,-9999.9
1956,11,120.7949915,-9999.9,119.57,-9999.9,-9999.9
1956,12,101.6506985,-9999.9,100.96,-9999.9,-9999.9
1957,1,83.34333901,-9999.9,96.14,-9999.9,-9999.9
1957,2,28.61850085,-9999.9,32.43,-9999.9,-9999.9
1957,3,22.43088586,-9999.9,26.08,-9999.9,-9999.9
1957,4,9.409727428,-9999.9,15.37,-9999.9,-9999.9
1957,5,1.030511073,-9999.9,2.64,-9999.9,-9999.9
1957,6,-5.473373083,-9999.9,-0.14,-9999.9,-9999.9
1957,7,5.352282794,-9999.9,16.24,-9999.9,-9999.9
1957,8,49.06645656,-9999.9,63.09,-9999.9,-9999.9
1957,9,67.83935264,-9999.9,70.02,-9999.9,-9999.9
1957,10,72.86238501,-9999.9,79.37,-9999.9,-9999.9
1957,11,103.5826065,-9999.9,111.03,-9999.9,-9999.9
1957,12,99.12618399,-9999.9,103.87,-9999.9,-9999.9
1958,1,69.01516184,-9999.9,78.68,-9999.9,-9999.9
1958,2,57.77606474,-9999.9,57.73,-9999.9,-9999.9
1958,3,14.98241908,-9999.9,14.53,-9999.9,-9999.9
1958,4,9.801499148,-9999.9,13.38,-9999.9,-9999.9
1958,5,3.825792164,-9999.9,9.67,-9999.9,-9999.9
1958,6,4.197359455,-9999.9,19.05,-9999.9,-9999.9
1958,7,9.265996593,-9999.9,17.01,-9999.9,-9999.9
1958,8,51.53478705,-9999.9,58.94,-9999.9,-9999.9
1958,9,54.79853492,-9999.9,54.95,-9999.9,-9999.9
1958,10,69.87294719,-9999.9,73.71,-9999.9,-9999.9
1958,11,113.7520954,-9999.9,116.32,-9999.9,-9999.9
1958,12,139.5587905,-9999.9,146.05,-9999.9,-9999.9
1959,1,74.22749574,-9999.9,83.89,-9999.9,-9999.9
1959,2,33.63807496,-9999.9,37.37,-9999.9,-9999.9
1959,3,21.98613288,-9999.9,23.16,-9999.9,-9999.9
1959,4,3.666013629,-9999.9,4.66,-9999.9,-9999.9
1959,5,-5.02560477,-9999.9,-4.03,-9999.9,-9999.9
1959,6,-5.810221465,-9999.9,-2.39,-9999.9,-9999.9
1959,7,-1.956712095,-9999.9,7.24,-9999.9,-9999.9
1959,8,7.235706985,-9999.9,13.69,-9999.9,-9999.9
1959,9,71.49827939,-9999.9,76.3,-9999.9,-9999.9
1959,10,85.13916525,-9999.9,88.8,-9999.9,-9999.9
1959,11,125.3510051,-9999.9,125.13,-9999.9,-9999.9
1959,12,77.17156729,-9999.9,79.33,-9999.9,-9999.9
1960,1,61.05321976,-9999.9,71.18,-9999.9,-9999.9
1960,2,46.07480409,-9999.9,49.55,-9999.9,-9999.9
1960,3,39.01420784,-9999.9,42.38,-9999.9,-9999.9
1960,4,2.859301533,-9999.9,4.42,-9999.9,-9999.9
1960,5,-2.403560477,-9999.9,-2.75,-9999.9,-9999.9
1960,6,-5.382998296,-9999.9,-3.63,-9999.9,-9999.9
1960,7,1.90846678,-9999.9,8.22,-9999.9,-9999.9
1960,8,20.83705281,-9999.9,26.24,-9999.9,-9999.9
1960,9,53.75701874,-9999.9,58.26,-9999.9,-9999.9
1960,10,73.69301533,-9999.9,75.15,-9999.9,-9999.9
1960,11,92.9437138,-9999.9,93.32,-9999.9,-9999.9
1960,12,133.2483986,-9999.9,136.99,-9999.9,-9999.9
1961,1,67.19011925,-9999.9,73.77,-9999.9,-9999.9
1961,2,21.49063032,-9999.9,23.09,-9999.9,-9999.9
1961,3,17.55625213,-9999.9,20.33,-9999.9,-9999.9
1961,4,8.37197615,-9999.9,11,-9999.9,-9999.9
1961,5,1.949846678,-9999.9,4.64,-9999.9,-9999.9
1961,6,-0.630391823,-9999.9,4,-9999.9,-9999.9
1961,7,3.761192504,-9999.9,8.26,-9999.9,-9999.9
1961,8,29.82313458,-9999.9,34.64,-9999.9,-9999.9
1961,9,64.46144804,-9999.9,61.82,-9999.9,-9999.9
1961,10,65.0211925,-9999.9,69.75,-9999.9,-9999.9
1961,11,91.20858603,-9999.9,94.5,-9999.9,-9999.9
1961,12,112.0513799,-9999.9,117.2,-9999.9,-9999.9
1962,1,84.70437819,-9999.9,96.27,-9999.9,-9999.9
1962,2,31.97417376,-9999.9,37.43,-9999.9,-9999.9
1962,3,14.18327087,-9999.9,15.62,-9999.9,-9999.9
1962,4,8.063151618,-9999.9,8.57,-9999.9,-9999.9
1962,5,-4.118074957,-9999.9,-3.81,-9999.9,-9999.9
1962,6,-4.390425894,-9999.9,-2.26,-9999.9,-9999.9
1962,7,8.962674617,-9999.9,20.84,-9999.9,-9999.9
1962,8,25.06289608,-9999.9,32.39,-9999.9,-9999.9
1962,9,74.59243612,-9999.9,79.28,-9999.9,-9999.9
1962,10,62.70649063,-9999.9,64.24,-9999.9,-9999.9
1962,11,81.15989779,-9999.9,83.64,-9999.9,-9999.9
1962,12,116.8381942,-9999.9,121.26,-9999.9,-9999.9
1963,1,71.3983816,-9999.9,82.35,-9999.9,-9999.9
1963,2,28.94775128,-9999.9,33.63,-9999.9,-9999.9
1963,3,12.13366269,-9999.9,14.05,-9999.9,-9999.9
1963,4,4.115110733,-9999.9,4.29,-9999.9,-9999.9
1963,5,-0.66988075,-9999.9,0.12,-9999.9,-9999.9
1963,6,-4.900647359,-9999.9,-3.2,-9999.9,-9999.9
1963,7,0.658449744,-9999.9,9.26,-9999.9,-9999.9
1963,8,37.39063032,-9999.9,48.54,-9999.9,-9999.9
1963,9,55.10064736,-9999.9,61.53,-9999.9,-9999.9
1963,10,41.91597956,-9999.9,41.33,-9999.9,-9999.9
1963,11,86.65166951,-9999.9,88.16,-9999.9,-9999.9
1963,12,130.2859625,-9999.9,141.25,-9999.9,-9999.9
1964,1,59.80713799,-9999.9,71.58,-9999.9,-9999.9
1964,2,51.22919932,-9999.9,56.02,-9999.9,-9999.9
1964,3,43.22030664,-9999.9,49.34,-9999.9,-9999.9
1964,4,11.2925724,-9999.9,12.26,-9999.9,-9999.9
1964,5,-3.175195911,-9999.9,-2.51,-9999.9,-9999.9
1964,6,-0.709727428,-9999.9,4.04,-9999.9,-9999.9
1964,7,14.86833049,-9999.9,20.69,-9999.9,-9999.9
1964,8,57.69488927,-9999.9,61.1,-9999.9,-9999.9
1964,9,66.97011925,-9999.9,64.5,-9999.9,-9999.9
1964,10,81.26385009,-9999.9,82.24,-9999.9,-9999.9
1964,11,80.63989779,-9999.9,82.25,-9999.9,-9999.9
1964,12,112.4397104,-9999.9,117.6,-9999.9,-9999.9
1965,1,77.31037479,-9999.9,88.19,-9999.9,-9999.9
1965,2,43.26480409,-9999.9,45.44,-9999.9,-9999.9
1965,3,31.81666099,-9999.9,29.22,-9999.9,-9999.9
1965,4,5.3960477,-9999.9,5.26,-9999.9,-9999.9
1965,5,-3.086865417,-9999.9,-3.18,-9999.9,-9999.9
1965,6,-2.481703578,-9999.9,-1.8,-9999.9,-9999.9
1965,7,8.253850085,-9999.9,16.22,-9999.9,-9999.9
1965,8,34.95015332,-9999.9,42.07,-9999.9,-9999.9
1965,9,46.92207836,-9999.9,47.45,-9999.9,-9999.9
1965,10,72.71374787,-9999.9,75.39,-9999.9,-9999.9
1965,11,79.72664395,-9999.9,88.13,-9999.9,-9999.9
1965,12,72.61028961,-9999.9,80.66,-9999.9,-9999.9
1966,1,82.88073254,-9999.9,96.34,-9999.9,-9999.9
1966,2,30.0671891,-9999.9,30.46,-9999.9,-9999.9
1966,3,22.340477,-9999.9,22.05,-9999.9,-9999.9
1966,4,9.119914821,-9999.9,9.9,-9999.9,-9999.9
1966,5,8.672078365,-9999.9,10.86,-9999.9,-9999.9
1966,6,-1.414241908,-9999.9,0.41,-9999.9,-9999.9
1966,7,17.18911414,-9999.9,26.08,-9999.9,-9999.9
1966,8,44.02839864,-9999.9,49.85,-9999.9,-9999.9
1966,9,81.91846678,-9999.9,86.78,-9999.9,-9999.9
1966,10,86.72335605,-9999.9,90.33,-9999.9,-9999.9
1966,11,89.32836457,-9999.9,97.92,-9999.9,-9999.9
1966,12,99.35303237,-9999.9,110.45,-9999.9,-9999.9
1967,1,65.7644293,-9999.9,74.69,-9999.9,-9999.9
1967,2,57.0528109,-9999.9,58.52,-9999.9,-9999.9
1967,3,24.87448041,-9999.9,25.87,-9999.9,-9999.9
1967,4,7.770459966,-9999.9,8.88,-9999.9,-9999.9
1967,5,5.061618399,-9999.9,5.59,-9999.9,-9999.9
1967,6,-3.657410562,-9999.9,-3.73,-9999.9,-9999.9
1967,7,4.892214651,-9999.9,9.97,-9999.9,-9999.9
1967,8,40.92763203,-9999.9,48.01,-9999.9,-9999.9
1967,9,66.09141397,-9999.9,75.44,-9999.9,-9999.9
1967,10,67.63386712,-9999.9,74.21,-9999.9,-9999.9
1967,11,93.42199319,-9999.9,101.53,-9999.9,-9999.9
1967,12,85.12449744,-9999.9,94.41,-9999.9,-9999.9
1968,1,55.9358092,-9999.9,65.57,-9999.9,-9999.9
1968,2,51.94746167,-9999.9,53.06,-9999.9,-9999.9
1968,3,19.92725724,-9999.9,18.8,-9999.9,-9999.9
1968,4,3.66274276,-9999.9,3.93,-9999.9,-9999.9
1968,5,0.755110733,-9999.9,0.07,-9999.9,-9999.9
1968,6,-1.487768313,-9999.9,-1.4,-9999.9,-9999.9
1968,7,10.26841567,-9999.9,13.38,-9999.9,-9999.9
1968,8,38.3479046,-9999.9,42.57,-9999.9,-9999.9
1968,9,40.36035775,-9999.9,43.42,-9999.9,-9999.9
1968,10,80.05155026,-9999.9,80.52,-9999.9,-9999.9
1968,11,91.56127768,-9999.9,100.01,-9999.9,-9999.9
1968,12,121.661448,-9999.9,130.89,-9999.9,-9999.9
1969,1,60.75064736,-9999.9,70.07,-9999.9,-9999.9
1969,2,33.53630324,-9999.9,36.07,-9999.9,-9999.9
1969,3,36.03584327,-9999.9,39.35,-9999.9,-9999.9
1969,4,5.951788756,-9999.9,6.3,-9999.9,-9999.9
1969,5,1.06592845,-9999.9,0.01,-9999.9,-9999.9
1969,6,2.338074957,-9999.9,3.37,-9999.9,-9999.9
1969,7,5.957018739,-9999.9,8.05,-9999.9,-9999.9
1969,8,30.42098807,-9999.9,34.8,-9999.9,-9999.9
1969,9,75.71962521,-9999.9,79.79,-9999.9,-9999.9
1969,10,87.55705281,-9999.9,89.19,-9999.9,-9999.9
1969,11,85.85403748,-9999.9,91.94,-9999.9,-9999.9
1969,12,107.6226405,-9999.9,118.34,-9999.9,-9999.9
1970,1,73.51635434,-9999.9,76.56,-9999.9,-9999.9
1970,2,46.24717206,-9999.9,44.37,-9999.9,-9999.9
1970,3,28.26272572,-9999.9,28.35,-9999.9,-9999.9
1970,4,9.5560477,-9999.9,7.55,-9999.9,-9999.9
1970,5,-0.959420784,-9999.9,-2.13,-9999.9,-9999.9
1970,6,-1.177614991,-9999.9,-1.42,-9999.9,-9999.9
1970,7,2.438756388,-9999.9,6.87,-9999.9,-9999.9
1970,8,35.7520954,-9999.9,43.32,-9999.9,-9999.9
1970,9,60.87613288,-9999.9,62.13,-9999.9,-9999.9
1970,10,54.0455707,-9999.9,56.81,-9999.9,-9999.9
1970,11,100.8042419,-9999.9,109.77,-9999.9,-9999.9
1970,12,108.0541567,-9999.9,123.61,-9999.9,-9999.9
1971,1,80.50226576,-9999.9,93.3,-9999.9,-9999.9
1971,2,32.31350937,-9999.9,33.26,-9999.9,-9999.9
1971,3,25.80192504,-9999.9,27.24,-9999.9,-9999.9
1971,4,7.526149915,-9999.9,9.55,-9999.9,-9999.9
1971,5,-0.960272572,-9999.9,0.11,-9999.9,-9999.9
1971,6,-4.957819421,-9999.9,-3.49,-9999.9,-9999.9
1971,7,9.998194208,-9999.9,28.71,-9999.9,-9999.9
1971,8,27.22255537,-9999.9,47.04,-9999.9,-9999.9
1971,9,39.18669506,-9999.9,46.5,-9999.9,-9999.9
1971,10,42.62378194,-9999.9,43.84,-9999.9,-9999.9
1971,11,104.1757922,-9999.9,116.51,-9999.9,-9999.9
1971,12,95.43235094,-9999.9,101.68,-9999.9,-9999.9
1972,1,87.85698467,-9999.9,116.38,-9999.9,-9999.9
1972,2,39.65352641,-9999.9,47.89,-9999.9,-9999.9
1972,3,31.50063032,-9999.9,35.82,-9999.9,-9999.9
1972,4,13.43764906,-9999.9,14.39,-9999.9,-9999.9
1972,5,-2.014565588,-9999.9,-0.65,-9999.9,-9999.9
1972,6,-0.629965928,-9999.9,10.27,-9999.9,-9999.9
1972,7,1.555008518,-9999.9,12.67,-9999.9,-9999.9
1972,8,23.79877342,-9999.9,31.44,-9999.9,-9999.9
1972,9,56.62974446,-9999.9,66.2,-9999.9,-9999.9
1972,10,90.20434412,-9999.9,99.98,-9999.9,-9999.9
1972,11,71.22052811,-9999.9,81.77,-9999.9,-9999.9
1972,12,80.3809029,-9999.9,103.37,-9999.9,-9999.9
1973,1,46.7167632,-9999.9,64.75,-9999.9,-9999.9
1973,2,34.6062862,-9999.9,47.41,-9999.9,-9999.9
1973,3,6.299045997,-9999.9,10.41,-9999.9,-9999.9
1973,4,6.722879046,-9999.9,13.23,-9999.9,-9999.9
1973,5,-1.847819421,-9999.9,0.63,-9999.9,-9999.9
1973,6,-6.187376491,-9999.9,-2.3,-9999.9,-9999.9
1973,7,-1.692248722,-9999.9,12.95,-9999.9,-9999.9
1973,8,8.683407155,-9999.9,24.6,-9999.9,-9999.9
1973,9,59.77279387,-9999.9,78.1,-9999.9,-9999.9
1973,10,48.46732538,-9999.9,57.35,-9999.9,-9999.9
1973,11,92.01459966,-9999.9,101.88,-9999.9,-9999.9
1973,12,108.6526405,-9999.9,117.49,-9999.9,-9999.9
1974,1,58.22596252,-9999.9,74.99,-9999.9,-9999.9
1974,2,45.81204429,-9999.9,52.15,-9999.9,-9999.9
1974,3,31.56417376,-9999.9,40.05,-9999.9,-9999.9
1974,4,6.549352641,-9999.9,9.15,-9999.9,-9999.9
1974,5,-0.278398637,-9999.9,1.49,-9999.9,-9999.9
1974,6,-3.830340716,-9999.9,0.66,-9999.9,-9999.9
1974,7,2.071431005,-9999.9,14.25,-9999.9,-9999.9
1974,8,22.06574106,-9999.9,36.59,-9999.9,-9999.9
1974,9,69.34500852,-9999.9,82.03,-9999.9,-9999.9
1974,10,63.89352641,-9999.9,72.45,-9999.9,-9999.9
1974,11,72.16982964,-9999.9,76.98,-9999.9,-9999.9
1974,12,84.31471891,-9999.9,89.67,-9999.9,-9999.9
1975,1,75.50945486,-9999.9,85.61,-9999.9,-9999.9
1975,2,39.59712095,-9999.9,41.5,-9999.9,-9999.9
1975,3,41.72224872,-9999.9,46.65,-9999.9,-9999.9
1975,4,20.4976661,-9999.9,23.31,-9999.9,-9999.9
1975,5,-3.556269165,-9999.9,-3.2,-9999.9,-9999.9
1975,6,-5.959608177,-9999.9,-3.41,-9999.9,-9999.9
1975,7,4.580272572,-9999.9,18.92,-9999.9,-9999.9
1975,8,26.66211244,-9999.9,45.17,-9999.9,-9999.9
1975,9,61.69327087,-9999.9,69.18,-9999.9,-9999.9
1975,10,57.44388416,-9999.9,63,-9999.9,-9999.9
1975,11,68.22051107,-9999.9,69.8,-9999.9,-9999.9
1975,12,109.0022828,-9999.9,115.92,-9999.9,-9999.9
1976,1,97.95102215,-9999.9,111.23,-9999.9,-9999.9
1976,2,30.0034753,-9999.9,32.84,-9999.9,-9999.9
1976,3,29.19705281,-9999.9,33.43,-9999.9,-9999.9
1976,4,9.97120954,-9999.9,11.97,-9999.9,-9999.9
1976,5,1.696712095,-9999.9,6.41,-9999.9,-9999.9
1976,6,-1.581993186,-9999.9,4.62,-9999.9,-9999.9
1976,7,10.3323339,-9999.9,25.78,-9999.9,-9999.9
1976,8,38.91655877,-9999.9,55.41,-9999.9,-9999.9
1976,9,69.48168654,-9999.9,82.11,-9999.9,-9999.9
1976,10,93.71548552,-9999.9,100.92,-9999.9,-9999.9
1976,11,113.1776831,-9999.9,118.97,-9999.9,-9999.9
1976,12,115.458569,-9999.9,125.89,-9999.9,-9999.9
1977,1,58.37989779,-9999.9,64.67,-9999.9,-9999.9
1977,2,21.15083475,-9999.9,23.63,-9999.9,-9999.9
1977,3,9.683764906,-9999.9,10.07,-9999.9,-9999.9
1977,4,3.943219761,-9999.9,5,-9999.9,-9999.9
1977,5,-3.262163543,-9999.9,-2.57,-9999.9,-9999.9
1977,6,-4.963032368,-9999.9,-1.95,-9999.9,-9999.9
1977,7,-2.728688245,-9999.9,8.97,-9999.9,-9999.9
1977,8,19.80931857,-9999.9,39.4,-9999.9,-9999.9
1977,9,26.1467121,-9999.9,33.7,-9999.9,-9999.9
1977,10,66.28812606,-9999.9,75.14,-9999.9,-9999.9
1977,11,84.18889267,-9999.9,94.63,-9999.9,-9999.9
1977,12,110.1550596,-9999.9,121.94,-9999.9,-9999.9
1978,1,75.13074957,-9999.9,81.1,-9999.9,-9999.9
1978,2,31.56739353,-9999.9,32.61,-9999.9,-9999.9
1978,3,17.93018739,-9999.9,19.92,-9999.9,-9999.9
1978,4,5.673935264,-9999.9,8.12,-9999.9,-9999.9
1978,5,-4.317632027,-9999.9,-2.63,-9999.9,-9999.9
1978,6,-5.584889267,-9999.9,-4.59,-9999.9,-9999.9
1978,7,-3.549403748,-9999.9,6.48,-9999.9,-9999.9
1978,8,6.55032368,-9999.9,20,-9999.9,-9999.9
1978,9,38.52614991,-9999.9,51.08,-9999.9,-9999.9
1978,10,67.59264055,-9999.9,80.84,-9999.9,-9999.9
1978,11,87.35369676,-9999.9,99.17,-9999.9,-9999.9
1978,12,108.1618399,-9999.9,119.5,-9999.9,-9999.9
1979,1,67.42623509,-9999.9,73.18,-9999.9,-9999.9
1979,2,33.63705281,-9999.9,35.22,-9999.9,-9999.9
1979,3,13.109523,-9999.9,14.08,-9999.9,-9999.9
1979,4,6.375706985,-9999.9,8.18,-9999.9,-9999.9
1979,5,-3.198977853,-9999.9,-2.51,-9999.9,-9999.9
1979,6,-5.774224872,-9999.9,-5.34,-9999.9,-9999.9
1979,7,-5.544701874,-9999.9,-1.9,-9999.9,-9999.9
1979,8,6.916746167,-9999.9,19.41,-9999.9,-9999.9
1979,9,32.02143101,-9999.9,45.21,-9999.9,-9999.9
1979,10,67.90175468,-9999.9,79.86,-9999.9,-9999.9
1979,11,72.52925043,-9999.9,79.16,-9999.9,-9999.9
1979,12,83.45812606,-9999.9,95.11,-9999.9,-9999.9
1980,1,71.44965928,-9999.9,80.88,-9999.9,-9999.9
1980,2,41.92287905,-9999.9,41.77,-9999.9,-9999.9
1980,3,24.97812606,-9999.9,27.48,-9999.9,-9999.9
1980,4,2.225383305,-9999.9,5.91,-9999.9,-9999.9
1980,5,-2.448977853,-9999.9,-1.75,-9999.9,-9999.9
1980,6,-3.73165247,-9999.9,-0.56,-9999.9,-9999.9
1980,7,-3.594327087,-9999.9,2.75,-9999.9,-9999.9
1980,8,6.372879046,-9999.9,17.71,-9999.9,-9999.9
1980,9,52.74422487,-9999.9,67.61,-9999.9,-9999.9
1980,10,89.75197615,-9999.9,98.4,-9999.9,-9999.9
1980,11,80.47706985,-9999.9,90.57,-9999.9,-9999.9
1980,12,107.9370358,-9999.9,123.01,-9999.9,-9999.9
1981,1,49.0925724,-9999.9,56.37,-9999.9,-9999.9
1981,2,26.22897785,-9999.9,29.28,-9999.9,-9999.9
1981,3,15.88475298,-9999.9,19.62,-9999.9,-9999.9
1981,4,4.551345826,-9999.9,6.4,-9999.9,-9999.9
1981,5,0.463458262,-9999.9,2,-9999.9,-9999.9
1981,6,-4.774412266,-9999.9,-1.84,-9999.9,-9999.9
1981,7,2.708603066,-9999.9,15.28,-9999.9,-9999.9
1981,8,11.33391823,-9999.9,23.79,-9999.9,-9999.9
1981,9,61.02870528,-9999.9,72.5,-9999.9,-9999.9
1981,10,71.64517888,-9999.9,80.99,-9999.9,-9999.9
1981,11,71.14173765,-9999.9,84,-9999.9,-9999.9
1981,12,98.26160136,-9999.9,107.08,-9999.9,-9999.9
1982,1,93.95035775,-9999.9,99.88,-9999.9,-9999.9
1982,2,26.73064736,-9999.9,28.47,-9999.9,-9999.9
1982,3,18.91127768,-9999.9,21.22,-9999.9,-9999.9
1982,4,12.39495741,-9999.9,14.7,-9999.9,-9999.9
1982,5,-4.464139693,-9999.9,-4.52,-9999.9,-9999.9
1982,6,-3.879097104,-9999.9,-3.38,-9999.9,-9999.9
1982,7,-5.164804089,-9999.9,-3.8,-9999.9,-9999.9
1982,8,19.34252129,-9999.9,32.21,-9999.9,-9999.9
1982,9,31.43449744,-9999.9,38.37,-9999.9,-9999.9
1982,10,52.05529813,-9999.9,60.21,-9999.9,-9999.9
1982,11,79.29800681,-9999.9,91.85,-9999.9,-9999.9
1982,12,81.21482112,-9999.9,86.93,-9999.9,-9999.9
1983,1,67.4534753,-9999.9,75.34,-9999.9,-9999.9
1983,2,33.3132879,-9999.9,35.91,-9999.9,-9999.9
1983,3,35.06713799,-9999.9,38.32,-9999.9,-9999.9
1983,4,15.32645656,-9999.9,19.34,-9999.9,-9999.9
1983,5,3.206320273,-9999.9,5.76,-9999.9,-9999.9
1983,6,-0.405553663,-9999.9,1.33,-9999.9,-9999.9
1983,7,4.717597956,-9999.9,10.14,-9999.9,-9999.9
1983,8,24.25015332,-9999.9,32.48,-9999.9,-9999.9
1983,9,70.36722317,-9999.9,81.77,-9999.9,-9999.9
1983,10,74.10901193,-9999.9,81.89,-9999.9,-9999.9
1983,11,102.6803237,-9999.9,108.74,-9999.9,-9999.9
1983,12,147.1605111,-9999.9,152,-9999.9,-9999.9
1984,1,62.21873935,-9999.9,67.29,-9999.9,-9999.9
1984,2,20.74635434,-9999.9,20.89,-9999.9,-9999.9
1984,3,32.86477002,-9999.9,36.43,-9999.9,-9999.9
1984,4,3.221567291,-9999.9,5.78,-9999.9,-9999.9
1984,5,-0.461107325,-9999.9,0.63,-9999.9,-9999.9
1984,6,-5.750477002,-9999.9,-4.8,-9999.9,-9999.9
1984,7,0.50032368,-9999.9,9.1,-9999.9,-9999.9
1984,8,16.04088586,-9999.9,28.22,-9999.9,-9999.9
1984,9,58.36763203,-9999.9,71.12,-9999.9,-9999.9
1984,10,44.23374787,-9999.9,50.71,-9999.9,-9999.9
1984,11,84.39768313,-9999.9,103.64,-9999.9,-9999.9
1984,12,101.7803237,-9999.9,109.69,-9999.9,-9999.9
1985,1,86.8111925,-9999.9,93.85,-9999.9,-9999.9
1985,2,33.86582624,-9999.9,34.3,-9999.9,-9999.9
1985,3,19.9467121,-9999.9,23.3,-9999.9,-9999.9
1985,4,5.44407155,-9999.9,11.82,-9999.9,-9999.9
1985,5,-2.693202726,-9999.9,-2.23,-9999.9,-9999.9
1985,6,-0.635775128,-9999.9,5.82,-9999.9,-9999.9
1985,7,5.703424191,-9999.9,16.21,-9999.9,-9999.9
1985,8,21.14732538,-9999.9,33.23,-9999.9,-9999.9
1985,9,44.68705281,-9999.9,52.03,-9999.9,-9999.9
1985,10,59.07074957,-9999.9,68.1,-9999.9,-9999.9
1985,11,96.68991482,-9999.9,109.24,-9999.9,-9999.9
1985,12,129.9279216,-9999.9,141.22,-9999.9,-9999.9
1986,1,61.73206133,-9999.9,69.67,-9999.9,-9999.9
1986,2,37.04383305,-9999.9,38.2,-9999.9,-9999.9
1986,3,18.33647359,-9999.9,21.8,-9999.9,-9999.9
1986,4,3.996269165,-9999.9,7.26,-9999.9,-9999.9
1986,5,-1.649914821,-9999.9,-0.82,-9999.9,-9999.9
1986,6,-3.356746167,-9999.9,0.87,-9999.9,-9999.9
1986,7,-2.400017036,-9999.9,2.93,-9999.9,-9999.9
1986,8,35.28916525,-9999.9,56.92,-9999.9,-9999.9
1986,9,34.5920954,-9999.9,44.78,-9999.9,-9999.9
1986,10,58.38458262,-9999.9,69.4,-9999.9,-9999.9
1986,11,113.9363714,-9999.9,130.66,-9999.9,-9999.9
1986,12,89.61078365,-9999.9,99.85,-9999.9,-9999.9
1987,1,64.93229983,-9999.9,73.33,-9999.9,-9999.9
1987,2,35.93800681,-9999.9,38.21,-9999.9,-9999.9
1987,3,31.44678024,-9999.9,36.13,-9999.9,-9999.9
1987,4,8.185979557,-9999.9,11.95,-9999.9,-9999.9
1987,5,-1.010715503,-9999.9,3.74,-9999.9,-9999.9
1987,6,0.408483816,-9999.9,7.85,-9999.9,-9999.9
1987,7,8.601192504,-9999.9,21.49,-9999.9,-9999.9
1987,8,43.30710392,-9999.9,59.16,-9999.9,-9999.9
1987,9,42.47732538,-9999.9,48.53,-9999.9,-9999.9
1987,10,102.5583305,-9999.9,116.38,-9999.9,-9999.9
1987,11,87.06042589,-9999.9,98.37,-9999.9,-9999.9
1987,12,102.386201,-9999.9,107.02,-9999.9,-9999.9
1988,1,97.05431005,-9999.9,111.18,-9999.9,-9999.9
1988,2,58.05141397,-9999.9,59.37,-9999.9,-9999.9
1988,3,24.44170358,-9999.9,28.07,-9999.9,-9999.9
1988,4,9.614463373,-9999.9,14.18,-9999.9,-9999.9
1988,5,-1.322589438,-9999.9,1.31,-9999.9,-9999.9
1988,6,0.674224872,-9999.9,14.43,-9999.9,-9999.9
1988,7,1.885008518,-9999.9,12.94,-9999.9,-9999.9
1988,8,33.28688245,-9999.9,50.45,-9999.9,-9999.9
1988,9,52.53318569,-9999.9,67.21,-9999.9,-9999.9
1988,10,107.5551959,-9999.9,127.2,-9999.9,-9999.9
1988,11,72.4153322,-9999.9,85.34,-9999.9,-9999.9
1988,12,121.8861329,-9999.9,131.28,-9999.9,-9999.9
1989,1,61.69010221,-9999.9,72.55,-9999.9,-9999.9
1989,2,60.89296422,-9999.9,63.53,-9999.9,-9999.9
1989,3,31.93061329,-9999.9,35.59,-9999.9,-9999.9
1989,4,8.901873935,-9999.9,12.87,-9999.9,-9999.9
1989,5,-0.140851789,-9999.9,1.32,-9999.9,-9999.9
1989,6,-3.923424191,-9999.9,-2.42,-9999.9,-9999.9
1989,7,-0.227546848,-9999.9,7.51,-9999.9,-9999.9
1989,8,18.14017036,-9999.9,31.9,-9999.9,-9999.9
1989,9,60.70369676,-9999.9,77.72,-9999.9,-9999.9
1989,10,73.71040886,-9999.9,88.78,-9999.9,-9999.9
1989,11,112.9347359,-9999.9,132.94,-9999.9,-9999.9
1989,12,109.7291141,-9999.9,119.57,-9999.9,-9999.9
1990,1,31.78597956,-9999.9,35.04,-9999.9,-9999.9
1990,2,40.13057922,-9999.9,40.81,-9999.9,-9999.9
1990,3,26.06499148,-9999.9,29.16,-9999.9,-9999.9
1990,4,12.09655877,-9999.9,14.56,-9999.9,-9999.9
1990,5,-0.920545145,-9999.9,0.76,-9999.9,-9999.9
1990,6,-5.14693356,-9999.9,-2.17,-9999.9,-9999.9
1990,7,-0.008040886,-9999.9,6.94,-9999.9,-9999.9
1990,8,13.6555707,-9999.9,21.79,-9999.9,-9999.9
1990,9,60.1553833,-9999.9,69.61,-9999.9,-9999.9
1990,10,73.16132879,-9999.9,82.03,-9999.9,-9999.9
1990,11,83.83190801,-9999.9,96.73,-9999.9,-9999.9
1990,12,113.3052641,-9999.9,120.11,-9999.9,-9999.9
1991,1,85.04345826,-9999.9,92.11,-9999.9,-9999.9
1991,2,33.67206133,-9999.9,35.63,-9999.9,-9999.9
1991,3,24.01879046,-9999.9,28.59,-9999.9,-9999.9
1991,4,5.645502555,-9999.9,7.8,-9999.9,-9999.9
1991,5,-3.401925043,-9999.9,-3.85,-9999.9,-9999.9
1991,6,-3.470391823,-9999.9,-0.86,-9999.9,-9999.9
1991,7,9.332879046,-9999.9,18.87,-9999.9,-9999.9
1991,8,26.11816014,-9999.9,32.85,-9999.9,-9999.9
1991,9,87.43867121,-9999.9,98.76,-9999.9,-9999.9
1991,10,67.47926746,-9999.9,74.46,-9999.9,-9999.9
1991,11,111.2821806,-9999.9,121.34,-9999.9,-9999.9
1991,12,97.16207836,-9999.9,104.25,-9999.9,-9999.9
1992,1,63.44674617,-9999.9,67.64,-9999.9,-9999.9
1992,2,37.23229983,-9999.9,37.77,-9999.9,-9999.9
1992,3,37.33908007,-9999.9,40.36,-9999.9,-9999.9
1992,4,14.13248722,-9999.9,18.32,-9999.9,-9999.9
1992,5,1.76649063,-9999.9,4.2,-9999.9,-9999.9
1992,6,4.523816014,-9999.9,10.66,-9999.9,-9999.9
1992,7,7.281465077,-9999.9,13.88,-9999.9,-9999.9
1992,8,29.1083816,-9999.9,41.2,-9999.9,-9999.9
1992,9,48.20487223,-9999.9,57.21,-9999.9,-9999.9
1992,10,71.21540034,-9999.9,80.83,-9999.9,-9999.9
1992,11,78.12223169,-9999.9,86.07,-9999.9,-9999.9
1992,12,99.35991482,-9999.9,105.08,-9999.9,-9999.9
1993,1,70.2427598,-9999.9,77.87,-9999.9,-9999.9
1993,2,57.73623509,-9999.9,59.16,-9999.9,-9999.9
1993,3,28.11001704,-9999.9,30.42,-9999.9,-9999.9
1993,4,9.087223169,-9999.9,12.66,-9999.9,-9999.9
1993,5,-2.465434412,-9999.9,-2.05,-9999.9,-9999.9
1993,6,-4.407291312,-9999.9,-4.1,-9999.9,-9999.9
1993,7,-1.538057922,-9999.9,2.5,-9999.9,-9999.9
1993,8,13.81798978,-9999.9,19.09,-9999.9,-9999.9
1993,9,74.09696763,-9999.9,83.55,-9999.9,-9999.9
1993,10,83.40737649,-9999.9,92.36,-9999.9,-9999.9
1993,11,89.65868825,-9999.9,95.27,-9999.9,-9999.9
1993,12,93.8928109,-9999.9,97.49,-9999.9,-9999.9
1994,1,80.15052811,-9999.9,85.3,-9999.9,-9999.9
1994,2,31.8397615,-9999.9,33.75,-9999.9,-9999.9
1994,3,15.48943782,-9999.9,16.46,-9999.9,-9999.9
1994,4,6.233764906,-9999.9,7.38,-9999.9,-9999.9
1994,5,-1.501175468,-9999.9,-0.48,-9999.9,-9999.9
1994,6,-4.713168654,-9999.9,-4.03,-9999.9,-9999.9
1994,7,-4.333645656,-9999.9,4.08,-9999.9,-9999.9
1994,8,15.73008518,-9999.9,40.84,-9999.9,-9999.9
1994,9,30.32841567,-9999.9,46.62,-9999.9,-9999.9
1994,10,61.53141397,-9999.9,75.31,-9999.9,-9999.9
1994,11,92.71770017,-9999.9,102.34,-9999.9,-9999.9
1994,12,70.68567291,-9999.9,80.32,-9999.9,-9999.9
1995,1,79.74015332,-9999.9,97.02,-9999.9,-9999.9
1995,2,62.32229983,-9999.9,69.12,-9999.9,-9999.9
1995,3,21.78449744,-9999.9,27.89,-9999.9,-9999.9
1995,4,20.38536627,-9999.9,24.99,-9999.9,-9999.9
1995,5,-0.932248722,-9999.9,-0.02,-9999.9,-9999.9
1995,6,-2.263764906,-9999.9,1.81,-9999.9,-9999.9
1995,7,5.814020443,-9999.9,17.79,-9999.9,-9999.9
1995,8,21.76155026,-9999.9,33.19,-9999.9,-9999.9
1995,9,80.40667802,-9999.9,92.55,-9999.9,-9999.9
1995,10,72.36688245,-9999.9,81.8,-9999.9,-9999.9
1995,11,138.6869506,-9999.9,149.26,-9999.9,-9999.9
1995,12,116.3433901,-9999.9,127.68,-9999.9,-9999.9
1996,1,62.06303237,-9999.9,66.53,-9999.9,-9999.9
1996,2,33.18565588,-9999.9,35.47,-9999.9,-9999.9
1996,3,32.49367973,-9999.9,35.92,-9999.9,-9999.9
1996,4,10.90253833,-9999.9,11.46,-9999.9,-9999.9
1996,5,0.622214651,-9999.9,1.51,-9999.9,-9999.9
1996,6,-5.675758092,-9999.9,-6.59,-9999.9,-9999.9
1996,7,-3.177563884,-9999.9,-1.11,-9999.9,-9999.9
1996,8,5.425229983,-9999.9,16.53,-9999.9,-9999.9
1996,9,48.26725724,-9999.9,61.89,-9999.9,-9999.9
1996,10,69.98942078,-9999.9,79.81,-9999.9,-9999.9
1996,11,97.62102215,-9999.9,112.06,-9999.9,-9999.9
1996,12,75.30764906,-9999.9,84.28,-9999.9,-9999.9
1997,1,70.26689949,-9999.9,78.08,-9999.9,-9999.9
1997,2,30.0232879,-9999.9,31.9,-9999.9,-9999.9
1997,3,26.14720613,-9999.9,31.15,-9999.9,-9999.9
1997,4,11.70657581,-9999.9,18.31,-9999.9,-9999.9
1997,5,1.257751278,-9999.9,2.52,-9999.9,-9999.9
1997,6,-4.534855196,-9999.9,-3.89,-9999.9,-9999.9
1997,7,1.566303237,-9999.9,15.49,-9999.9,-9999.9
1997,8,24.71488927,-9999.9,45.46,-9999.9,-9999.9
1997,9,42.47911414,-9999.9,53.15,-9999.9,-9999.9
1997,10,77.00064736,-9999.9,93.07,-9999.9,-9999.9
1997,11,83.09035775,-9999.9,92.32,-9999.9,-9999.9
1997,12,74.74528109,-9999.9,81.99,-9999.9,-9999.9
1998,1,61.09616695,-9999.9,74.87,-9999.9,-9999.9
1998,2,18.13744463,-9999.9,21.22,-9999.9,-9999.9
1998,3,38.17756388,-9999.9,44.21,-9999.9,-9999.9
1998,4,7.568620102,-9999.9,12.29,-9999.9,-9999.9
1998,5,-0.600374787,-9999.9,9.1,-9999.9,-9999.9
1998,6,8.722691652,-9999.9,22.07,-9999.9,-9999.9
1998,7,27.2462862,-9999.9,46.21,-9999.9,-9999.9
1998,8,34.6046678,-9999.9,46.06,-9999.9,-9999.9
1998,9,58.95018739,-9999.9,71.73,-9999.9,-9999.9
1998,10,75.33100511,-9999.9,91,-9999.9,-9999.9
1998,11,95.57787053,-9999.9,110.67,-9999.9,-9999.9
1998,12,116.394753,-9999.9,124.64,-9999.9,-9999.9
1999,1,104.299046,-9999.9,117.27,-9999.9,-9999.9
1999,2,41.09240204,-9999.9,48.74,-9999.9,-9999.9
1999,3,41.1134753,-9999.9,46.96,-9999.9,-9999.9
1999,4,7.187649063,-9999.9,13.63,-9999.9,-9999.9
1999,5,2.645264055,-9999.9,16.03,-9999.9,-9999.9
1999,6,7.165195911,-9999.9,22.28,-9999.9,-9999.9
1999,7,7.760562181,-9999.9,25.69,-9999.9,-9999.9
1999,8,52.36608177,-9999.9,76.53,-9999.9,-9999.9
1999,9,66.41112436,-9999.9,85.03,-9999.9,-9999.9
1999,10,86.37206133,-9999.9,104.59,-9999.9,-9999.9
1999,11,80.82896082,-9999.9,95.6,-9999.9,-9999.9
1999,12,115.158109,-9999.9,125.68,-9999.9,-9999.9
2000,1,99.84511073,-9999.9,112.03,-9999.9,-9999.9
2000,2,38.70681431,-9999.9,48.62,-9999.9,-9999.9
2000,3,22.67712095,-9999.9,27.01,-9999.9,-9999.9
2000,4,16.82289608,-9999.9,25.9,-9999.9,-9999.9
2000,5,3.530647359,-9999.9,11.72,-9999.9,-9999.9
2000,6,5.355672913,-9999.9,14.68,-9999.9,-9999.9
2000,7,22.71212947,-9999.9,37.59,-9999.9,-9999.9
2000,8,33.78081772,-9999.9,44.63,-9999.9,-9999.9
2000,9,77.12109029,-9999.9,90.32,-9999.9,-9999.9
2000,10,55.63884157,-9999.9,64.54,-9999.9,-9999.9
2000,11,98.3786201,-9999.9,108.66,-9999.9,-9999.9
2000,12,140.3638671,-9999.9,148.05,-9999.9,-9999.9
2001,1,59.77177172,-9999.9,69.69,-9999.9,-9999.9
2001,2,50.63483816,-9999.9,54.77,-9999.9,-9999.9
2001,3,32.73369676,-9999.9,36.88,-9999.9,-9999.9
2001,4,3.990834753,-9999.9,4.81,-9999.9,-9999.9
2001,5,-2.148313458,-9999.9,2.41,-9999.9,-9999.9
2001,6,-1.076950596,-9999.9,5.34,-9999.9,-9999.9
2001,7,19.68160136,-9999.9,42.85,-9999.9,-9999.9
2001,8,30.98105622,-9999.9,51,-9999.9,-9999.9
2001,9,64.64846678,-9999.9,82,-9999.9,-9999.9
2001,10,84.60943782,-9999.9,100.64,-9999.9,-9999.9
2001,11,50.2132368,-9999.9,58.51,-9999.9,-9999.9
2001,12,93.36770017,-9999.9,101.48,-9999.9,-9999.9
2002,1,84.56136286,-9999.9,92.57,-9999.9,-9999.9
2002,2,62.74120954,-9999.9,73.59,-9999.9,-9999.9
2002,3,52.50713799,-9999.9,63.16,-9999.9,-9999.9
2002,4,16.14391823,-9999.9,21.8,-9999.9,-9999.9
2002,5,11.19105622,-9999.9,25.87,-9999.9,-9999.9
2002,6,-0.268875639,-9999.9,4.22,-9999.9,-9999.9
2002,7,13.15960818,-9999.9,30.88,-9999.9,-9999.9
2002,8,40.01780239,-9999.9,60.4,-9999.9,-9999.9
2002,9,54.1453322,-9999.9,71.88,-9999.9,-9999.9
2002,10,109.1489097,-9999.9,130.87,-9999.9,-9999.9
2002,11,98.86367973,-9999.9,111.34,-9999.9,-9999.9
2002,12,121.3962692,-9999.9,116.59,-9999.9,-9999.9
2003,1,84.22100511,-9999.9,107.94,-9999.9,-9999.9
2003,2,31.00947189,-9999.9,44.76,-9999.9,-9999.9
2003,3,15.24097104,-9999.9,21.39,-9999.9,-9999.9
2003,4,8.940017036,-9999.9,13.37,-9999.9,-9999.9
2003,5,-2.600068143,-9999.9,-1.15,-9999.9,-9999.9
2003,6,-3.048432709,-9999.9,3.59,-9999.9,-9999.9
2003,7,1.924991482,-9999.9,21.1,-9999.9,-9999.9
2003,8,20.46831346,-9999.9,39.94,-9999.9,-9999.9
2003,9,69.59521295,-9999.9,88.64,-9999.9,-9999.9
2003,10,69.67902896,-9999.9,85.77,-9999.9,-9999.9
2003,11,78.51151618,-9999.9,93.03,-9999.9,-9999.9
2003,12,85.7588075,-9999.9,97.7,-9999.9,-9999.9
2004,1,98.68378194,-9999.9,115.18,-9999.9,-9999.9
2004,2,28.9207155,-9999.9,33.19,-9999.9,-9999.9
2004,3,18.33064736,-9999.9,26.78,-9999.9,-9999.9
2004,4,10.39998296,-9999.9,14.82,-9999.9,-9999.9
2004,5,-1.093798978,-9999.9,2.57,-9999.9,-9999.9
2004,6,5.106098807,-9999.9,14.7,-9999.9,8.65
2004,7,12.83577513,-9999.9,22.45,-9999.9,35.18
2004,8,49.29439523,-9999.9,60.56,-9999.9,89.38
2004,9,44.49855196,-9999.9,48.86,-9999.9,83.88
2004,10,77.54781942,-9999.9,89.29,-9999.9,126.71
2004,11,76.37594549,-9999.9,90.14,-9999.9,105.7
2004,12,117.0242419,-9999.9,132.19,-9999.9,129.81
2005,1,84.58586031,-9999.9,96.94,-9999.9,72.57
2005,2,29.64836457,-9999.9,36.99,-9999.9,31.32
2005,3,30.5823339,-9999.9,38.72,-9999.9,29.55
2005,4,7.161294719,-9999.9,12.84,-9999.9,16.28
2005,5,2.388296422,-9999.9,10.89,-9999.9,10.35
2005,6,-2.619761499,-9999.9,5.25,-9999.9,12.1
2005,7,19.05797274,-9999.9,38.76,-9999.9,65.8
2005,8,38.68901193,-9999.9,52.98,-9999.9,87.37
2005,9,56.59778535,-9999.9,72.75,-9999.9,118.38
2005,10,73.16546848,-9999.9,86.32,-9999.9,118.48
2005,11,101.1236627,-9999.9,117.72,-9999.9,123.17
2005,12,110.2697956,-9999.9,124.69,-9999.9,107.95
2006,1,53.40744463,-9999.9,64.31,-9999.9,50.76
2006,2,59.47473595,-9999.9,71.71,-9999.9,70.72
2006,3,30.32502555,-9999.9,38.31,-9999.9,35.13
2006,4,6.864974446,-9999.9,13.47,-9999.9,14.09
2006,5,1.369471891,-9999.9,11.66,-9999.9,4.77
2006,6,5.653969336,-9999.9,24.73,-9999.9,23.54
2006,7,9.668381601,-9999.9,31.12,-9999.9,39.4
2006,8,47.65747871,-9999.9,73.75,-9999.9,109.21
2006,9,63.99166951,-9999.9,82.41,-9999.9,127.76
2006,10,94.49182283,-9999.9,119.1,-9999.9,137.78
2006,11,61.78698467,-9999.9,79.42,-9999.9,71.47
2006,12,79.63732538,-9999.9,99.42,-9999.9,89.81
2007,1,87.35591141,-9999.9,104.35,-9999.9,86.6
2007,2,66.98737649,-9999.9,86,-9999.9,72.11
2007,3,23.05894378,-9999.9,33.34,-9999.9,23.72
2007,4,17.78349233,-9999.9,21.62,-9999.9,24.18
2007,5,1.706183986,-9999.9,4.6,-9999.9,6.52
2007,6,4.076848382,-9999.9,19.88,-9999.9,15.69
2007,7,21.65591141,-9999.9,42.74,-9999.9,51.04
2007,8,43.06316865,-9999.9,62.79,-9999.9,88.91
2007,9,56.64500852,-9999.9,71.62,-9999.9,100.35
2007,10,53.33981261,-9999.9,70.17,-9999.9,109.51
2007,11,115.9811755,-9999.9,149.56,-9999.9,149.67
2007,12,97.65425894,-9999.9,122.05,-9999.9,91.52
2008,1,71.30293015,-9999.9,90.37,-9999.9,72.93
2008,2,39.9402385,-9999.9,53.66,-9999.9,45.95
2008,3,25.15809199,-9999.9,38.23,-9999.9,33.1
2008,4,7.554633731,-9999.9,10.44,-9999.9,11.12
2008,5,1.354173765,-9999.9,8.77,-9999.9,6.97
2008,6,-2.499250426,-9999.9,4.41,-9999.9,-2.33
2008,7,4.067614991,-9999.9,24,-9999.9,40.61
2008,8,26.42519591,-9999.9,57.74,-9999.9,91.09
2008,9,43.06816014,-9999.9,64.38,-9999.9,103.91
2008,10,81.28526405,-9999.9,110.11,-9999.9,151.48
2008,11,81.60146508,-9999.9,110.3,-9999.9,113.58
2008,12,100.5906303,-9999.9,140,-9999.9,102.52
2009,1,55.59344123,-9999.9,82.72,-9999.9,61.23
2009,2,23.5467121,-9999.9,33.64,-9999.9,28.08
2009,3,17.08357751,-9999.9,25.14,-9999.9,23.32
2009,4,9.359369676,-9999.9,14.97,-9999.9,14.76
2009,5,1.636132879,-9999.9,6.68,-9999.9,6.64
2009,6,-1.694770017,-9999.9,7.7,-9999.9,8.23
2009,7,5.960664395,-9999.9,30.97,-9999.9,41.67
2009,8,19.88807496,-9999.9,51.62,-9999.9,73.05
2009,9,34.30534923,-9999.9,61.09,-9999.9,84.78
2009,10,65.99296422,-9999.9,96.28,-9999.9,107.53
2009,11,43.83211244,-9999.9,61.72,-9999.9,57.28
2009,12,88.65739353,-9999.9,130.18,-9999.9,113.16
2010,1,57.24413969,-9999.9,90.45,-9999.9,67.29
2010,2,22.09098807,-9999.9,40.72,-9999.9,36.53
2010,3,14.22768313,-9999.9,22.78,-9999.9,16.27
2010,4,5.575093697,-9999.9,11.74,-9999.9,11.85
2010,5,0.858432709,-9999.9,11.66,-9999.9,7.69
2010,6,0.226269165,-9999.9,18.69,-9999.9,18.03
2010,7,4.320681431,-9999.9,29.74,-9999.9,41.86
2010,8,25.36124361,-9999.9,55.79,-9999.9,92.98
2010,9,60.22836457,-9999.9,87.7,-9999.9,134.53
2010,10,66.96480409,-9999.9,94.02,-9999.9,126.25
2010,11,81.24906303,-9999.9,113.65,-9999.9,108.99
2010,12,94.46775128,-9999.9,141.71,-9999.9,118.39
2011,1,58.85132879,91.50896082,91.51,-9999.9,65.52
2011,2,27.92151618,45.5334753,45.53,-9999.9,39.51
2011,3,19.439046,32.84534923,32.85,-9999.9,28.54
2011,4,11.94890971,12.23959114,12.24,-9999.9,8.05
2011,5,1.70923339,1.590613288,1.59,-9999.9,0.74
2011,6,3.025195911,3.442930153,3.44,-9999.9,1.98
2011,7,7.61439523,8.993049404,8.99,-9999.9,27.06
2011,8,51.00182283,59.47805792,59.48,-9999.9,92.54
2011,9,67.63201022,75.71311755,75.71,-9999.9,111.6
2011,10,69.82410562,80.45005111,80.45,-9999.9,98.17
2011,11,84.74218058,93.26344123,93.26,-9999.9,90.06
2011,12,87.13308348,103.0919932,103.09,-9999.9,90.01
2012,1,71.40424191,88.99296422,89.01,-9999.9,62.21
2012,2,38.79444634,48.03201022,48.03,-9999.9,39.56
2012,3,19.24081772,22.53074957,22.59,-9999.9,19.62
2012,4,27.24044293,31.01039182,31.24,-9999.9,27.49
2012,5,11.57064736,12.45502555,12.81,-9999.9,10.51
2012,6,17.17194208,21.58405451,22.72,-9999.9,23.85
2012,7,46.09686542,55.09540034,57.83,-9999.9,61.53
2012,8,69.39301533,76.37011925,77.94,-9999.9,107.87
2012,9,90.05599659,93.38410562,94.64,-9999.9,157.41
2012,10,91.51613288,95.33151618,96.43,-9999.9,146.41
2012,11,88.379523,91.98764906,92.8,-9999.9,106.75
2012,12,82.93659284,85.96834753,86.65,-9999.9,89.78
2013,1,91.61601363,94.00226576,92.55,-9999.9,87.42
2013,2,49.34350937,48.80160136,49.64,-9999.9,45.99
2013,3,37.5702385,35.44824532,37.77,-9999.9,39.36
2013,4,20.70642249,17.98189097,21.44,-9999.9,20.36
2013,5,5.869335605,1.85197615,6.25,-9999.9,4.65
2013,6,7.496797274,4.045860307,8.35,-9999.9,7.74
2013,7,32.84679727,30.87482112,42.84,-9999.9,59.4
2013,8,36.14369676,35.77153322,48.11,-9999.9,58.54
2013,9,73.73516184,74.40064736,93.29,-9999.9,112.87
2013,10,83.00846678,82.26969336,93.72,-9999.9,134.87
2013,11,119.4245486,117.9993697,122.63,-9999.9,144.46
2013,12,119.719063,118.4417547,122.36,-9999.9,92.09
2014,1,80.0311414,78.80400341,96.59,-9999.9,64.86
2014,2,35.18890971,35.05846678,43.92,-9999.9,18.59
2014,3,23.94788756,23.82502555,32.38,-9999.9,9.79
2014,4,6.103594549,5.905127768,12.88,-9999.9,7.57
2014,5,-2.184531516,-2.226916525,1.21,-9999.9,-3.63
2014,6,-4.382691652,-4.4039523,12.19,-9999.9,-4.08
2014,7,6.991294719,7.508773424,54.91,-9999.9,31.26
2014,8,21.76367973,22.71224872,53.54,-9999.9,43.92
2014,9,57.0988586,57.69446337,80.84,-9999.9,81.36
2014,10,68.62315162,67.3170017,86.22,-9999.9,105.59
2014,11,99.10207836,114.9582112,134.84,-9999.9,136.62
2014,12,83.90149915,72.07770017,86.03,-9999.9,79.64
2015,1,73.05744463,73.05744463,102.56,-9999.9,-9999.9
2015,2,47.21616695,47.21616695,57.83,-9999.9,-9999.9
2015,3,20.74618399,20.74618399,25.18,-9999.9,-9999.9
2015,4,5.79076661,5.79076661,8.98,-9999.9,-9999.9
2015,5,-2.317444634,-2.317444634,0.17,-9999.9,-9999.9
2015,6,-0.98274276,-0.98274276,2.99,-9999.9,-9999.9
2015,7,16.81826235,16.81826235,16.76,-9999.9,-9999.9
2015,8,52.01463373,52.01463373,42.01,-9999.9,-9999.9
2015,9,50.96623509,50.96623509,65.23,-9999.9,-9999.9
2015,10,94.07289608,94.07289608,75.14,-9999.9,-9999.9
2015,11,73.49170358,73.49170358,109.1,-9999.9,-9999.9
2015,12,73.29626917,73.29626917,122.64,-9999.9,-9999.9
2016,1,102.8792845,102.8792845,77.12,-9999.9,-9999.9
2016,2,55.9174276,55.9174276,42.22,-9999.9,-9999.9
2016,3,23.4679046,23.4679046,19.71,-9999.9,-9999.9
2016,4,-9999.9,26.87102215,22.36,-9999.9,-9999.9
2016,5,-9999.9,10.94902896,4.65,-9999.9,-9999.9
2016,6,-9999.9,22.57223169,15.16,19.4037,-9999.9
2016,7,-9999.9,32.22201022,28.48,35.13281,-9999.9
2016,8,-9999.9,49.43381601,47.68,65.17662167,-9999.9
2016,9,-9999.9,74.27962521,72.75,109.00845,-9999.9
2016,10,-9999.9,80.65567291,79.32,121.009305,-9999.9
2016,11,-9999.9,79.83415673,77.78,102.651445,-9999.9
2016,12,-9999.9,146.8874957,-9999.9,149.377755,-9999.9
2017,1,-9999.9,82.99586031,-9999.9,84.081595,-9999.9
2017,2,-9999.9,53.08478705,-9999.9,44.337865,-9999.9
2017,3,-9999.9,50.02519591,-9999.9,42.67695,-9999.9
2017,4,-9999.9,8.720034072,-9999.9,-6.021065,-9999.9
2017,5,-9999.9,15.86296422,-9999.9,9.2176575,-9999.9
2017,6,-9999.9,14.37218058,-9999.9,8.70336,-9999.9
2017,7,-9999.9,-9999.9,-9999.9,-9999.9,-9999.9
2017,8,-9999.9,-9999.9,-9999.9,-9999.9,-9999.9
2017,9,-9999.9,-9999.9,-9999.9,-9999.9,-9999.9
2017,10,-9999.9,-9999.9,-9999.9,-9999.9,-9999.9
2017,11,-9999.9,-9999.9,-9999.9,-9999.9,-9999.9
2017,12,-9999.9,-9999.9,-9999.9,-9999.9,-9999.9
2018,1,-9999.9,-9999.9,-9999.9,-9999.9,-9999.9
2018,2,-9999.9,-9999.9,-9999.9,-9999.9,-9999.9
2018,3,-9999.9,-9999.9,-9999.9,-9999.9,-9999.9
2018,4,-9999.9,-9999.9,-9999.9,-9999.9,-9999.9
2018,5,-9999.9,-9999.9,-9999.9,-9999.9,-9999.9
2018,6,-9999.9,-9999.9,-9999.9,-9999.9,-9999.9
2018,7,-9999.9,-9999.9,-9999.9,-9999.9,-9999.9
2018,8,-9999.9,-9999.9,-9999.9,-9999.9,-9999.9
2018,9,-9999.9,-9999.9,-9999.9,-9999.9,-9999.9
2018,10,-9999.9,-9999.9,-9999.9,-9999.9,-9999.9
2018,11,-9999.9,-9999.9,-9999.9,-9999.9,-9999.9
2018,12,-9999.9,-9999.9,-9999.9,-9999.9,-9999.9
2019,1,-9999.9,-9999.9,-9999.9,-9999.9,-9999.9
2019,2,-9999.9,-9999.9,-9999.9,-9999.9,-9999.9
2019,3,-9999.9,-9999.9,-9999.9,-9999.9,-9999.9
2019,4,-9999.9,-9999.9,-9999.9,-9999.9,-9999.9
2019,5,-9999.9,-9999.9,-9999.9,-9999.9,-9999.9
2019,6,-9999.9,-9999.9,-9999.9,-9999.9,-9999.9
2019,7,-9999.9,-9999.9,-9999.9,-9999.9,-9999.9
2019,8,-9999.9,-9999.9,-9999.9,-9999.9,-9999.9
2019,9,-9999.9,-9999.9,-9999.9,-9999.9,-9999.9
2019,10,-9999.9,-9999.9,-9999.9,-9999.9,-9999.9
2019,11,-9999.9,-9999.9,-9999.9,-9999.9,-9999.9
2019,12,-9999.9,-9999.9,-9999.9,-9999.9,-9999.9
2020,1,-9999.9,-9999.9,-9999.9,-9999.9,-9999.9
2020,2,-9999.9,-9999.9,-9999.9,-9999.9,-9999.9
2020,3,-9999.9,-9999.9,-9999.9,-9999.9,-9999.9
2020,4,-9999.9,-9999.9,-9999.9,-9999.9,-9999.9
2020,5,-9999.9,-9999.9,-9999.9,-9999.9,-9999.9
2020,6,-9999.9,-9999.9,-9999.9,-9999.9,-9999.9
2020,7,-9999.9,-9999.9,-9999.9,-9999.9,-9999.9
2020,8,-9999.9,-9999.9,-9999.9,-9999.9,-9999.9
2020,9,-9999.9,-9999.9,-9999.9,-9999.9,-9999.9
2020,10,-9999.9,-9999.9,-9999.9,-9999.9,-9999.9
2020,11,-9999.9,-9999.9,-9999.9,-9999.9,-9999.9
2020,12,-9999.9,-9999.9,-9999.9,-9999.9,-9999.9
2021,1,-9999.9,-9999.9,-9999.9,-9999.9,-9999.9
2021,2,-9999.9,-9999.9,-9999.9,-9999.9,-9999.9
2021,3,-9999.9,-9999.9,-9999.9,-9999.9,-9999.9
2021,4,-9999.9,-9999.9,-9999.9,-9999.9,-9999.9
2021,5,-9999.9,-9999.9,-9999.9,-9999.9,-9999.9
2021,6,-9999.9,-9999.9,-9999.9,-9999.9,-9999.9
2021,7,-9999.9,-9999.9,-9999.9,-9999.9,-9999.9
2021,8,-9999.9,-9999.9,-9999.9,-9999.9,-9999.9
2021,9,-9999.9,-9999.9,-9999.9,-9999.9,-9999.9
2021,10,-9999.9,-9999.9,-9999.9,-9999.9,-9999.9
2021,11,-9999.9,-9999.9,-9999.9,-9999.9,-9999.9
2021,12,-9999.9,-9999.9,-9999.9,-9999.9,-9999.9
2022,1,-9999.9,-9999.9,-9999.9,-9999.9,-9999.9
2022,2,-9999.9,-9999.9,-9999.9,-9999.9,-9999.9
2022,3,-9999.9,-9999.9,-9999.9,-9999.9,-9999.9
2022,4,-9999.9,-9999.9,-9999.9,-9999.9,-9999.9
2022,5,-9999.9,-9999.9,-9999.9,-9999.9,-9999.9
2022,6,-9999.9,-9999.9,-9999.9,-9999.9,-9999.9
2022,7,-9999.9,-9999.9,-9999.9,-9999.9,-9999.9
2022,8,-9999.9,-9999.9,-9999.9,-9999.9,-9999.9
2022,9,-9999.9,-9999.9,-9999.9,-9999.9,-9999.9
2022,10,-9999.9,-9999.9,-9999.9,-9999.9,-9999.9
2022,11,-9999.9,-9999.9,-9999.9,-9999.9,-9999.9
2022,12,-9999.9,-9999.9,-9999.9,-9999.9,-9999.9
2023,1,-9999.9,-9999.9,-9999.9,-9999.9,-9999.9
2023,2,-9999.9,-9999.9,-9999.9,-9999.9,-9999.9
2023,3,-9999.9,-9999.9,-9999.9,-9999.9,-9999.9
2023,4,-9999.9,-9999.9,-9999.9,-9999.9,-9999.9
2023,5,-9999.9,-9999.9,-9999.9,-9999.9,-9999.9
2023,6,-9999.9,-9999.9,-9999.9,-9999.9,-9999.9
2023,7,-9999.9,-9999.9,-9999.9,-9999.9,-9999.9
2023,8,-9999.9,-9999.9,-9999.9,-9999.9,-9999.9
2023,9,-9999.9,-9999.9,-9999.9,-9999.9,-9999.9
2023,10,-9999.9,-9999.9,-9999.9,-9999.9,-9999.9
2023,11,-9999.9,-9999.9,-9999.9,-9999.9,-9999.9
2023,12,-9999.9,-9999.9,-9999.9,-9999.9,-9999.9
2024,1,-9999.9,-9999.9,-9999.9,-9999.9,-9999.9
2024,2,-9999.9,-9999.9,-9999.9,-9999.9,-9999.9
2024,3,-9999.9,-9999.9,-9999.9,-9999.9,-9999.9
2024,4,-9999.9,-9999.9,-9999.9,-9999.9,-9999.9
2024,5,-9999.9,-9999.9,-9999.9,-9999.9,-9999.9
2024,6,-9999.9,-9999.9,-9999.9,-9999.9,-9999.9
2024,7,-9999.9,-9999.9,-9999.9,-9999.9,-9999.9
2024,8,-9999.9,-9999.9,-9999.9,-9999.9,-9999.9
2024,9,-9999.9,-9999.9,-9999.9,-9999.9,-9999.9
2024,10,-9999.9,-9999.9,-9999.9,-9999.9,-9999.9
2024,11,-9999.9,-9999.9,-9999.9,-9999.9,-9999.9
2024,12,-9999.9,-9999.9,-9999.9,-9999.9,-9999.9
2025,1,-9999.9,-9999.9,-9999.9,-9999.9,-9999.9
2025,2,-9999.9,-9999.9,-9999.9,-9999.9,-9999.9
2025,3,-9999.9,-9999.9,-9999.9,-9999.9,-9999.9
2025,4,-9999.9,-9999.9,-9999.9,-9999.9,-9999.9
2025,5,-9999.9,-9999.9,-9999.9,-9999.9,-9999.9
2025,6,-9999.9,-9999.9,-9999.9,-9999.9,-9999.9
2025,7,-9999.9,-9999.9,-9999.9,-9999.9,-9999.9
2025,8,-9999.9,-9999.9,-9999.9,-9999.9,-9999.9
2025,9,-9999.9,-9999.9,-9999.9,-9999.9,-9999.9
2025,10,-9999.9,-9999.9,-9999.9,-9999.9,-9999.9
2025,11,-9999.9,-9999.9,-9999.9,-9999.9,-9999.9
2025,12,-9999.9,-9999.9,-9999.9,-9999.9,-9999.9
2026,1,-9999.9,-9999.9,-9999.9,-9999.9,-9999.9
2026,2,-9999.9,-9999.9,-9999.9,-9999.9,-9999.9
2026,3,-9999.9,-9999.9,-9999.9,-9999.9,-9999.9
2026,4,-9999.9,-9999.9,-9999.9,-9999.9,-9999.9
2026,5,-9999.9,-9999.9,-9999.9,-9999.9,-9999.9
2026,6,-9999.9,-9999.9,-9999.9,-9999.9,-9999.9
2026,7,-9999.9,-9999.9,-9999.9,-9999.9,-9999.9
2026,8,-9999.9,-9999.9,-9999.9,-9999.9,-9999.9
2026,9,-9999.9,-9999.9,-9999.9,-9999.9,-9999.9
2026,10,-9999.9,-9999.9,-9999.9,-9999.9,-9999.9
2026,11,-9999.9,-9999.9,-9999.9,-9999.9,-9999.9
2026,12,-9999.9,-9999.9,-9999.9,-9999.9,-9999.9
2027,1,-9999.9,-9999.9,-9999.9,-9999.9,-9999.9
2027,2,-9999.9,-9999.9,-9999.9,-9999.9,-9999.9
2027,3,-9999.9,-9999.9,-9999.9,-9999.9,-9999.9
2027,4,-9999.9,-9999.9,-9999.9,-9999.9,-9999.9
2027,5,-9999.9,-9999.9,-9999.9,-9999.9,-9999.9
2027,6,-9999.9,-9999.9,-9999.9,-9999.9,-9999.9
2027,7,-9999.9,-9999.9,-9999.9,-9999.9,-9999.9
2027,8,-9999.9,-9999.9,-9999.9,-9999.9,-9999.9
2027,9,-9999.9,-9999.9,-9999.9,-9999.9,-9999.9
2027,10,-9999.9,-9999.9,-9999.9,-9999.9,-9999.9
2027,11,-9999.9,-9999.9,-9999.9,-9999.9,-9999.9
2027,12,-9999.9,-9999.9,-9999.9,-9999.9,-9999.9
2028,1,-9999.9,-9999.9,-9999.9,-9999.9,-9999.9
2028,2,-9999.9,-9999.9,-9999.9,-9999.9,-9999.9
2028,3,-9999.9,-9999.9,-9999.9,-9999.9,-9999.9
2028,4,-9999.9,-9999.9,-9999.9,-9999.9,-9999.9
2028,5,-9999.9,-9999.9,-9999.9,-9999.9,-9999.9
2028,6,-9999.9,-9999.9,-9999.9,-9999.9,-9999.9
2028,7,-9999.9,-9999.9,-9999.9,-9999.9,-9999.9
2028,8,-9999.9,-9999.9,-9999.9,-9999.9,-9999.9
2028,9,-9999.9,-9999.9,-9999.9,-9999.9,-9999.9
2028,10,-9999.9,-9999.9,-9999.9,-9999.9,-9999.9
2028,11,-9999.9,-9999.9,-9999.9,-9999.9,-9999.9
2028,12,-9999.9,-9999.9,-9999.9,-9999.9,-9999.9
2029,1,-9999.9,-9999.9,-9999.9,-9999.9,-9999.9
2029,2,-9999.9,-9999.9,-9999.9,-9999.9,-9999.9
2029,3,-9999.9,-9999.9,-9999.9,-9999.9,-9999.9
2029,4,-9999.9,-9999.9,-9999.9,-9999.9,-9999.9
2029,5,-9999.9,-9999.9,-9999.9,-9999.9,-9999.9
2029,6,-9999.9,-9999.9,-9999.9,-9999.9,-9999.9
2029,7,-9999.9,-9999.9,-9999.9,-9999.9,-9999.9
2029,8,-9999.9,-9999.9,-9999.9,-9999.9,-9999.9
2029,9,-9999.9,-9999.9,-9999.9,-9999.9,-9999.9
2029,10,-9999.9,-9999.9,-9999.9,-9999.9,-9999.9
2029,11,-9999.9,-9999.9,-9999.9,-9999.9,-9999.9
2029,12,-9999.9,-9999.9,-9999.9,-9999.9,-9999.9
2030,1,-9999.9,-9999.9,-9999.9,-9999.9,-9999.9
2030,2,-9999.9,-9999.9,-9999.9,-9999.9,-9999.9
2030,3,-9999.9,-9999.9,-9999.9,-9999.9,-9999.9
2030,4,-9999.9,-9999.9,-9999.9,-9999.9,-9999.9
2030,5,-9999.9,-9999.9,-9999.9,-9999.9,-9999.9
2030,6,-9999.9,-9999.9,-9999.9,-9999.9,-9999.9
2030,7,-9999.9,-9999.9,-9999.9,-9999.9,-9999.9
2030,8,-9999.9,-9999.9,-9999.9,-9999.9,-9999.9
2030,9,-9999.9,-9999.9,-9999.9,-9999.9,-9999.9
2030,10,-9999.9,-9999.9,-9999.9,-9999.9,-9999.9
2030,11,-9999.9,-9999.9,-9999.9,-9999.9,-9999.9
2030,12,-9999.9,-9999.9,-9999.9,-9999.9,-9999.9
2031,1,-9999.9,-9999.9,-9999.9,-9999.9,-9999.9
2031,2,-9999.9,-9999.9,-9999.9,-9999.9,-9999.9
2031,3,-9999.9,-9999.9,-9999.9,-9999.9,-9999.9
2031,4,-9999.9,-9999.9,-9999.9,-9999.9,-9999.9
2031,5,-9999.9,-9999.9,-9999.9,-9999.9,-9999.9
2031,6,-9999.9,-9999.9,-9999.9,-9999.9,-9999.9
2031,7,-9999.9,-9999.9,-9999.9,-9999.9,-9999.9
2031,8,-9999.9,-9999.9,-9999.9,-9999.9,-9999.9
2031,9,-9999.9,-9999.9,-9999.9,-9999.9,-9999.9
2031,10,-9999.9,-9999.9,-9999.9,-9999.9,-9999.9
2031,11,-9999.9,-9999.9,-9999.9,-9999.9,-9999.9
2031,12,-9999.9,-9999.9,-9999.9,-9999.9,-9999.9
2032,1,-9999.9,-9999.9,-9999.9,-9999.9,-9999.9
2032,2,-9999.9,-9999.9,-9999.9,-9999.9,-9999.9
2032,3,-9999.9,-9999.9,-9999.9,-9999.9,-9999.9
2032,4,-9999.9,-9999.9,-9999.9,-9999.9,-9999.9
2032,5,-9999.9,-9999.9,-9999.9,-9999.9,-9999.9
2032,6,-9999.9,-9999.9,-9999.9,-9999.9,-9999.9
2032,7,-9999.9,-9999.9,-9999.9,-9999.9,-9999.9
2032,8,-9999.9,-9999.9,-9999.9,-9999.9,-9999.9
2032,9,-9999.9,-9999.9,-9999.9,-9999.9,-9999.9
2032,10,-9999.9,-9999.9,-9999.9,-9999.9,-9999.9
2032,11,-9999.9,-9999.9,-9999.9,-9999.9,-9999.9
2032,12,-9999.9,-9999.9,-9999.9,-9999.9,-9999.9
2033,1,-9999.9,-9999.9,-9999.9,-9999.9,-9999.9
2033,2,-9999.9,-9999.9,-9999.9,-9999.9,-9999.9
2033,3,-9999.9,-9999.9,-9999.9,-9999.9,-9999.9
2033,4,-9999.9,-9999.9,-9999.9,-9999.9,-9999.9
2033,5,-9999.9,-9999.9,-9999.9,-9999.9,-9999.9
2033,6,-9999.9,-9999.9,-9999.9,-9999.9,-9999.9
2033,7,-9999.9,-9999.9,-9999.9,-9999.9,-9999.9
2033,8,-9999.9,-9999.9,-9999.9,-9999.9,-9999.9
2033,9,-9999.9,-9999.9,-9999.9,-9999.9,-9999.9
2033,10,-9999.9,-9999.9,-9999.9,-9999.9,-9999.9
2033,11,-9999.9,-9999.9,-9999.9,-9999.9,-9999.9
2033,12,-9999.9,-9999.9,-9999.9,-9999.9,-9999.9
2034,1,-9999.9,-9999.9,-9999.9,-9999.9,-9999.9
2034,2,-9999.9,-9999.9,-9999.9,-9999.9,-9999.9
2034,3,-9999.9,-9999.9,-9999.9,-9999.9,-9999.9
2034,4,-9999.9,-9999.9,-9999.9,-9999.9,-9999.9
2034,5,-9999.9,-9999.9,-9999.9,-9999.9,-9999.9
2034,6,-9999.9,-9999.9,-9999.9,-9999.9,-9999.9
2034,7,-9999.9,-9999.9,-9999.9,-9999.9,-9999.9
2034,8,-9999.9,-9999.9,-9999.9,-9999.9,-9999.9
2034,9,-9999.9,-9999.9,-9999.9,-9999.9,-9999.9
2034,10,-9999.9,-9999.9,-9999.9,-9999.9,-9999.9
2034,11,-9999.9,-9999.9,-9999.9,-9999.9,-9999.9
2034,12,-9999.9,-9999.9,-9999.9,-9999.9,-9999.9
2035,1,-9999.9,-9999.9,-9999.9,-9999.9,-9999.9
2035,2,-9999.9,-9999.9,-9999.9,-9999.9,-9999.9
2035,3,-9999.9,-9999.9,-9999.9,-9999.9,-9999.9
2035,4,-9999.9,-9999.9,-9999.9,-9999.9,-9999.9
2035,5,-9999.9,-9999.9,-9999.9,-9999.9,-9999.9
2035,6,-9999.9,-9999.9,-9999.9,-9999.9,-9999.9
2035,7,-9999.9,-9999.9,-9999.9,-9999.9,-9999.9
2035,8,-9999.9,-9999.9,-9999.9,-9999.9,-9999.9
2035,9,-9999.9,-9999.9,-9999.9,-9999.9,-9999.9
2035,10,-9999.9,-9999.9,-9999.9,-9999.9,-9999.9
2035,11,-9999.9,-9999.9,-9999.9,-9999.9,-9999.9
2035,12,-9999.9,-9999.9,-9999.9,-9999.9,-9999.9
2036,1,-9999.9,-9999.9,-9999.9,-9999.9,-9999.9
2036,2,-9999.9,-9999.9,-9999.9,-9999.9,-9999.9
2036,3,-9999.9,-9999.9,-9999.9,-9999.9,-9999.9
2036,4,-9999.9,-9999.9,-9999.9,-9999.9,-9999.9
2036,5,-9999.9,-9999.9,-9999.9,-9999.9,-9999.9
2036,6,-9999.9,-9999.9,-9999.9,-9999.9,-9999.9
2036,7,-9999.9,-9999.9,-9999.9,-9999.9,-9999.9
2036,8,-9999.9,-9999.9,-9999.9,-9999.9,-9999.9
2036,9,-9999.9,-9999.9,-9999.9,-9999.9,-9999.9
2036,10,-9999.9,-9999.9,-9999.9,-9999.9,-9999.9
2036,11,-9999.9,-9999.9,-9999.9,-9999.9,-9999.9
2036,12,-9999.9,-9999.9,-9999.9,-9999.9,-9999.9
2037,1,-9999.9,-9999.9,-9999.9,-9999.9,-9999.9
2037,2,-9999.9,-9999.9,-9999.9,-9999.9,-9999.9
2037,3,-9999.9,-9999.9,-9999.9,-9999.9,-9999.9
2037,4,-9999.9,-9999.9,-9999.9,-9999.9,-9999.9
2037,5,-9999.9,-9999.9,-9999.9,-9999.9,-9999.9
2037,6,-9999.9,-9999.9,-9999.9,-9999.9,-9999.9
2037,7,-9999.9,-9999.9,-9999.9,-9999.9,-9999.9
2037,8,-9999.9,-9999.9,-9999.9,-9999.9,-9999.9
2037,9,-9999.9,-9999.9,-9999.9,-9999.9,-9999.9
2037,10,-9999.9,-9999.9,-9999.9,-9999.9,-9999.9
2037,11,-9999.9,-9999.9,-9999.9,-9999.9,-9999.9
2037,12,-9999.9,-9999.9,-9999.9,-9999.9,-9999.9
2038,1,-9999.9,-9999.9,-9999.9,-9999.9,-9999.9
2038,2,-9999.9,-9999.9,-9999.9,-9999.9,-9999.9
2038,3,-9999.9,-9999.9,-9999.9,-9999.9,-9999.9
2038,4,-9999.9,-9999.9,-9999.9,-9999.9,-9999.9
2038,5,-9999.9,-9999.9,-9999.9,-9999.9,-9999.9
2038,6,-9999.9,-9999.9,-9999.9,-9999.9,-9999.9
2038,7,-9999.9,-9999.9,-9999.9,-9999.9,-9999.9
2038,8,-9999.9,-9999.9,-9999.9,-9999.9,-9999.9
2038,9,-9999.9,-9999.9,-9999.9,-9999.9,-9999.9
2038,10,-9999.9,-9999.9,-9999.9,-9999.9,-9999.9
2038,11,-9999.9,-9999.9,-9999.9,-9999.9,-9999.9
2038,12,-9999.9,-9999.9,-9999.9,-9999.9,-9999.9
2039,1,-9999.9,-9999.9,-9999.9,-9999.9,-9999.9
2039,2,-9999.9,-9999.9,-9999.9,-9999.9,-9999.9
2039,3,-9999.9,-9999.9,-9999.9,-9999.9,-9999.9
2039,4,-9999.9,-9999.9,-9999.9,-9999.9,-9999.9
2039,5,-9999.9,-9999.9,-9999.9,-9999.9,-9999.9
2039,6,-9999.9,-9999.9,-9999.9,-9999.9,-9999.9
2039,7,-9999.9,-9999.9,-9999.9,-9999.9,-9999.9
2039,8,-9999.9,-9999.9,-9999.9,-9999.9,-9999.9
2039,9,-9999.9,-9999.9,-9999.9,-9999.9,-9999.9
2039,10,-9999.9,-9999.9,-9999.9,-9999.9,-9999.9
2039,11,-9999.9,-9999.9,-9999.9,-9999.9,-9999.9
2039,12,-9999.9,-9999.9,-9999.9,-9999.9,-9999.9
2040,1,-9999.9,-9999.9,-9999.9,-9999.9,-9999.9
2040,2,-9999.9,-9999.9,-9999.9,-9999.9,-9999.9
2040,3,-9999.9,-9999.9,-9999.9,-9999.9,-9999.9
2040,4,-9999.9,-9999.9,-9999.9,-9999.9,-9999.9
2040,5,-9999.9,-9999.9,-9999.9,-9999.9,-9999.9
2040,6,-9999.9,-9999.9,-9999.9,-9999.9,-9999.9
2040,7,-9999.9,-9999.9,-9999.9,-9999.9,-9999.9
2040,8,-9999.9,-9999.9,-9999.9,-9999.9,-9999.9
2040,9,-9999.9,-9999.9,-9999.9,-9999.9,-9999.9
2040,10,-9999.9,-9999.9,-9999.9,-9999.9,-9999.9
2040,11,-9999.9,-9999.9,-9999.9,-9999.9,-9999.9
2040,12,-9999.9,-9999.9,-9999.9,-9999.9,-9999.9
2041,1,-9999.9,-9999.9,-9999.9,-9999.9,-9999.9
2041,2,-9999.9,-9999.9,-9999.9,-9999.9,-9999.9
2041,3,-9999.9,-9999.9,-9999.9,-9999.9,-9999.9
2041,4,-9999.9,-9999.9,-9999.9,-9999.9,-9999.9
2041,5,-9999.9,-9999.9,-9999.9,-9999.9,-9999.9
2041,6,-9999.9,-9999.9,-9999.9,-9999.9,-9999.9
2041,7,-9999.9,-9999.9,-9999.9,-9999.9,-9999.9
2041,8,-9999.9,-9999.9,-9999.9,-9999.9,-9999.9
2041,9,-9999.9,-9999.9,-9999.9,-9999.9,-9999.9
2041,10,-9999.9,-9999.9,-9999.9,-9999.9,-9999.9
2041,11,-9999.9,-9999.9,-9999.9,-9999.9,-9999.9
2041,12,-9999.9,-9999.9,-9999.9,-9999.9,-9999.9
2042,1,-9999.9,-9999.9,-9999.9,-9999.9,-9999.9
2042,2,-9999.9,-9999.9,-9999.9,-9999.9,-9999.9
2042,3,-9999.9,-9999.9,-9999.9,-9999.9,-9999.9
2042,4,-9999.9,-9999.9,-9999.9,-9999.9,-9999.9
2042,5,-9999.9,-9999.9,-9999.9,-9999.9,-9999.9
2042,6,-9999.9,-9999.9,-9999.9,-9999.9,-9999.9
2042,7,-9999.9,-9999.9,-9999.9,-9999.9,-9999.9
2042,8,-9999.9,-9999.9,-9999.9,-9999.9,-9999.9
2042,9,-9999.9,-9999.9,-9999.9,-9999.9,-9999.9
2042,10,-9999.9,-9999.9,-9999.9,-9999.9,-9999.9
2042,11,-9999.9,-9999.9,-9999.9,-9999.9,-9999.9
2042,12,-9999.9,-9999.9,-9999.9,-9999.9,-9999.9
2043,1,-9999.9,-9999.9,-9999.9,-9999.9,-9999.9
2043,2,-9999.9,-9999.9,-9999.9,-9999.9,-9999.9
2043,3,-9999.9,-9999.9,-9999.9,-9999.9,-9999.9
2043,4,-9999.9,-9999.9,-9999.9,-9999.9,-9999.9
2043,5,-9999.9,-9999.9,-9999.9,-9999.9,-9999.9
2043,6,-9999.9,-9999.9,-9999.9,-9999.9,-9999.9
2043,7,-9999.9,-9999.9,-9999.9,-9999.9,-9999.9
2043,8,-9999.9,-9999.9,-9999.9,-9999.9,-9999.9
2043,9,-9999.9,-9999.9,-9999.9,-9999.9,-9999.9
2043,10,-9999.9,-9999.9,-9999.9,-9999.9,-9999.9
2043,11,-9999.9,-9999.9,-9999.9,-9999.9,-9999.9
2043,12,-9999.9,-9999.9,-9999.9,-9999.9,-9999.9
2044,1,-9999.9,-9999.9,-9999.9,-9999.9,-9999.9
2044,2,-9999.9,-9999.9,-9999.9,-9999.9,-9999.9
2044,3,-9999.9,-9999.9,-9999.9,-9999.9,-9999.9
2044,4,-9999.9,-9999.9,-9999.9,-9999.9,-9999.9
2044,5,-9999.9,-9999.9,-9999.9,-9999.9,-9999.9
2044,6,-9999.9,-9999.9,-9999.9,-9999.9,-9999.9
2044,7,-9999.9,-9999.9,-9999.9,-9999.9,-9999.9
2044,8,-9999.9,-9999.9,-9999.9,-9999.9,-9999.9
2044,9,-9999.9,-9999.9,-9999.9,-9999.9,-9999.9
2044,10,-9999.9,-9999.9,-9999.9,-9999.9,-9999.9
2044,11,-9999.9,-9999.9,-9999.9,-9999.9,-9999.9
2044,12,-9999.9,-9999.9,-9999.9,-9999.9,-9999.9
2045,1,-9999.9,-9999.9,-9999.9,-9999.9,-9999.9
2045,2,-9999.9,-9999.9,-9999.9,-9999.9,-9999.9
2045,3,-9999.9,-9999.9,-9999.9,-9999.9,-9999.9
2045,4,-9999.9,-9999.9,-9999.9,-9999.9,-9999.9
2045,5,-9999.9,-9999.9,-9999.9,-9999.9,-9999.9
2045,6,-9999.9,-9999.9,-9999.9,-9999.9,-9999.9
2045,7,-9999.9,-9999.9,-9999.9,-9999.9,-9999.9
2045,8,-9999.9,-9999.9,-9999.9,-9999.9,-9999.9
2045,9,-9999.9,-9999.9,-9999.9,-9999.9,-9999.9
2045,10,-9999.9,-9999.9,-9999.9,-9999.9,-9999.9
2045,11,-9999.9,-9999.9,-9999.9,-9999.9,-9999.9
2045,12,-9999.9,-9999.9,-9999.9,-9999.9,-9999.9
2046,1,-9999.9,-9999.9,-9999.9,-9999.9,-9999.9
2046,2,-9999.9,-9999.9,-9999.9,-9999.9,-9999.9
2046,3,-9999.9,-9999.9,-9999.9,-9999.9,-9999.9
2046,4,-9999.9,-9999.9,-9999.9,-9999.9,-9999.9
2046,5,-9999.9,-9999.9,-9999.9,-9999.9,-9999.9
2046,6,-9999.9,-9999.9,-9999.9,-9999.9,-9999.9
2046,7,-9999.9,-9999.9,-9999.9,-9999.9,-9999.9
2046,8,-9999.9,-9999.9,-9999.9,-9999.9,-9999.9
2046,9,-9999.9,-9999.9,-9999.9,-9999.9,-9999.9
2046,10,-9999.9,-9999.9,-9999.9,-9999.9,-9999.9
2046,11,-9999.9,-9999.9,-9999.9,-9999.9,-9999.9
2046,12,-9999.9,-9999.9,-9999.9,-9999.9,-9999.9
2047,1,-9999.9,-9999.9,-9999.9,-9999.9,-9999.9
2047,2,-9999.9,-9999.9,-9999.9,-9999.9,-9999.9
2047,3,-9999.9,-9999.9,-9999.9,-9999.9,-9999.9
2047,4,-9999.9,-9999.9,-9999.9,-9999.9,-9999.9
2047,5,-9999.9,-9999.9,-9999.9,-9999.9,-9999.9
2047,6,-9999.9,-9999.9,-9999.9,-9999.9,-9999.9
2047,7,-9999.9,-9999.9,-9999.9,-9999.9,-9999.9
2047,8,-9999.9,-9999.9,-9999.9,-9999.9,-9999.9
2047,9,-9999.9,-9999.9,-9999.9,-9999.9,-9999.9
2047,10,-9999.9,-9999.9,-9999.9,-9999.9,-9999.9
2047,11,-9999.9,-9999.9,-9999.9,-9999.9,-9999.9
2047,12,-9999.9,-9999.9,-9999.9,-9999.9,-9999.9
2048,1,-9999.9,-9999.9,-9999.9,-9999.9,-9999.9
2048,2,-9999.9,-9999.9,-9999.9,-9999.9,-9999.9
2048,3,-9999.9,-9999.9,-9999.9,-9999.9,-9999.9
2048,4,-9999.9,-9999.9,-9999.9,-9999.9,-9999.9
2048,5,-9999.9,-9999.9,-9999.9,-9999.9,-9999.9
2048,6,-9999.9,-9999.9,-9999.9,-9999.9,-9999.9
2048,7,-9999.9,-9999.9,-9999.9,-9999.9,-9999.9
2048,8,-9999.9,-9999.9,-9999.9,-9999.9,-9999.9
2048,9,-9999.9,-9999.9,-9999.9,-9999.9,-9999.9
2048,10,-9999.9,-9999.9,-9999.9,-9999.9,-9999.9
2048,11,-9999.9,-9999.9,-9999.9,-9999.9,-9999.9
2048,12,-9999.9,-9999.9,-9999.9,-9999.9,-9999.9
2049,1,-9999.9,-9999.9,-9999.9,-9999.9,-9999.9
2049,2,-9999.9,-9999.9,-9999.9,-9999.9,-9999.9
2049,3,-9999.9,-9999.9,-9999.9,-9999.9,-9999.9
2049,4,-9999.9,-9999.9,-9999.9,-9999.9,-9999.9
2049,5,-9999.9,-9999.9,-9999.9,-9999.9,-9999.9
2049,6,-9999.9,-9999.9,-9999.9,-9999.9,-9999.9
2049,7,-9999.9,-9999.9,-9999.9,-9999.9,-9999.9
2049,8,-9999.9,-9999.9,-9999.9,-9999.9,-9999.9
2049,9,-9999.9,-9999.9,-9999.9,-9999.9,-9999.9
2049,10,-9999.9,-9999.9,-9999.9,-9999.9,-9999.9
2049,11,-9999.9,-9999.9,-9999.9,-9999.9,-9999.9
2049,12,-9999.9,-9999.9,-9999.9,-9999.9,-9999.9
