"","","GLERL-AHPS-Hydromet","GLERL-AHPS-Provisional","USACE-AHPS","ECCC-WCPS" 
1900,1,-9999.9,-9999.9,-9999.9,-9999.9 
1900,2,-9999.9,-9999.9,-9999.9,-9999.9 
1900,3,-9999.9,-9999.9,-9999.9,-9999.9 
1900,4,-9999.9,-9999.9,-9999.9,-9999.9 
1900,5,-9999.9,-9999.9,-9999.9,-9999.9 
1900,6,-9999.9,-9999.9,-9999.9,-9999.9 
1900,7,-9999.9,-9999.9,-9999.9,-9999.9 
1900,8,-9999.9,-9999.9,-9999.9,-9999.9 
1900,9,-9999.9,-9999.9,-9999.9,-9999.9 
1900,10,-9999.9,-9999.9,-9999.9,-9999.9 
1900,11,-9999.9,-9999.9,-9999.9,-9999.9 
1900,12,-9999.9,-9999.9,-9999.9,-9999.9 
1901,1,-9999.9,-9999.9,-9999.9,-9999.9 
1901,2,-9999.9,-9999.9,-9999.9,-9999.9 
1901,3,-9999.9,-9999.9,-9999.9,-9999.9 
1901,4,-9999.9,-9999.9,-9999.9,-9999.9 
1901,5,-9999.9,-9999.9,-9999.9,-9999.9 
1901,6,-9999.9,-9999.9,-9999.9,-9999.9 
1901,7,-9999.9,-9999.9,-9999.9,-9999.9 
1901,8,-9999.9,-9999.9,-9999.9,-9999.9 
1901,9,-9999.9,-9999.9,-9999.9,-9999.9 
1901,10,-9999.9,-9999.9,-9999.9,-9999.9 
1901,11,-9999.9,-9999.9,-9999.9,-9999.9 
1901,12,-9999.9,-9999.9,-9999.9,-9999.9 
1902,1,-9999.9,-9999.9,-9999.9,-9999.9 
1902,2,-9999.9,-9999.9,-9999.9,-9999.9 
1902,3,-9999.9,-9999.9,-9999.9,-9999.9 
1902,4,-9999.9,-9999.9,-9999.9,-9999.9 
1902,5,-9999.9,-9999.9,-9999.9,-9999.9 
1902,6,-9999.9,-9999.9,-9999.9,-9999.9 
1902,7,-9999.9,-9999.9,-9999.9,-9999.9 
1902,8,-9999.9,-9999.9,-9999.9,-9999.9 
1902,9,-9999.9,-9999.9,-9999.9,-9999.9 
1902,10,-9999.9,-9999.9,-9999.9,-9999.9 
1902,11,-9999.9,-9999.9,-9999.9,-9999.9 
1902,12,-9999.9,-9999.9,-9999.9,-9999.9 
1903,1,-9999.9,-9999.9,-9999.9,-9999.9 
1903,2,-9999.9,-9999.9,-9999.9,-9999.9 
1903,3,-9999.9,-9999.9,-9999.9,-9999.9 
1903,4,-9999.9,-9999.9,-9999.9,-9999.9 
1903,5,-9999.9,-9999.9,-9999.9,-9999.9 
1903,6,-9999.9,-9999.9,-9999.9,-9999.9 
1903,7,-9999.9,-9999.9,-9999.9,-9999.9 
1903,8,-9999.9,-9999.9,-9999.9,-9999.9 
1903,9,-9999.9,-9999.9,-9999.9,-9999.9 
1903,10,-9999.9,-9999.9,-9999.9,-9999.9 
1903,11,-9999.9,-9999.9,-9999.9,-9999.9 
1903,12,-9999.9,-9999.9,-9999.9,-9999.9 
1904,1,-9999.9,-9999.9,-9999.9,-9999.9 
1904,2,-9999.9,-9999.9,-9999.9,-9999.9 
1904,3,-9999.9,-9999.9,-9999.9,-9999.9 
1904,4,-9999.9,-9999.9,-9999.9,-9999.9 
1904,5,-9999.9,-9999.9,-9999.9,-9999.9 
1904,6,-9999.9,-9999.9,-9999.9,-9999.9 
1904,7,-9999.9,-9999.9,-9999.9,-9999.9 
1904,8,-9999.9,-9999.9,-9999.9,-9999.9 
1904,9,-9999.9,-9999.9,-9999.9,-9999.9 
1904,10,-9999.9,-9999.9,-9999.9,-9999.9 
1904,11,-9999.9,-9999.9,-9999.9,-9999.9 
1904,12,-9999.9,-9999.9,-9999.9,-9999.9 
1905,1,-9999.9,-9999.9,-9999.9,-9999.9 
1905,2,-9999.9,-9999.9,-9999.9,-9999.9 
1905,3,-9999.9,-9999.9,-9999.9,-9999.9 
1905,4,-9999.9,-9999.9,-9999.9,-9999.9 
1905,5,-9999.9,-9999.9,-9999.9,-9999.9 
1905,6,-9999.9,-9999.9,-9999.9,-9999.9 
1905,7,-9999.9,-9999.9,-9999.9,-9999.9 
1905,8,-9999.9,-9999.9,-9999.9,-9999.9 
1905,9,-9999.9,-9999.9,-9999.9,-9999.9 
1905,10,-9999.9,-9999.9,-9999.9,-9999.9 
1905,11,-9999.9,-9999.9,-9999.9,-9999.9 
1905,12,-9999.9,-9999.9,-9999.9,-9999.9 
1906,1,-9999.9,-9999.9,-9999.9,-9999.9 
1906,2,-9999.9,-9999.9,-9999.9,-9999.9 
1906,3,-9999.9,-9999.9,-9999.9,-9999.9 
1906,4,-9999.9,-9999.9,-9999.9,-9999.9 
1906,5,-9999.9,-9999.9,-9999.9,-9999.9 
1906,6,-9999.9,-9999.9,-9999.9,-9999.9 
1906,7,-9999.9,-9999.9,-9999.9,-9999.9 
1906,8,-9999.9,-9999.9,-9999.9,-9999.9 
1906,9,-9999.9,-9999.9,-9999.9,-9999.9 
1906,10,-9999.9,-9999.9,-9999.9,-9999.9 
1906,11,-9999.9,-9999.9,-9999.9,-9999.9 
1906,12,-9999.9,-9999.9,-9999.9,-9999.9 
1907,1,-9999.9,-9999.9,-9999.9,-9999.9 
1907,2,-9999.9,-9999.9,-9999.9,-9999.9 
1907,3,-9999.9,-9999.9,-9999.9,-9999.9 
1907,4,-9999.9,-9999.9,-9999.9,-9999.9 
1907,5,-9999.9,-9999.9,-9999.9,-9999.9 
1907,6,-9999.9,-9999.9,-9999.9,-9999.9 
1907,7,-9999.9,-9999.9,-9999.9,-9999.9 
1907,8,-9999.9,-9999.9,-9999.9,-9999.9 
1907,9,-9999.9,-9999.9,-9999.9,-9999.9 
1907,10,-9999.9,-9999.9,-9999.9,-9999.9 
1907,11,-9999.9,-9999.9,-9999.9,-9999.9 
1907,12,-9999.9,-9999.9,-9999.9,-9999.9 
1908,1,-9999.9,-9999.9,-9999.9,-9999.9 
1908,2,-9999.9,-9999.9,-9999.9,-9999.9 
1908,3,-9999.9,-9999.9,-9999.9,-9999.9 
1908,4,-9999.9,-9999.9,-9999.9,-9999.9 
1908,5,-9999.9,-9999.9,-9999.9,-9999.9 
1908,6,-9999.9,-9999.9,-9999.9,-9999.9 
1908,7,-9999.9,-9999.9,-9999.9,-9999.9 
1908,8,-9999.9,-9999.9,-9999.9,-9999.9 
1908,9,-9999.9,-9999.9,-9999.9,-9999.9 
1908,10,-9999.9,-9999.9,-9999.9,-9999.9 
1908,11,-9999.9,-9999.9,-9999.9,-9999.9 
1908,12,-9999.9,-9999.9,-9999.9,-9999.9 
1909,1,-9999.9,-9999.9,-9999.9,-9999.9 
1909,2,-9999.9,-9999.9,-9999.9,-9999.9 
1909,3,-9999.9,-9999.9,-9999.9,-9999.9 
1909,4,-9999.9,-9999.9,-9999.9,-9999.9 
1909,5,-9999.9,-9999.9,-9999.9,-9999.9 
1909,6,-9999.9,-9999.9,-9999.9,-9999.9 
1909,7,-9999.9,-9999.9,-9999.9,-9999.9 
1909,8,-9999.9,-9999.9,-9999.9,-9999.9 
1909,9,-9999.9,-9999.9,-9999.9,-9999.9 
1909,10,-9999.9,-9999.9,-9999.9,-9999.9 
1909,11,-9999.9,-9999.9,-9999.9,-9999.9 
1909,12,-9999.9,-9999.9,-9999.9,-9999.9 
1910,1,-9999.9,-9999.9,-9999.9,-9999.9 
1910,2,-9999.9,-9999.9,-9999.9,-9999.9 
1910,3,-9999.9,-9999.9,-9999.9,-9999.9 
1910,4,-9999.9,-9999.9,-9999.9,-9999.9 
1910,5,-9999.9,-9999.9,-9999.9,-9999.9 
1910,6,-9999.9,-9999.9,-9999.9,-9999.9 
1910,7,-9999.9,-9999.9,-9999.9,-9999.9 
1910,8,-9999.9,-9999.9,-9999.9,-9999.9 
1910,9,-9999.9,-9999.9,-9999.9,-9999.9 
1910,10,-9999.9,-9999.9,-9999.9,-9999.9 
1910,11,-9999.9,-9999.9,-9999.9,-9999.9 
1910,12,-9999.9,-9999.9,-9999.9,-9999.9 
1911,1,-9999.9,-9999.9,-9999.9,-9999.9 
1911,2,-9999.9,-9999.9,-9999.9,-9999.9 
1911,3,-9999.9,-9999.9,-9999.9,-9999.9 
1911,4,-9999.9,-9999.9,-9999.9,-9999.9 
1911,5,-9999.9,-9999.9,-9999.9,-9999.9 
1911,6,-9999.9,-9999.9,-9999.9,-9999.9 
1911,7,-9999.9,-9999.9,-9999.9,-9999.9 
1911,8,-9999.9,-9999.9,-9999.9,-9999.9 
1911,9,-9999.9,-9999.9,-9999.9,-9999.9 
1911,10,-9999.9,-9999.9,-9999.9,-9999.9 
1911,11,-9999.9,-9999.9,-9999.9,-9999.9 
1911,12,-9999.9,-9999.9,-9999.9,-9999.9 
1912,1,-9999.9,-9999.9,-9999.9,-9999.9 
1912,2,-9999.9,-9999.9,-9999.9,-9999.9 
1912,3,-9999.9,-9999.9,-9999.9,-9999.9 
1912,4,-9999.9,-9999.9,-9999.9,-9999.9 
1912,5,-9999.9,-9999.9,-9999.9,-9999.9 
1912,6,-9999.9,-9999.9,-9999.9,-9999.9 
1912,7,-9999.9,-9999.9,-9999.9,-9999.9 
1912,8,-9999.9,-9999.9,-9999.9,-9999.9 
1912,9,-9999.9,-9999.9,-9999.9,-9999.9 
1912,10,-9999.9,-9999.9,-9999.9,-9999.9 
1912,11,-9999.9,-9999.9,-9999.9,-9999.9 
1912,12,-9999.9,-9999.9,-9999.9,-9999.9 
1913,1,-9999.9,-9999.9,-9999.9,-9999.9 
1913,2,-9999.9,-9999.9,-9999.9,-9999.9 
1913,3,-9999.9,-9999.9,-9999.9,-9999.9 
1913,4,-9999.9,-9999.9,-9999.9,-9999.9 
1913,5,-9999.9,-9999.9,-9999.9,-9999.9 
1913,6,-9999.9,-9999.9,-9999.9,-9999.9 
1913,7,-9999.9,-9999.9,-9999.9,-9999.9 
1913,8,-9999.9,-9999.9,-9999.9,-9999.9 
1913,9,-9999.9,-9999.9,-9999.9,-9999.9 
1913,10,-9999.9,-9999.9,-9999.9,-9999.9 
1913,11,-9999.9,-9999.9,-9999.9,-9999.9 
1913,12,-9999.9,-9999.9,-9999.9,-9999.9 
1914,1,-9999.9,-9999.9,-9999.9,-9999.9 
1914,2,-9999.9,-9999.9,-9999.9,-9999.9 
1914,3,-9999.9,-9999.9,-9999.9,-9999.9 
1914,4,-9999.9,-9999.9,-9999.9,-9999.9 
1914,5,-9999.9,-9999.9,-9999.9,-9999.9 
1914,6,-9999.9,-9999.9,-9999.9,-9999.9 
1914,7,-9999.9,-9999.9,-9999.9,-9999.9 
1914,8,-9999.9,-9999.9,-9999.9,-9999.9 
1914,9,-9999.9,-9999.9,-9999.9,-9999.9 
1914,10,-9999.9,-9999.9,-9999.9,-9999.9 
1914,11,-9999.9,-9999.9,-9999.9,-9999.9 
1914,12,-9999.9,-9999.9,-9999.9,-9999.9 
1915,1,-9999.9,-9999.9,-9999.9,-9999.9 
1915,2,-9999.9,-9999.9,-9999.9,-9999.9 
1915,3,-9999.9,-9999.9,-9999.9,-9999.9 
1915,4,-9999.9,-9999.9,-9999.9,-9999.9 
1915,5,-9999.9,-9999.9,-9999.9,-9999.9 
1915,6,-9999.9,-9999.9,-9999.9,-9999.9 
1915,7,-9999.9,-9999.9,-9999.9,-9999.9 
1915,8,-9999.9,-9999.9,-9999.9,-9999.9 
1915,9,-9999.9,-9999.9,-9999.9,-9999.9 
1915,10,-9999.9,-9999.9,-9999.9,-9999.9 
1915,11,-9999.9,-9999.9,-9999.9,-9999.9 
1915,12,-9999.9,-9999.9,-9999.9,-9999.9 
1916,1,-9999.9,-9999.9,-9999.9,-9999.9 
1916,2,-9999.9,-9999.9,-9999.9,-9999.9 
1916,3,-9999.9,-9999.9,-9999.9,-9999.9 
1916,4,-9999.9,-9999.9,-9999.9,-9999.9 
1916,5,-9999.9,-9999.9,-9999.9,-9999.9 
1916,6,-9999.9,-9999.9,-9999.9,-9999.9 
1916,7,-9999.9,-9999.9,-9999.9,-9999.9 
1916,8,-9999.9,-9999.9,-9999.9,-9999.9 
1916,9,-9999.9,-9999.9,-9999.9,-9999.9 
1916,10,-9999.9,-9999.9,-9999.9,-9999.9 
1916,11,-9999.9,-9999.9,-9999.9,-9999.9 
1916,12,-9999.9,-9999.9,-9999.9,-9999.9 
1917,1,-9999.9,-9999.9,-9999.9,-9999.9 
1917,2,-9999.9,-9999.9,-9999.9,-9999.9 
1917,3,-9999.9,-9999.9,-9999.9,-9999.9 
1917,4,-9999.9,-9999.9,-9999.9,-9999.9 
1917,5,-9999.9,-9999.9,-9999.9,-9999.9 
1917,6,-9999.9,-9999.9,-9999.9,-9999.9 
1917,7,-9999.9,-9999.9,-9999.9,-9999.9 
1917,8,-9999.9,-9999.9,-9999.9,-9999.9 
1917,9,-9999.9,-9999.9,-9999.9,-9999.9 
1917,10,-9999.9,-9999.9,-9999.9,-9999.9 
1917,11,-9999.9,-9999.9,-9999.9,-9999.9 
1917,12,-9999.9,-9999.9,-9999.9,-9999.9 
1918,1,-9999.9,-9999.9,-9999.9,-9999.9 
1918,2,-9999.9,-9999.9,-9999.9,-9999.9 
1918,3,-9999.9,-9999.9,-9999.9,-9999.9 
1918,4,-9999.9,-9999.9,-9999.9,-9999.9 
1918,5,-9999.9,-9999.9,-9999.9,-9999.9 
1918,6,-9999.9,-9999.9,-9999.9,-9999.9 
1918,7,-9999.9,-9999.9,-9999.9,-9999.9 
1918,8,-9999.9,-9999.9,-9999.9,-9999.9 
1918,9,-9999.9,-9999.9,-9999.9,-9999.9 
1918,10,-9999.9,-9999.9,-9999.9,-9999.9 
1918,11,-9999.9,-9999.9,-9999.9,-9999.9 
1918,12,-9999.9,-9999.9,-9999.9,-9999.9 
1919,1,-9999.9,-9999.9,-9999.9,-9999.9 
1919,2,-9999.9,-9999.9,-9999.9,-9999.9 
1919,3,-9999.9,-9999.9,-9999.9,-9999.9 
1919,4,-9999.9,-9999.9,-9999.9,-9999.9 
1919,5,-9999.9,-9999.9,-9999.9,-9999.9 
1919,6,-9999.9,-9999.9,-9999.9,-9999.9 
1919,7,-9999.9,-9999.9,-9999.9,-9999.9 
1919,8,-9999.9,-9999.9,-9999.9,-9999.9 
1919,9,-9999.9,-9999.9,-9999.9,-9999.9 
1919,10,-9999.9,-9999.9,-9999.9,-9999.9 
1919,11,-9999.9,-9999.9,-9999.9,-9999.9 
1919,12,-9999.9,-9999.9,-9999.9,-9999.9 
1920,1,-9999.9,-9999.9,-9999.9,-9999.9 
1920,2,-9999.9,-9999.9,-9999.9,-9999.9 
1920,3,-9999.9,-9999.9,-9999.9,-9999.9 
1920,4,-9999.9,-9999.9,-9999.9,-9999.9 
1920,5,-9999.9,-9999.9,-9999.9,-9999.9 
1920,6,-9999.9,-9999.9,-9999.9,-9999.9 
1920,7,-9999.9,-9999.9,-9999.9,-9999.9 
1920,8,-9999.9,-9999.9,-9999.9,-9999.9 
1920,9,-9999.9,-9999.9,-9999.9,-9999.9 
1920,10,-9999.9,-9999.9,-9999.9,-9999.9 
1920,11,-9999.9,-9999.9,-9999.9,-9999.9 
1920,12,-9999.9,-9999.9,-9999.9,-9999.9 
1921,1,-9999.9,-9999.9,-9999.9,-9999.9 
1921,2,-9999.9,-9999.9,-9999.9,-9999.9 
1921,3,-9999.9,-9999.9,-9999.9,-9999.9 
1921,4,-9999.9,-9999.9,-9999.9,-9999.9 
1921,5,-9999.9,-9999.9,-9999.9,-9999.9 
1921,6,-9999.9,-9999.9,-9999.9,-9999.9 
1921,7,-9999.9,-9999.9,-9999.9,-9999.9 
1921,8,-9999.9,-9999.9,-9999.9,-9999.9 
1921,9,-9999.9,-9999.9,-9999.9,-9999.9 
1921,10,-9999.9,-9999.9,-9999.9,-9999.9 
1921,11,-9999.9,-9999.9,-9999.9,-9999.9 
1921,12,-9999.9,-9999.9,-9999.9,-9999.9 
1922,1,-9999.9,-9999.9,-9999.9,-9999.9 
1922,2,-9999.9,-9999.9,-9999.9,-9999.9 
1922,3,-9999.9,-9999.9,-9999.9,-9999.9 
1922,4,-9999.9,-9999.9,-9999.9,-9999.9 
1922,5,-9999.9,-9999.9,-9999.9,-9999.9 
1922,6,-9999.9,-9999.9,-9999.9,-9999.9 
1922,7,-9999.9,-9999.9,-9999.9,-9999.9 
1922,8,-9999.9,-9999.9,-9999.9,-9999.9 
1922,9,-9999.9,-9999.9,-9999.9,-9999.9 
1922,10,-9999.9,-9999.9,-9999.9,-9999.9 
1922,11,-9999.9,-9999.9,-9999.9,-9999.9 
1922,12,-9999.9,-9999.9,-9999.9,-9999.9 
1923,1,-9999.9,-9999.9,-9999.9,-9999.9 
1923,2,-9999.9,-9999.9,-9999.9,-9999.9 
1923,3,-9999.9,-9999.9,-9999.9,-9999.9 
1923,4,-9999.9,-9999.9,-9999.9,-9999.9 
1923,5,-9999.9,-9999.9,-9999.9,-9999.9 
1923,6,-9999.9,-9999.9,-9999.9,-9999.9 
1923,7,-9999.9,-9999.9,-9999.9,-9999.9 
1923,8,-9999.9,-9999.9,-9999.9,-9999.9 
1923,9,-9999.9,-9999.9,-9999.9,-9999.9 
1923,10,-9999.9,-9999.9,-9999.9,-9999.9 
1923,11,-9999.9,-9999.9,-9999.9,-9999.9 
1923,12,-9999.9,-9999.9,-9999.9,-9999.9 
1924,1,-9999.9,-9999.9,-9999.9,-9999.9 
1924,2,-9999.9,-9999.9,-9999.9,-9999.9 
1924,3,-9999.9,-9999.9,-9999.9,-9999.9 
1924,4,-9999.9,-9999.9,-9999.9,-9999.9 
1924,5,-9999.9,-9999.9,-9999.9,-9999.9 
1924,6,-9999.9,-9999.9,-9999.9,-9999.9 
1924,7,-9999.9,-9999.9,-9999.9,-9999.9 
1924,8,-9999.9,-9999.9,-9999.9,-9999.9 
1924,9,-9999.9,-9999.9,-9999.9,-9999.9 
1924,10,-9999.9,-9999.9,-9999.9,-9999.9 
1924,11,-9999.9,-9999.9,-9999.9,-9999.9 
1924,12,-9999.9,-9999.9,-9999.9,-9999.9 
1925,1,-9999.9,-9999.9,-9999.9,-9999.9 
1925,2,-9999.9,-9999.9,-9999.9,-9999.9 
1925,3,-9999.9,-9999.9,-9999.9,-9999.9 
1925,4,-9999.9,-9999.9,-9999.9,-9999.9 
1925,5,-9999.9,-9999.9,-9999.9,-9999.9 
1925,6,-9999.9,-9999.9,-9999.9,-9999.9 
1925,7,-9999.9,-9999.9,-9999.9,-9999.9 
1925,8,-9999.9,-9999.9,-9999.9,-9999.9 
1925,9,-9999.9,-9999.9,-9999.9,-9999.9 
1925,10,-9999.9,-9999.9,-9999.9,-9999.9 
1925,11,-9999.9,-9999.9,-9999.9,-9999.9 
1925,12,-9999.9,-9999.9,-9999.9,-9999.9 
1926,1,-9999.9,-9999.9,-9999.9,-9999.9 
1926,2,-9999.9,-9999.9,-9999.9,-9999.9 
1926,3,-9999.9,-9999.9,-9999.9,-9999.9 
1926,4,-9999.9,-9999.9,-9999.9,-9999.9 
1926,5,-9999.9,-9999.9,-9999.9,-9999.9 
1926,6,-9999.9,-9999.9,-9999.9,-9999.9 
1926,7,-9999.9,-9999.9,-9999.9,-9999.9 
1926,8,-9999.9,-9999.9,-9999.9,-9999.9 
1926,9,-9999.9,-9999.9,-9999.9,-9999.9 
1926,10,-9999.9,-9999.9,-9999.9,-9999.9 
1926,11,-9999.9,-9999.9,-9999.9,-9999.9 
1926,12,-9999.9,-9999.9,-9999.9,-9999.9 
1927,1,-9999.9,-9999.9,-9999.9,-9999.9 
1927,2,-9999.9,-9999.9,-9999.9,-9999.9 
1927,3,-9999.9,-9999.9,-9999.9,-9999.9 
1927,4,-9999.9,-9999.9,-9999.9,-9999.9 
1927,5,-9999.9,-9999.9,-9999.9,-9999.9 
1927,6,-9999.9,-9999.9,-9999.9,-9999.9 
1927,7,-9999.9,-9999.9,-9999.9,-9999.9 
1927,8,-9999.9,-9999.9,-9999.9,-9999.9 
1927,9,-9999.9,-9999.9,-9999.9,-9999.9 
1927,10,-9999.9,-9999.9,-9999.9,-9999.9 
1927,11,-9999.9,-9999.9,-9999.9,-9999.9 
1927,12,-9999.9,-9999.9,-9999.9,-9999.9 
1928,1,-9999.9,-9999.9,-9999.9,-9999.9 
1928,2,-9999.9,-9999.9,-9999.9,-9999.9 
1928,3,-9999.9,-9999.9,-9999.9,-9999.9 
1928,4,-9999.9,-9999.9,-9999.9,-9999.9 
1928,5,-9999.9,-9999.9,-9999.9,-9999.9 
1928,6,-9999.9,-9999.9,-9999.9,-9999.9 
1928,7,-9999.9,-9999.9,-9999.9,-9999.9 
1928,8,-9999.9,-9999.9,-9999.9,-9999.9 
1928,9,-9999.9,-9999.9,-9999.9,-9999.9 
1928,10,-9999.9,-9999.9,-9999.9,-9999.9 
1928,11,-9999.9,-9999.9,-9999.9,-9999.9 
1928,12,-9999.9,-9999.9,-9999.9,-9999.9 
1929,1,-9999.9,-9999.9,-9999.9,-9999.9 
1929,2,-9999.9,-9999.9,-9999.9,-9999.9 
1929,3,-9999.9,-9999.9,-9999.9,-9999.9 
1929,4,-9999.9,-9999.9,-9999.9,-9999.9 
1929,5,-9999.9,-9999.9,-9999.9,-9999.9 
1929,6,-9999.9,-9999.9,-9999.9,-9999.9 
1929,7,-9999.9,-9999.9,-9999.9,-9999.9 
1929,8,-9999.9,-9999.9,-9999.9,-9999.9 
1929,9,-9999.9,-9999.9,-9999.9,-9999.9 
1929,10,-9999.9,-9999.9,-9999.9,-9999.9 
1929,11,-9999.9,-9999.9,-9999.9,-9999.9 
1929,12,-9999.9,-9999.9,-9999.9,-9999.9 
1930,1,-9999.9,-9999.9,-9999.9,-9999.9 
1930,2,-9999.9,-9999.9,-9999.9,-9999.9 
1930,3,-9999.9,-9999.9,-9999.9,-9999.9 
1930,4,-9999.9,-9999.9,-9999.9,-9999.9 
1930,5,-9999.9,-9999.9,-9999.9,-9999.9 
1930,6,-9999.9,-9999.9,-9999.9,-9999.9 
1930,7,-9999.9,-9999.9,-9999.9,-9999.9 
1930,8,-9999.9,-9999.9,-9999.9,-9999.9 
1930,9,-9999.9,-9999.9,-9999.9,-9999.9 
1930,10,-9999.9,-9999.9,-9999.9,-9999.9 
1930,11,-9999.9,-9999.9,-9999.9,-9999.9 
1930,12,-9999.9,-9999.9,-9999.9,-9999.9 
1931,1,-9999.9,-9999.9,-9999.9,-9999.9 
1931,2,-9999.9,-9999.9,-9999.9,-9999.9 
1931,3,-9999.9,-9999.9,-9999.9,-9999.9 
1931,4,-9999.9,-9999.9,-9999.9,-9999.9 
1931,5,-9999.9,-9999.9,-9999.9,-9999.9 
1931,6,-9999.9,-9999.9,-9999.9,-9999.9 
1931,7,-9999.9,-9999.9,-9999.9,-9999.9 
1931,8,-9999.9,-9999.9,-9999.9,-9999.9 
1931,9,-9999.9,-9999.9,-9999.9,-9999.9 
1931,10,-9999.9,-9999.9,-9999.9,-9999.9 
1931,11,-9999.9,-9999.9,-9999.9,-9999.9 
1931,12,-9999.9,-9999.9,-9999.9,-9999.9 
1932,1,-9999.9,-9999.9,-9999.9,-9999.9 
1932,2,-9999.9,-9999.9,-9999.9,-9999.9 
1932,3,-9999.9,-9999.9,-9999.9,-9999.9 
1932,4,-9999.9,-9999.9,-9999.9,-9999.9 
1932,5,-9999.9,-9999.9,-9999.9,-9999.9 
1932,6,-9999.9,-9999.9,-9999.9,-9999.9 
1932,7,-9999.9,-9999.9,-9999.9,-9999.9 
1932,8,-9999.9,-9999.9,-9999.9,-9999.9 
1932,9,-9999.9,-9999.9,-9999.9,-9999.9 
1932,10,-9999.9,-9999.9,-9999.9,-9999.9 
1932,11,-9999.9,-9999.9,-9999.9,-9999.9 
1932,12,-9999.9,-9999.9,-9999.9,-9999.9 
1933,1,-9999.9,-9999.9,-9999.9,-9999.9 
1933,2,-9999.9,-9999.9,-9999.9,-9999.9 
1933,3,-9999.9,-9999.9,-9999.9,-9999.9 
1933,4,-9999.9,-9999.9,-9999.9,-9999.9 
1933,5,-9999.9,-9999.9,-9999.9,-9999.9 
1933,6,-9999.9,-9999.9,-9999.9,-9999.9 
1933,7,-9999.9,-9999.9,-9999.9,-9999.9 
1933,8,-9999.9,-9999.9,-9999.9,-9999.9 
1933,9,-9999.9,-9999.9,-9999.9,-9999.9 
1933,10,-9999.9,-9999.9,-9999.9,-9999.9 
1933,11,-9999.9,-9999.9,-9999.9,-9999.9 
1933,12,-9999.9,-9999.9,-9999.9,-9999.9 
1934,1,-9999.9,-9999.9,-9999.9,-9999.9 
1934,2,-9999.9,-9999.9,-9999.9,-9999.9 
1934,3,-9999.9,-9999.9,-9999.9,-9999.9 
1934,4,-9999.9,-9999.9,-9999.9,-9999.9 
1934,5,-9999.9,-9999.9,-9999.9,-9999.9 
1934,6,-9999.9,-9999.9,-9999.9,-9999.9 
1934,7,-9999.9,-9999.9,-9999.9,-9999.9 
1934,8,-9999.9,-9999.9,-9999.9,-9999.9 
1934,9,-9999.9,-9999.9,-9999.9,-9999.9 
1934,10,-9999.9,-9999.9,-9999.9,-9999.9 
1934,11,-9999.9,-9999.9,-9999.9,-9999.9 
1934,12,-9999.9,-9999.9,-9999.9,-9999.9 
1935,1,-9999.9,-9999.9,-9999.9,-9999.9 
1935,2,-9999.9,-9999.9,-9999.9,-9999.9 
1935,3,-9999.9,-9999.9,-9999.9,-9999.9 
1935,4,-9999.9,-9999.9,-9999.9,-9999.9 
1935,5,-9999.9,-9999.9,-9999.9,-9999.9 
1935,6,-9999.9,-9999.9,-9999.9,-9999.9 
1935,7,-9999.9,-9999.9,-9999.9,-9999.9 
1935,8,-9999.9,-9999.9,-9999.9,-9999.9 
1935,9,-9999.9,-9999.9,-9999.9,-9999.9 
1935,10,-9999.9,-9999.9,-9999.9,-9999.9 
1935,11,-9999.9,-9999.9,-9999.9,-9999.9 
1935,12,-9999.9,-9999.9,-9999.9,-9999.9 
1936,1,-9999.9,-9999.9,-9999.9,-9999.9 
1936,2,-9999.9,-9999.9,-9999.9,-9999.9 
1936,3,-9999.9,-9999.9,-9999.9,-9999.9 
1936,4,-9999.9,-9999.9,-9999.9,-9999.9 
1936,5,-9999.9,-9999.9,-9999.9,-9999.9 
1936,6,-9999.9,-9999.9,-9999.9,-9999.9 
1936,7,-9999.9,-9999.9,-9999.9,-9999.9 
1936,8,-9999.9,-9999.9,-9999.9,-9999.9 
1936,9,-9999.9,-9999.9,-9999.9,-9999.9 
1936,10,-9999.9,-9999.9,-9999.9,-9999.9 
1936,11,-9999.9,-9999.9,-9999.9,-9999.9 
1936,12,-9999.9,-9999.9,-9999.9,-9999.9 
1937,1,-9999.9,-9999.9,-9999.9,-9999.9 
1937,2,-9999.9,-9999.9,-9999.9,-9999.9 
1937,3,-9999.9,-9999.9,-9999.9,-9999.9 
1937,4,-9999.9,-9999.9,-9999.9,-9999.9 
1937,5,-9999.9,-9999.9,-9999.9,-9999.9 
1937,6,-9999.9,-9999.9,-9999.9,-9999.9 
1937,7,-9999.9,-9999.9,-9999.9,-9999.9 
1937,8,-9999.9,-9999.9,-9999.9,-9999.9 
1937,9,-9999.9,-9999.9,-9999.9,-9999.9 
1937,10,-9999.9,-9999.9,-9999.9,-9999.9 
1937,11,-9999.9,-9999.9,-9999.9,-9999.9 
1937,12,-9999.9,-9999.9,-9999.9,-9999.9 
1938,1,-9999.9,-9999.9,-9999.9,-9999.9 
1938,2,-9999.9,-9999.9,-9999.9,-9999.9 
1938,3,-9999.9,-9999.9,-9999.9,-9999.9 
1938,4,-9999.9,-9999.9,-9999.9,-9999.9 
1938,5,-9999.9,-9999.9,-9999.9,-9999.9 
1938,6,-9999.9,-9999.9,-9999.9,-9999.9 
1938,7,-9999.9,-9999.9,-9999.9,-9999.9 
1938,8,-9999.9,-9999.9,-9999.9,-9999.9 
1938,9,-9999.9,-9999.9,-9999.9,-9999.9 
1938,10,-9999.9,-9999.9,-9999.9,-9999.9 
1938,11,-9999.9,-9999.9,-9999.9,-9999.9 
1938,12,-9999.9,-9999.9,-9999.9,-9999.9 
1939,1,-9999.9,-9999.9,-9999.9,-9999.9 
1939,2,-9999.9,-9999.9,-9999.9,-9999.9 
1939,3,-9999.9,-9999.9,-9999.9,-9999.9 
1939,4,-9999.9,-9999.9,-9999.9,-9999.9 
1939,5,-9999.9,-9999.9,-9999.9,-9999.9 
1939,6,-9999.9,-9999.9,-9999.9,-9999.9 
1939,7,-9999.9,-9999.9,-9999.9,-9999.9 
1939,8,-9999.9,-9999.9,-9999.9,-9999.9 
1939,9,-9999.9,-9999.9,-9999.9,-9999.9 
1939,10,-9999.9,-9999.9,-9999.9,-9999.9 
1939,11,-9999.9,-9999.9,-9999.9,-9999.9 
1939,12,-9999.9,-9999.9,-9999.9,-9999.9 
1940,1,-9999.9,-9999.9,-9999.9,-9999.9 
1940,2,-9999.9,-9999.9,-9999.9,-9999.9 
1940,3,-9999.9,-9999.9,-9999.9,-9999.9 
1940,4,-9999.9,-9999.9,-9999.9,-9999.9 
1940,5,-9999.9,-9999.9,-9999.9,-9999.9 
1940,6,-9999.9,-9999.9,-9999.9,-9999.9 
1940,7,-9999.9,-9999.9,-9999.9,-9999.9 
1940,8,-9999.9,-9999.9,-9999.9,-9999.9 
1940,9,-9999.9,-9999.9,-9999.9,-9999.9 
1940,10,-9999.9,-9999.9,-9999.9,-9999.9 
1940,11,-9999.9,-9999.9,-9999.9,-9999.9 
1940,12,-9999.9,-9999.9,-9999.9,-9999.9 
1941,1,-9999.9,-9999.9,-9999.9,-9999.9 
1941,2,-9999.9,-9999.9,-9999.9,-9999.9 
1941,3,-9999.9,-9999.9,-9999.9,-9999.9 
1941,4,-9999.9,-9999.9,-9999.9,-9999.9 
1941,5,-9999.9,-9999.9,-9999.9,-9999.9 
1941,6,-9999.9,-9999.9,-9999.9,-9999.9 
1941,7,-9999.9,-9999.9,-9999.9,-9999.9 
1941,8,-9999.9,-9999.9,-9999.9,-9999.9 
1941,9,-9999.9,-9999.9,-9999.9,-9999.9 
1941,10,-9999.9,-9999.9,-9999.9,-9999.9 
1941,11,-9999.9,-9999.9,-9999.9,-9999.9 
1941,12,-9999.9,-9999.9,-9999.9,-9999.9 
1942,1,-9999.9,-9999.9,-9999.9,-9999.9 
1942,2,-9999.9,-9999.9,-9999.9,-9999.9 
1942,3,-9999.9,-9999.9,-9999.9,-9999.9 
1942,4,-9999.9,-9999.9,-9999.9,-9999.9 
1942,5,-9999.9,-9999.9,-9999.9,-9999.9 
1942,6,-9999.9,-9999.9,-9999.9,-9999.9 
1942,7,-9999.9,-9999.9,-9999.9,-9999.9 
1942,8,-9999.9,-9999.9,-9999.9,-9999.9 
1942,9,-9999.9,-9999.9,-9999.9,-9999.9 
1942,10,-9999.9,-9999.9,-9999.9,-9999.9 
1942,11,-9999.9,-9999.9,-9999.9,-9999.9 
1942,12,-9999.9,-9999.9,-9999.9,-9999.9 
1943,1,-9999.9,-9999.9,-9999.9,-9999.9 
1943,2,-9999.9,-9999.9,-9999.9,-9999.9 
1943,3,-9999.9,-9999.9,-9999.9,-9999.9 
1943,4,-9999.9,-9999.9,-9999.9,-9999.9 
1943,5,-9999.9,-9999.9,-9999.9,-9999.9 
1943,6,-9999.9,-9999.9,-9999.9,-9999.9 
1943,7,-9999.9,-9999.9,-9999.9,-9999.9 
1943,8,-9999.9,-9999.9,-9999.9,-9999.9 
1943,9,-9999.9,-9999.9,-9999.9,-9999.9 
1943,10,-9999.9,-9999.9,-9999.9,-9999.9 
1943,11,-9999.9,-9999.9,-9999.9,-9999.9 
1943,12,-9999.9,-9999.9,-9999.9,-9999.9 
1944,1,-9999.9,-9999.9,-9999.9,-9999.9 
1944,2,-9999.9,-9999.9,-9999.9,-9999.9 
1944,3,-9999.9,-9999.9,-9999.9,-9999.9 
1944,4,-9999.9,-9999.9,-9999.9,-9999.9 
1944,5,-9999.9,-9999.9,-9999.9,-9999.9 
1944,6,-9999.9,-9999.9,-9999.9,-9999.9 
1944,7,-9999.9,-9999.9,-9999.9,-9999.9 
1944,8,-9999.9,-9999.9,-9999.9,-9999.9 
1944,9,-9999.9,-9999.9,-9999.9,-9999.9 
1944,10,-9999.9,-9999.9,-9999.9,-9999.9 
1944,11,-9999.9,-9999.9,-9999.9,-9999.9 
1944,12,-9999.9,-9999.9,-9999.9,-9999.9 
1945,1,-9999.9,-9999.9,-9999.9,-9999.9 
1945,2,-9999.9,-9999.9,-9999.9,-9999.9 
1945,3,-9999.9,-9999.9,-9999.9,-9999.9 
1945,4,-9999.9,-9999.9,-9999.9,-9999.9 
1945,5,-9999.9,-9999.9,-9999.9,-9999.9 
1945,6,-9999.9,-9999.9,-9999.9,-9999.9 
1945,7,-9999.9,-9999.9,-9999.9,-9999.9 
1945,8,-9999.9,-9999.9,-9999.9,-9999.9 
1945,9,-9999.9,-9999.9,-9999.9,-9999.9 
1945,10,-9999.9,-9999.9,-9999.9,-9999.9 
1945,11,-9999.9,-9999.9,-9999.9,-9999.9 
1945,12,-9999.9,-9999.9,-9999.9,-9999.9 
1946,1,-9999.9,-9999.9,-9999.9,-9999.9 
1946,2,-9999.9,-9999.9,-9999.9,-9999.9 
1946,3,-9999.9,-9999.9,-9999.9,-9999.9 
1946,4,-9999.9,-9999.9,-9999.9,-9999.9 
1946,5,-9999.9,-9999.9,-9999.9,-9999.9 
1946,6,-9999.9,-9999.9,-9999.9,-9999.9 
1946,7,-9999.9,-9999.9,-9999.9,-9999.9 
1946,8,-9999.9,-9999.9,-9999.9,-9999.9 
1946,9,-9999.9,-9999.9,-9999.9,-9999.9 
1946,10,-9999.9,-9999.9,-9999.9,-9999.9 
1946,11,-9999.9,-9999.9,-9999.9,-9999.9 
1946,12,-9999.9,-9999.9,-9999.9,-9999.9 
1947,1,-9999.9,-9999.9,-9999.9,-9999.9 
1947,2,-9999.9,-9999.9,-9999.9,-9999.9 
1947,3,-9999.9,-9999.9,-9999.9,-9999.9 
1947,4,-9999.9,-9999.9,-9999.9,-9999.9 
1947,5,-9999.9,-9999.9,-9999.9,-9999.9 
1947,6,-9999.9,-9999.9,-9999.9,-9999.9 
1947,7,-9999.9,-9999.9,-9999.9,-9999.9 
1947,8,-9999.9,-9999.9,-9999.9,-9999.9 
1947,9,-9999.9,-9999.9,-9999.9,-9999.9 
1947,10,-9999.9,-9999.9,-9999.9,-9999.9 
1947,11,-9999.9,-9999.9,-9999.9,-9999.9 
1947,12,-9999.9,-9999.9,-9999.9,-9999.9 
1948,1,-9999.9,-9999.9,40.89,-9999.9 
1948,2,-9999.9,-9999.9,11.73,-9999.9 
1948,3,-9999.9,-9999.9,7.52,-9999.9 
1948,4,-9999.9,-9999.9,-3.52,-9999.9 
1948,5,-9999.9,-9999.9,59.47,-9999.9 
1948,6,-9999.9,-9999.9,127.78,-9999.9 
1948,7,-9999.9,-9999.9,191.68,-9999.9 
1948,8,-9999.9,-9999.9,168.85,-9999.9 
1948,9,-9999.9,-9999.9,138.12,-9999.9 
1948,10,-9999.9,-9999.9,80.23,-9999.9 
1948,11,-9999.9,-9999.9,42.68,-9999.9 
1948,12,-9999.9,-9999.9,35.39,-9999.9 
1949,1,-9999.9,-9999.9,17.66,-9999.9 
1949,2,-9999.9,-9999.9,13.29,-9999.9 
1949,3,-9999.9,-9999.9,13.26,-9999.9 
1949,4,-9999.9,-9999.9,7.17,-9999.9 
1949,5,-9999.9,-9999.9,118.49,-9999.9 
1949,6,-9999.9,-9999.9,137.29,-9999.9 
1949,7,-9999.9,-9999.9,212.64,-9999.9 
1949,8,-9999.9,-9999.9,184.13,-9999.9 
1949,9,-9999.9,-9999.9,137.35,-9999.9 
1949,10,-9999.9,-9999.9,81.57,-9999.9 
1949,11,-9999.9,-9999.9,43.33,-9999.9 
1949,12,-9999.9,-9999.9,17.9,-9999.9 
1950,1,34,-9999.9,18.98,-9999.9 
1950,2,37.07,-9999.9,17.42,-9999.9 
1950,3,49.73,-9999.9,21.92,-9999.9 
1950,4,47.19,-9999.9,5.28,-9999.9 
1950,5,96.01,-9999.9,37.67,-9999.9 
1950,6,173.2,-9999.9,164.69,-9999.9 
1950,7,167.83,-9999.9,165.46,-9999.9 
1950,8,163.97,-9999.9,165.28,-9999.9 
1950,9,127.51,-9999.9,125.54,-9999.9 
1950,10,75.53,-9999.9,75.63,-9999.9 
1950,11,59.49,-9999.9,55.97,-9999.9 
1950,12,38.35,-9999.9,22.18,-9999.9 
1951,1,38.07,-9999.9,15.94,-9999.9 
1951,2,38.49,-9999.9,9.56,-9999.9 
1951,3,35.26,-9999.9,9.51,-9999.9 
1951,4,44.28,-9999.9,-1.36,-9999.9 
1951,5,119.98,-9999.9,51.26,-9999.9 
1951,6,153.34,-9999.9,160.2,-9999.9 
1951,7,177.47,-9999.9,178.64,-9999.9 
1951,8,165.67,-9999.9,172.26,-9999.9 
1951,9,153.35,-9999.9,156.29,-9999.9 
1951,10,80.75,-9999.9,80.86,-9999.9 
1951,11,41.09,-9999.9,40.74,-9999.9 
1951,12,49.5,-9999.9,27.04,-9999.9 
1952,1,32.15,-9999.9,13.3,-9999.9 
1952,2,26.16,-9999.9,11.55,-9999.9 
1952,3,31.41,-9999.9,10.11,-9999.9 
1952,4,55.08,-9999.9,-1.15,-9999.9 
1952,5,120.75,-9999.9,82.38,-9999.9 
1952,6,163.14,-9999.9,168.63,-9999.9 
1952,7,219.29,-9999.9,215.33,-9999.9 
1952,8,164.08,-9999.9,164.37,-9999.9 
1952,9,143.8,-9999.9,145.88,-9999.9 
1952,10,96.59,-9999.9,96.28,-9999.9 
1952,11,37.85,-9999.9,39.8,-9999.9 
1952,12,16.1,-9999.9,12.17,-9999.9 
1953,1,25.78,-9999.9,15.94,-9999.9 
1953,2,28.65,-9999.9,18.7,-9999.9 
1953,3,35.81,-9999.9,8.86,-9999.9 
1953,4,68.62,-9999.9,43.14,-9999.9 
1953,5,105.57,-9999.9,101.97,-9999.9 
1953,6,147.93,-9999.9,152.32,-9999.9 
1953,7,199.4,-9999.9,200.73,-9999.9 
1953,8,169.36,-9999.9,170.01,-9999.9 
1953,9,153.98,-9999.9,153.62,-9999.9 
1953,10,87.98,-9999.9,89.4,-9999.9 
1953,11,46.55,-9999.9,44.18,-9999.9 
1953,12,37.54,-9999.9,30.57,-9999.9 
1954,1,47.21,-9999.9,23.41,-9999.9 
1954,2,22.22,-9999.9,8.35,-9999.9 
1954,3,44.49,-9999.9,14.65,-9999.9 
1954,4,49.29,-9999.9,2.39,-9999.9 
1954,5,118.76,-9999.9,103.84,-9999.9 
1954,6,145.01,-9999.9,151.83,-9999.9 
1954,7,190.29,-9999.9,191.09,-9999.9 
1954,8,185.17,-9999.9,186.53,-9999.9 
1954,9,122.11,-9999.9,123.01,-9999.9 
1954,10,89.78,-9999.9,89.67,-9999.9 
1954,11,32.82,-9999.9,31.67,-9999.9 
1954,12,23.76,-9999.9,22.07,-9999.9 
1955,1,40.98,-9999.9,23.49,-9999.9 
1955,2,32.05,-9999.9,13.05,-9999.9 
1955,3,49.18,-9999.9,13.6,-9999.9 
1955,4,66.4,-9999.9,1.83,-9999.9 
1955,5,139.85,-9999.9,131.9,-9999.9 
1955,6,158.74,-9999.9,162.45,-9999.9 
1955,7,205.13,-9999.9,206.24,-9999.9 
1955,8,202.91,-9999.9,202.94,-9999.9 
1955,9,137.13,-9999.9,140.03,-9999.9 
1955,10,91.57,-9999.9,93.67,-9999.9 
1955,11,47.5,-9999.9,46.08,-9999.9 
1955,12,38.86,-9999.9,23.31,-9999.9 
1956,1,37.22,-9999.9,16.66,-9999.9 
1956,2,31.58,-9999.9,12.74,-9999.9 
1956,3,34.9,-9999.9,13.45,-9999.9 
1956,4,58.15,-9999.9,-0.04,-9999.9 
1956,5,89.44,-9999.9,63.08,-9999.9 
1956,6,156.63,-9999.9,168.72,-9999.9 
1956,7,169.13,-9999.9,170.8,-9999.9 
1956,8,153.15,-9999.9,162.88,-9999.9 
1956,9,135.86,-9999.9,141.85,-9999.9 
1956,10,71.81,-9999.9,82.47,-9999.9 
1956,11,66.04,-9999.9,61.53,-9999.9 
1956,12,14.63,-9999.9,10.08,-9999.9 
1957,1,47.28,-9999.9,23.53,-9999.9 
1957,2,21.76,-9999.9,8.33,-9999.9 
1957,3,31.84,-9999.9,6.94,-9999.9 
1957,4,44.34,-9999.9,0.11,-9999.9 
1957,5,117.64,-9999.9,93.3,-9999.9 
1957,6,155.99,-9999.9,164.08,-9999.9 
1957,7,166.82,-9999.9,182.92,-9999.9 
1957,8,172.18,-9999.9,186.66,-9999.9 
1957,9,126.79,-9999.9,130.65,-9999.9 
1957,10,80.03,-9999.9,83.39,-9999.9 
1957,11,39.36,-9999.9,41.14,-9999.9 
1957,12,23.99,-9999.9,18.08,-9999.9 
1958,1,44.94,-9999.9,27.81,-9999.9 
1958,2,65.37,-9999.9,20.69,-9999.9 
1958,3,31.24,-9999.9,6.87,-9999.9 
1958,4,76.63,-9999.9,3.18,-9999.9 
1958,5,117.57,-9999.9,118.09,-9999.9 
1958,6,140.56,-9999.9,152.62,-9999.9 
1958,7,162.91,-9999.9,177.57,-9999.9 
1958,8,167.3,-9999.9,179.32,-9999.9 
1958,9,123.16,-9999.9,132.56,-9999.9 
1958,10,82.76,-9999.9,89.78,-9999.9 
1958,11,53.12,-9999.9,53.16,-9999.9 
1958,12,52.43,-9999.9,26.72,-9999.9 
1959,1,60.69,-9999.9,14.66,-9999.9 
1959,2,46.17,-9999.9,12.59,-9999.9 
1959,3,35.37,-9999.9,13.57,-9999.9 
1959,4,57.93,-9999.9,-1.27,-9999.9 
1959,5,98.66,-9999.9,12.08,-9999.9 
1959,6,172.64,-9999.9,175.17,-9999.9 
1959,7,185.62,-9999.9,194.08,-9999.9 
1959,8,168.66,-9999.9,177.75,-9999.9 
1959,9,146.93,-9999.9,149.72,-9999.9 
1959,10,92.51,-9999.9,93.41,-9999.9 
1959,11,38.54,-9999.9,39.13,-9999.9 
1959,12,14.02,-9999.9,11.44,-9999.9 
1960,1,28.93,-9999.9,18.2,-9999.9 
1960,2,36.84,-9999.9,18.58,-9999.9 
1960,3,52.41,-9999.9,19.23,-9999.9 
1960,4,46.77,-9999.9,-0.61,-9999.9 
1960,5,98.86,-9999.9,60.89,-9999.9 
1960,6,147.74,-9999.9,156.84,-9999.9 
1960,7,183.51,-9999.9,191.04,-9999.9 
1960,8,161.79,-9999.9,168.84,-9999.9 
1960,9,138.54,-9999.9,143.17,-9999.9 
1960,10,81.41,-9999.9,89.43,-9999.9 
1960,11,38.75,-9999.9,38.26,-9999.9 
1960,12,58.28,-9999.9,38.23,-9999.9 
1961,1,46.43,-9999.9,14.63,-9999.9 
1961,2,27.23,-9999.9,6.5,-9999.9 
1961,3,35.42,-9999.9,8.4,-9999.9 
1961,4,51.56,-9999.9,1.66,-9999.9 
1961,5,108.04,-9999.9,62.17,-9999.9 
1961,6,136.66,-9999.9,152.82,-9999.9 
1961,7,167.08,-9999.9,184.28,-9999.9 
1961,8,168.33,-9999.9,168.1,-9999.9 
1961,9,153.98,-9999.9,158.71,-9999.9 
1961,10,79.83,-9999.9,83.39,-9999.9 
1961,11,44.55,-9999.9,43.77,-9999.9 
1961,12,35.72,-9999.9,27.41,-9999.9 
1962,1,64.97,-9999.9,23.6,-9999.9 
1962,2,43.57,-9999.9,10.58,-9999.9 
1962,3,38.51,-9999.9,6.61,-9999.9 
1962,4,52.22,-9999.9,1.28,-9999.9 
1962,5,123.36,-9999.9,57.13,-9999.9 
1962,6,148.32,-9999.9,158.44,-9999.9 
1962,7,188.29,-9999.9,194.11,-9999.9 
1962,8,148.81,-9999.9,161.73,-9999.9 
1962,9,144.36,-9999.9,147.84,-9999.9 
1962,10,74.09,-9999.9,79.64,-9999.9 
1962,11,23.24,-9999.9,25.6,-9999.9 
1962,12,52.08,-9999.9,33.34,-9999.9 
1963,1,70.78,-9999.9,14.78,-9999.9 
1963,2,61,-9999.9,9.7,-9999.9 
1963,3,26.76,-9999.9,8.28,-9999.9 
1963,4,68.9,-9999.9,-0.18,-9999.9 
1963,5,104.28,-9999.9,14.55,-9999.9 
1963,6,144.15,-9999.9,155.29,-9999.9 
1963,7,200.72,-9999.9,211.72,-9999.9 
1963,8,173,-9999.9,180.51,-9999.9 
1963,9,121.27,-9999.9,129.04,-9999.9 
1963,10,76.14,-9999.9,82.64,-9999.9 
1963,11,47.4,-9999.9,46.36,-9999.9 
1963,12,49.29,-9999.9,32.38,-9999.9 
1964,1,37.78,-9999.9,14.95,-9999.9 
1964,2,32.6,-9999.9,12.82,-9999.9 
1964,3,40.2,-9999.9,11.61,-9999.9 
1964,4,46.78,-9999.9,0.1,-9999.9 
1964,5,136.43,-9999.9,84.06,-9999.9 
1964,6,130.57,-9999.9,139.48,-9999.9 
1964,7,209.49,-9999.9,211.64,-9999.9 
1964,8,153.87,-9999.9,161.75,-9999.9 
1964,9,140.86,-9999.9,135.7,-9999.9 
1964,10,68.39,-9999.9,72.18,-9999.9 
1964,11,49.13,-9999.9,46.45,-9999.9 
1964,12,31.3,-9999.9,20.44,-9999.9 
1965,1,54.15,-9999.9,23.74,-9999.9 
1965,2,54.82,-9999.9,16.95,-9999.9 
1965,3,40.76,-9999.9,15.66,-9999.9 
1965,4,40.54,-9999.9,1.31,-9999.9 
1965,5,122.89,-9999.9,28.66,-9999.9 
1965,6,155.19,-9999.9,158.56,-9999.9 
1965,7,168.06,-9999.9,190.13,-9999.9 
1965,8,150.24,-9999.9,158.93,-9999.9 
1965,9,111.19,-9999.9,112.43,-9999.9 
1965,10,81.49,-9999.9,85.85,-9999.9 
1965,11,34.31,-9999.9,39.8,-9999.9 
1965,12,13.06,-9999.9,13.43,-9999.9 
1966,1,61.22,-9999.9,31.42,-9999.9 
1966,2,34.2,-9999.9,10.87,-9999.9 
1966,3,35.9,-9999.9,10.58,-9999.9 
1966,4,48.95,-9999.9,1.99,-9999.9 
1966,5,95.06,-9999.9,88.16,-9999.9 
1966,6,108.48,-9999.9,141.48,-9999.9 
1966,7,191.33,-9999.9,215.31,-9999.9 
1966,8,149.87,-9999.9,165.6,-9999.9 
1966,9,135.59,-9999.9,150.48,-9999.9 
1966,10,73.69,-9999.9,76.72,-9999.9 
1966,11,28.8,-9999.9,31.26,-9999.9 
1966,12,27.12,-9999.9,23.93,-9999.9 
1967,1,34.16,-9999.9,19.22,-9999.9 
1967,2,54.38,-9999.9,22.33,-9999.9 
1967,3,28.88,-9999.9,10.22,-9999.9 
1967,4,62.83,-9999.9,-0.9,-9999.9 
1967,5,99.4,-9999.9,81.68,-9999.9 
1967,6,135.45,-9999.9,151.53,-9999.9 
1967,7,161.42,-9999.9,166.76,-9999.9 
1967,8,164.22,-9999.9,183.33,-9999.9 
1967,9,118.72,-9999.9,133.78,-9999.9 
1967,10,67.8,-9999.9,71.01,-9999.9 
1967,11,33.88,-9999.9,34.78,-9999.9 
1967,12,17.53,-9999.9,15.49,-9999.9 
1968,1,49.5,-9999.9,22.6,-9999.9 
1968,2,58.83,-9999.9,18.59,-9999.9 
1968,3,30.81,-9999.9,10.71,-9999.9 
1968,4,67.91,-9999.9,-0.83,-9999.9 
1968,5,101.87,-9999.9,79.58,-9999.9 
1968,6,132.52,-9999.9,145.55,-9999.9 
1968,7,177.99,-9999.9,196.47,-9999.9 
1968,8,164.19,-9999.9,179.02,-9999.9 
1968,9,119.62,-9999.9,125.35,-9999.9 
1968,10,92.77,-9999.9,98.51,-9999.9 
1968,11,33.01,-9999.9,33.85,-9999.9 
1968,12,47.29,-9999.9,34.7,-9999.9 
1969,1,50.77,-9999.9,18.07,-9999.9 
1969,2,31.08,-9999.9,13.67,-9999.9 
1969,3,43.64,-9999.9,16.03,-9999.9 
1969,4,49.93,-9999.9,-2.08,-9999.9 
1969,5,86.17,-9999.9,66.16,-9999.9 
1969,6,131.38,-9999.9,136.73,-9999.9 
1969,7,179.58,-9999.9,178.54,-9999.9 
1969,8,165.88,-9999.9,184.68,-9999.9 
1969,9,141,-9999.9,149.13,-9999.9 
1969,10,85.05,-9999.9,87.26,-9999.9 
1969,11,33.35,-9999.9,34.97,-9999.9 
1969,12,35.63,-9999.9,24.65,-9999.9 
1970,1,62.65,-9999.9,21.1,-9999.9 
1970,2,52.58,-9999.9,15.59,-9999.9 
1970,3,32.32,-9999.9,11.47,-9999.9 
1970,4,33.46,-9999.9,1.03,-9999.9 
1970,5,114,-9999.9,25.18,-9999.9 
1970,6,145.05,-9999.9,162.24,-9999.9 
1970,7,155.95,-9999.9,163.07,-9999.9 
1970,8,171.96,-9999.9,193.25,-9999.9 
1970,9,130.51,-9999.9,136.95,-9999.9 
1970,10,65.68,-9999.9,69.06,-9999.9 
1970,11,55.56,-9999.9,52.91,-9999.9 
1970,12,32.31,-9999.9,25.94,-9999.9 
1971,1,73.08,-9999.9,27.42,-9999.9 
1971,2,44.49,-9999.9,10.15,-9999.9 
1971,3,37.86,-9999.9,13.15,-9999.9 
1971,4,51.08,-9999.9,3.24,-9999.9 
1971,5,91.14,-9999.9,32.33,-9999.9 
1971,6,118.98,-9999.9,136.67,-9999.9 
1971,7,194.44,-9999.9,212.58,-9999.9 
1971,8,150.66,-9999.9,165.44,-9999.9 
1971,9,113.42,-9999.9,118.16,-9999.9 
1971,10,79.6,-9999.9,80.7,-9999.9 
1971,11,73.23,-9999.9,73.34,-9999.9 
1971,12,13.95,-9999.9,13.78,-9999.9 
1972,1,57.15,-9999.9,33.09,-9999.9 
1972,2,44.1,-9999.9,18.72,-9999.9 
1972,3,44.74,-9999.9,14.49,-9999.9 
1972,4,48.32,-9999.9,4.83,-9999.9 
1972,5,101.43,-9999.9,53.19,-9999.9 
1972,6,140.87,-9999.9,143.8,-9999.9 
1972,7,178.94,-9999.9,166.02,-9999.9 
1972,8,157.95,-9999.9,159.41,-9999.9 
1972,9,136.26,-9999.9,139.4,-9999.9 
1972,10,84.26,-9999.9,86.49,-9999.9 
1972,11,27.71,-9999.9,28.65,-9999.9 
1972,12,25.42,-9999.9,18.76,-9999.9 
1973,1,40.79,-9999.9,24.05,-9999.9 
1973,2,42.49,-9999.9,15.56,-9999.9 
1973,3,24.45,-9999.9,3.8,-9999.9 
1973,4,62.46,-9999.9,6.4,-9999.9 
1973,5,75.82,-9999.9,69.53,-9999.9 
1973,6,134.91,-9999.9,149.73,-9999.9 
1973,7,162.6,-9999.9,178.86,-9999.9 
1973,8,141.71,-9999.9,155.64,-9999.9 
1973,9,137.82,-9999.9,144.85,-9999.9 
1973,10,75.29,-9999.9,82.21,-9999.9 
1973,11,41.84,-9999.9,42.92,-9999.9 
1973,12,43.5,-9999.9,30.9,-9999.9 
1974,1,33.04,-9999.9,13.47,-9999.9 
1974,2,53.1,-9999.9,16.39,-9999.9 
1974,3,34.93,-9999.9,11.36,-9999.9 
1974,4,37.36,-9999.9,0.31,-9999.9 
1974,5,85.93,-9999.9,54.49,-9999.9 
1974,6,134.59,-9999.9,144.75,-9999.9 
1974,7,171.05,-9999.9,183.71,-9999.9 
1974,8,148.87,-9999.9,154.6,-9999.9 
1974,9,118.24,-9999.9,128.23,-9999.9 
1974,10,60.91,-9999.9,66.61,-9999.9 
1974,11,42.34,-9999.9,43.96,-9999.9 
1974,12,16.61,-9999.9,15.43,-9999.9 
1975,1,32.02,-9999.9,22.8,-9999.9 
1975,2,32.42,-9999.9,18.78,-9999.9 
1975,3,39.19,-9999.9,18.05,-9999.9 
1975,4,39.76,-9999.9,9.85,-9999.9 
1975,5,85.33,-9999.9,65.24,-9999.9 
1975,6,138.1,-9999.9,136.63,-9999.9 
1975,7,177.63,-9999.9,186.36,-9999.9 
1975,8,149.15,-9999.9,159.3,-9999.9 
1975,9,116.1,-9999.9,118.99,-9999.9 
1975,10,75.92,-9999.9,78.31,-9999.9 
1975,11,38.53,-9999.9,39.76,-9999.9 
1975,12,33.07,-9999.9,26.35,-9999.9 
1976,1,63.14,-9999.9,27.82,-9999.9 
1976,2,36.14,-9999.9,11.56,-9999.9 
1976,3,36.14,-9999.9,11.38,-9999.9 
1976,4,67.77,-9999.9,1.66,-9999.9 
1976,5,80.75,-9999.9,69.62,-9999.9 
1976,6,140.31,-9999.9,153.92,-9999.9 
1976,7,168.09,-9999.9,172.59,-9999.9 
1976,8,151.49,-9999.9,163.84,-9999.9 
1976,9,115.38,-9999.9,127.59,-9999.9 
1976,10,79.47,-9999.9,83.63,-9999.9 
1976,11,36.35,-9999.9,34.87,-9999.9 
1976,12,66.19,-9999.9,30.71,-9999.9 
1977,1,94.33,-9999.9,11.98,-9999.9 
1977,2,38.98,-9999.9,9.68,-9999.9 
1977,3,30.31,-9999.9,5.05,-9999.9 
1977,4,61.28,-9999.9,1.32,-9999.9 
1977,5,112.29,-9999.9,9.34,-9999.9 
1977,6,142.7,-9999.9,144.57,-9999.9 
1977,7,177.4,-9999.9,193.54,-9999.9 
1977,8,147.62,-9999.9,149.62,-9999.9 
1977,9,121.1,-9999.9,121.3,-9999.9 
1977,10,76.79,-9999.9,79.43,-9999.9 
1977,11,48.52,-9999.9,50.29,-9999.9 
1977,12,41.46,-9999.9,28.48,-9999.9 
1978,1,65.38,-9999.9,22.15,-9999.9 
1978,2,50.26,-9999.9,6.84,-9999.9 
1978,3,35.33,-9999.9,8.46,-9999.9 
1978,4,52.38,-9999.9,1.85,-9999.9 
1978,5,73.5,-9999.9,-2.94,-9999.9 
1978,6,146.55,-9999.9,132.24,-9999.9 
1978,7,176.71,-9999.9,190.63,-9999.9 
1978,8,139.45,-9999.9,148.11,-9999.9 
1978,9,133.42,-9999.9,138.11,-9999.9 
1978,10,74.05,-9999.9,75.71,-9999.9 
1978,11,42.16,-9999.9,43.34,-9999.9 
1978,12,25.78,-9999.9,22.6,-9999.9 
1979,1,58.26,-9999.9,24.83,-9999.9 
1979,2,68.44,-9999.9,10.94,-9999.9 
1979,3,26.04,-9999.9,7.23,-9999.9 
1979,4,44.27,-9999.9,3.64,-9999.9 
1979,5,94.88,-9999.9,9.36,-9999.9 
1979,6,129.45,-9999.9,140.35,-9999.9 
1979,7,149.72,-9999.9,159.59,-9999.9 
1979,8,145.26,-9999.9,154.95,-9999.9 
1979,9,120.78,-9999.9,129.3,-9999.9 
1979,10,82.67,-9999.9,84.28,-9999.9 
1979,11,36.23,-9999.9,36.77,-9999.9 
1979,12,18.41,-9999.9,18.18,-9999.9 
1980,1,39.83,-9999.9,25.79,-9999.9 
1980,2,48.18,-9999.9,19.14,-9999.9 
1980,3,31.53,-9999.9,11.3,-9999.9 
1980,4,47.08,-9999.9,-0.55,-9999.9 
1980,5,88.18,-9999.9,58.22,-9999.9 
1980,6,134.51,-9999.9,145.87,-9999.9 
1980,7,163.62,-9999.9,170.2,-9999.9 
1980,8,149.57,-9999.9,157.75,-9999.9 
1980,9,144.82,-9999.9,149.2,-9999.9 
1980,10,85.97,-9999.9,89.67,-9999.9 
1980,11,29.11,-9999.9,29.73,-9999.9 
1980,12,39.86,-9999.9,28.51,-9999.9 
1981,1,51.51,-9999.9,17.84,-9999.9 
1981,2,36.38,-9999.9,7.43,-9999.9 
1981,3,32.55,-9999.9,11.41,-9999.9 
1981,4,62.21,-9999.9,-1.74,-9999.9 
1981,5,87.18,-9999.9,42.83,-9999.9 
1981,6,141.23,-9999.9,158.12,-9999.9 
1981,7,172.93,-9999.9,183.08,-9999.9 
1981,8,140.2,-9999.9,152.4,-9999.9 
1981,9,133.74,-9999.9,135.45,-9999.9 
1981,10,61.71,-9999.9,64.08,-9999.9 
1981,11,37.11,-9999.9,37.94,-9999.9 
1981,12,29.6,-9999.9,25.46,-9999.9 
1982,1,86.69,-9999.9,29.01,-9999.9 
1982,2,42.98,-9999.9,9.18,-9999.9 
1982,3,30.57,-9999.9,7.18,-9999.9 
1982,4,60.89,-9999.9,8.32,-9999.9 
1982,5,81.34,-9999.9,0.5,-9999.9 
1982,6,141.74,-9999.9,133.31,-9999.9 
1982,7,155.17,-9999.9,169.71,-9999.9 
1982,8,156.4,-9999.9,165.89,-9999.9 
1982,9,98.21,-9999.9,102.96,-9999.9 
1982,10,84.5,-9999.9,87.54,-9999.9 
1982,11,42,-9999.9,42.67,-9999.9 
1982,12,19.41,-9999.9,17.68,-9999.9 
1983,1,26.97,-9999.9,20.41,-9999.9 
1983,2,20.71,-9999.9,11.79,-9999.9 
1983,3,36.36,-9999.9,12.39,-9999.9 
1983,4,39.98,-9999.9,37.15,-9999.9 
1983,5,95.36,-9999.9,108.57,-9999.9 
1983,6,121.98,-9999.9,138.39,-9999.9 
1983,7,177.67,-9999.9,190.08,-9999.9 
1983,8,159.89,-9999.9,171.38,-9999.9 
1983,9,139.97,-9999.9,150.23,-9999.9 
1983,10,86.39,-9999.9,91.18,-9999.9 
1983,11,36.61,-9999.9,37.31,-9999.9 
1983,12,60.99,-9999.9,35.8,-9999.9 
1984,1,45.84,-9999.9,11.91,-9999.9 
1984,2,27.78,-9999.9,8.23,-9999.9 
1984,3,36.33,-9999.9,12.07,-9999.9 
1984,4,41.63,-9999.9,-0.64,-9999.9 
1984,5,92,-9999.9,9.07,-9999.9 
1984,6,133.45,-9999.9,137.8,-9999.9 
1984,7,152.69,-9999.9,170.24,-9999.9 
1984,8,157.07,-9999.9,166.27,-9999.9 
1984,9,114.94,-9999.9,121.41,-9999.9 
1984,10,61.33,-9999.9,65.33,-9999.9 
1984,11,44.97,-9999.9,45.53,-9999.9 
1984,12,18.61,-9999.9,17,-9999.9 
1985,1,63.41,-9999.9,32.13,-9999.9 
1985,2,39.05,-9999.9,11.79,-9999.9 
1985,3,28.63,-9999.9,7.43,-9999.9 
1985,4,45.83,-9999.9,-0.47,-9999.9 
1985,5,108.43,-9999.9,79.83,-9999.9 
1985,6,131.44,-9999.9,137.6,-9999.9 
1985,7,157.84,-9999.9,172.73,-9999.9 
1985,8,139.74,-9999.9,157.25,-9999.9 
1985,9,119.39,-9999.9,128.69,-9999.9 
1985,10,76.27,-9999.9,77.85,-9999.9 
1985,11,40.26,-9999.9,41.76,-9999.9 
1985,12,54.56,-9999.9,34.76,-9999.9 
1986,1,39.78,-9999.9,15.21,-9999.9 
1986,2,33.08,-9999.9,9.03,-9999.9 
1986,3,26.87,-9999.9,5.95,-9999.9 
1986,4,52.45,-9999.9,-0.78,-9999.9 
1986,5,80.97,-9999.9,27.41,-9999.9 
1986,6,146.96,-9999.9,158.26,-9999.9 
1986,7,162.02,-9999.9,172.12,-9999.9 
1986,8,164.83,-9999.9,176.01,-9999.9 
1986,9,80.67,-9999.9,88.72,-9999.9 
1986,10,88.69,-9999.9,89.9,-9999.9 
1986,11,42.7,-9999.9,42.71,-9999.9 
1986,12,18.08,-9999.9,16.69,-9999.9 
1987,1,29.65,-9999.9,19.86,-9999.9 
1987,2,28.07,-9999.9,15.52,-9999.9 
1987,3,31.32,-9999.9,9.9,-9999.9 
1987,4,53.92,-9999.9,18.47,-9999.9 
1987,5,79.89,-9999.9,87.3,-9999.9 
1987,6,165.8,-9999.9,178.86,-9999.9 
1987,7,173.06,-9999.9,177.91,-9999.9 
1987,8,175.36,-9999.9,181.14,-9999.9 
1987,9,100.84,-9999.9,115.03,-9999.9 
1987,10,71.89,-9999.9,77.51,-9999.9 
1987,11,32.74,-9999.9,35.74,-9999.9 
1987,12,17.2,-9999.9,16.91,-9999.9 
1988,1,44.57,-9999.9,25.78,-9999.9 
1988,2,47.83,-9999.9,16.97,-9999.9 
1988,3,25.68,-9999.9,9.43,-9999.9 
1988,4,57.91,-9999.9,0.06,-9999.9 
1988,5,78.98,-9999.9,57.57,-9999.9 
1988,6,163.13,-9999.9,186.85,-9999.9 
1988,7,147.32,-9999.9,167.76,-9999.9 
1988,8,184.35,-9999.9,190.03,-9999.9 
1988,9,103.47,-9999.9,120.41,-9999.9 
1988,10,85.83,-9999.9,87.39,-9999.9 
1988,11,20,-9999.9,23.04,-9999.9 
1988,12,35.5,-9999.9,27.74,-9999.9 
1989,1,22.23,-9999.9,14.72,-9999.9 
1989,2,45.85,-9999.9,17.44,-9999.9 
1989,3,33.81,-9999.9,10.43,-9999.9 
1989,4,45.75,-9999.9,0.97,-9999.9 
1989,5,79.11,-9999.9,56.03,-9999.9 
1989,6,129.5,-9999.9,127.34,-9999.9 
1989,7,157.01,-9999.9,175.09,-9999.9 
1989,8,152.82,-9999.9,160.28,-9999.9 
1989,9,129.14,-9999.9,130.34,-9999.9 
1989,10,57.24,-9999.9,62.9,-9999.9 
1989,11,46.21,-9999.9,47.76,-9999.9 
1989,12,43.48,-9999.9,24.31,-9999.9 
1990,1,10.91,-9999.9,9.21,-9999.9 
1990,2,23.12,-9999.9,10.85,-9999.9 
1990,3,29.65,-9999.9,5.58,-9999.9 
1990,4,32.5,-9999.9,0.31,-9999.9 
1990,5,108.56,-9999.9,76.08,-9999.9 
1990,6,117.27,-9999.9,130.61,-9999.9 
1990,7,158.16,-9999.9,166.48,-9999.9 
1990,8,136.72,-9999.9,144.07,-9999.9 
1990,9,128.4,-9999.9,134.51,-9999.9 
1990,10,76.39,-9999.9,80.39,-9999.9 
1990,11,31,-9999.9,33.61,-9999.9 
1990,12,26.45,-9999.9,23.19,-9999.9 
1991,1,39.09,-9999.9,20.07,-9999.9 
1991,2,21.78,-9999.9,9.46,-9999.9 
1991,3,27.73,-9999.9,7.46,-9999.9 
1991,4,43.59,-9999.9,-0.42,-9999.9 
1991,5,82.43,-9999.9,68.8,-9999.9 
1991,6,170.87,-9999.9,176.79,-9999.9 
1991,7,194.4,-9999.9,195.91,-9999.9 
1991,8,141.03,-9999.9,145.33,-9999.9 
1991,9,147.39,-9999.9,151.06,-9999.9 
1991,10,59.31,-9999.9,61.85,-9999.9 
1991,11,43.01,-9999.9,41.63,-9999.9 
1991,12,23.31,-9999.9,19.52,-9999.9 
1992,1,36.39,-9999.9,20.09,-9999.9 
1992,2,25.41,-9999.9,11.77,-9999.9 
1992,3,34.73,-9999.9,14.53,-9999.9 
1992,4,43.1,-9999.9,2.53,-9999.9 
1992,5,99.14,-9999.9,81.24,-9999.9 
1992,6,126.1,-9999.9,132.09,-9999.9 
1992,7,157.48,-9999.9,157.19,-9999.9 
1992,8,138.82,-9999.9,143.62,-9999.9 
1992,9,122.15,-9999.9,126.3,-9999.9 
1992,10,70.03,-9999.9,73.58,-9999.9 
1992,11,28.79,-9999.9,29.93,-9999.9 
1992,12,27.81,-9999.9,25.52,-9999.9 
1993,1,37.81,-9999.9,24.88,-9999.9 
1993,2,54.72,-9999.9,26.47,-9999.9 
1993,3,31.87,-9999.9,13.78,-9999.9 
1993,4,48.68,-9999.9,-1.22,-9999.9 
1993,5,104.97,-9999.9,35.14,-9999.9 
1993,6,126.06,-9999.9,127.91,-9999.9 
1993,7,168.22,-9999.9,171.21,-9999.9 
1993,8,145.91,-9999.9,146.98,-9999.9 
1993,9,135.42,-9999.9,135.92,-9999.9 
1993,10,67.79,-9999.9,73.14,-9999.9 
1993,11,31.18,-9999.9,31.02,-9999.9 
1993,12,37.68,-9999.9,27.04,-9999.9 
1994,1,71.21,-9999.9,22.38,-9999.9 
1994,2,57,-9999.9,9.42,-9999.9 
1994,3,29.7,-9999.9,10.36,-9999.9 
1994,4,52.97,-9999.9,0.74,-9999.9 
1994,5,91.19,-9999.9,12.29,-9999.9 
1994,6,145.98,-9999.9,157.36,-9999.9 
1994,7,163.61,-9999.9,166.98,-9999.9 
1994,8,149.21,-9999.9,159.54,-9999.9 
1994,9,119.84,-9999.9,129.81,-9999.9 
1994,10,73.96,-9999.9,79.63,-9999.9 
1994,11,50.15,-9999.9,52.55,-9999.9 
1994,12,16.13,-9999.9,14.78,-9999.9 
1995,1,37.05,-9999.9,23.87,-9999.9 
1995,2,50.88,-9999.9,23.62,-9999.9 
1995,3,33.72,-9999.9,6.8,-9999.9 
1995,4,50.11,-9999.9,3.23,-9999.9 
1995,5,79.61,-9999.9,48.49,-9999.9 
1995,6,115.33,-9999.9,133.31,-9999.9 
1995,7,166.31,-9999.9,177.97,-9999.9 
1995,8,151.82,-9999.9,165.26,-9999.9 
1995,9,124.56,-9999.9,134.27,-9999.9 
1995,10,81.45,-9999.9,84.2,-9999.9 
1995,11,42.37,-9999.9,43.26,-9999.9 
1995,12,44.16,-9999.9,29.45,-9999.9 
1996,1,48.7,-9999.9,18.46,-9999.9 
1996,2,44.77,-9999.9,9.88,-9999.9 
1996,3,48.08,-9999.9,15.32,-9999.9 
1996,4,46.14,-9999.9,3.46,-9999.9 
1996,5,86.27,-9999.9,-3.09,-9999.9 
1996,6,109.71,-9999.9,78.72,-9999.9 
1996,7,182.31,-9999.9,188.74,-9999.9 
1996,8,154.15,-9999.9,157.64,-9999.9 
1996,9,136.08,-9999.9,140.36,-9999.9 
1996,10,77.39,-9999.9,77.56,-9999.9 
1996,11,40.89,-9999.9,42.68,-9999.9 
1996,12,21.56,-9999.9,12.98,-9999.9 
1997,1,59.43,-9999.9,22.76,-9999.9 
1997,2,24.95,-9999.9,8.46,-9999.9 
1997,3,29.28,-9999.9,10.79,-9999.9 
1997,4,51.17,-9999.9,1.66,-9999.9 
1997,5,95.87,-9999.9,75.58,-9999.9 
1997,6,121.2,-9999.9,120.82,-9999.9 
1997,7,192.81,-9999.9,194.13,-9999.9 
1997,8,146.34,-9999.9,150.34,-9999.9 
1997,9,118.55,-9999.9,122.94,-9999.9 
1997,10,92.04,-9999.9,94.73,-9999.9 
1997,11,29.5,-9999.9,27.27,-9999.9 
1997,12,15.46,-9999.9,14.09,-9999.9 
1998,1,16.36,-9999.9,10.41,-9999.9 
1998,2,7.99,-9999.9,4.96,-9999.9 
1998,3,28.93,-9999.9,17.59,-9999.9 
1998,4,70.17,-9999.9,69.87,-9999.9 
1998,5,106.23,-9999.9,106.33,-9999.9 
1998,6,135.05,-9999.9,131.31,-9999.9 
1998,7,194.72,-9999.9,203.35,-9999.9 
1998,8,150.73,-9999.9,157.42,-9999.9 
1998,9,133.22,-9999.9,137.7,-9999.9 
1998,10,84.73,-9999.9,88.59,-9999.9 
1998,11,37.54,-9999.9,37.55,-9999.9 
1998,12,43.03,-9999.9,34.33,-9999.9 
1999,1,58.47,-9999.9,21.27,-9999.9 
1999,2,24.82,-9999.9,8.64,-9999.9 
1999,3,39.43,-9999.9,11.89,-9999.9 
1999,4,62.2,-9999.9,-0.99,-9999.9 
1999,5,100.96,-9999.9,91.16,-9999.9 
1999,6,146.73,-9999.9,151.31,-9999.9 
1999,7,176.73,-9999.9,187.13,-9999.9 
1999,8,181.33,-9999.9,198.53,-9999.9 
1999,9,126.7,-9999.9,126.12,-9999.9 
1999,10,78.14,-9999.9,83.2,-9999.9 
1999,11,40.44,-9999.9,44.83,-9999.9 
1999,12,34.16,-9999.9,25.87,-9999.9 
2000,1,49.23,-9999.9,22.36,-9999.9 
2000,2,28.35,-9999.9,8.46,-9999.9 
2000,3,38.19,-9999.9,4.25,-9999.9 
2000,4,59.66,-9999.9,12.53,-9999.9 
2000,5,103.2,-9999.9,100.05,-9999.9 
2000,6,138.09,-9999.9,139.82,-9999.9 
2000,7,152.32,-9999.9,158.03,-9999.9 
2000,8,145.39,-9999.9,149.76,-9999.9 
2000,9,140.86,-9999.9,150.32,-9999.9 
2000,10,61.17,-9999.9,65.04,-9999.9 
2000,11,50.19,-9999.9,49.2,-9999.9 
2000,12,58.25,-9999.9,31.23,-9999.9 
2001,1,32.42,-9999.9,10.78,-9999.9 
2001,2,36.24,-9999.9,14.38,-9999.9 
2001,3,31.97,-9999.9,11.91,-9999.9 
2001,4,55.55,-9999.9,-1.98,-9999.9 
2001,5,110.01,-9999.9,21.92,-9999.9 
2001,6,122.92,-9999.9,117.25,-9999.9 
2001,7,183.24,-9999.9,194.88,-9999.9 
2001,8,171.67,-9999.9,174.21,-9999.9 
2001,9,132.4,-9999.9,139.08,-9999.9 
2001,10,74.81,-9999.9,75.95,-9999.9 
2001,11,25.07,-9999.9,26.11,-9999.9 
2001,12,38.06,-9999.9,34.1,-9999.9 
2002,1,20.25,-9999.9,13.02,-9999.9 
2002,2,29.58,-9999.9,18.27,-9999.9 
2002,3,34.85,-9999.9,18.41,-9999.9 
2002,4,56.14,-9999.9,24.19,-9999.9 
2002,5,81.03,-9999.9,80.13,-9999.9 
2002,6,136.62,-9999.9,133.73,-9999.9 
2002,7,185.47,-9999.9,200.39,-9999.9 
2002,8,174.04,-9999.9,184.38,-9999.9 
2002,9,131.64,-9999.9,143.88,-9999.9 
2002,10,94.77,-9999.9,101.4,-9999.9 
2002,11,30.23,-9999.9,30.24,-9999.9 
2002,12,26.76,-9999.9,20.5,-9999.9 
2003,1,65.24,-9999.9,26.44,-9999.9 
2003,2,53.39,-9999.9,11.46,-9999.9 
2003,3,36.88,-9999.9,6.41,-9999.9 
2003,4,49.51,-9999.9,0.6,-9999.9 
2003,5,100.15,-9999.9,7.98,-9999.9 
2003,6,138,-9999.9,120.45,-9999.9 
2003,7,183.62,-9999.9,182.36,-9999.9 
2003,8,170.98,-9999.9,173.4,-9999.9 
2003,9,145.26,-9999.9,139.49,-9999.9 
2003,10,64.82,-9999.9,66.95,-9999.9 
2003,11,38.58,-9999.9,38.02,-9999.9 
2003,12,20.38,-9999.9,19.79,-9999.9 
2004,1,66.17,-9999.9,32.07,-9999.9 
2004,2,26.71,-9999.9,9.52,-9999.9 
2004,3,31.26,-9999.9,6.89,-9999.9 
2004,4,64.19,-9999.9,-0.24,-9999.9 
2004,5,100.92,-9999.9,46.91,-9999.9 
2004,6,155.86,-9999.9,152.5,-9999.9 
2004,7,163.46,-9999.9,160.05,-9999.9 
2004,8,147.5,-9999.9,145.66,-9999.9 
2004,9,140.61,-9999.9,144.72,-9999.9 
2004,10,71.55,-9999.9,75.13,-9999.9 
2004,11,44.76,-9999.9,52.05,-9999.9 
2004,12,38.02,-9999.9,37.4,-9999.9 
2005,1,44.12,-9999.9,20.28,-9999.9 
2005,2,21.41,-9999.9,8.31,-9999.9 
2005,3,25.08,-9999.9,13.84,-9999.9 
2005,4,60.18,-9999.9,0.16,-9999.9 
2005,5,74.01,-9999.9,18.54,-9999.9 
2005,6,126.93,-9999.9,136.9,-9999.9 
2005,7,200.49,-9999.9,204.01,-9999.9 
2005,8,158.57,-9999.9,169.3,-9999.9 
2005,9,139.55,-9999.9,157.44,-9999.9 
2005,10,81.49,-9999.9,89.33,-9999.9 
2005,11,44.6,-9999.9,57.11,-9999.9 
2005,12,30.62,-9999.9,29.8,-9999.9 
2006,1,10.93,-9999.9,11.93,-9999.9 
2006,2,36.7,-9999.9,28.8,-9999.9 
2006,3,25.01,-9999.9,18.05,-9999.9 
2006,4,52.71,-9999.9,-1.28,-9999.9 
2006,5,74.76,-9999.9,53.02,-9999.9 
2006,6,150.03,-9999.9,158.27,-9999.9 
2006,7,153.71,-9999.9,168.2,-9999.9 
2006,8,182.04,-9999.9,198.95,-9999.9 
2006,9,112.09,-9999.9,120.54,-9999.9 
2006,10,68.91,-9999.9,81.7,-9999.9 
2006,11,19.67,-9999.9,21.55,-9999.9 
2006,12,21.43,-9999.9,28.83,-9999.9 
2007,1,28.56,-9999.9,27,-9999.9 
2007,2,60.66,-9999.9,27.44,-9999.9 
2007,3,26.55,-9999.9,12.86,-9999.9 
2007,4,47.07,-9999.9,4.77,-9999.9 
2007,5,92.11,-9999.9,44.68,-9999.9 
2007,6,170.65,-9999.9,178.71,-9999.9 
2007,7,156,-9999.9,164.79,-9999.9 
2007,8,164.05,-9999.9,174.12,-9999.9 
2007,9,122.17,-9999.9,133.43,-9999.9 
2007,10,93.4,-9999.9,106.04,-9999.9 
2007,11,47.41,-9999.9,55.26,-9999.9 
2007,12,24.87,-9999.9,27.42,-9999.9 
2008,1,44.96,-9999.9,27.82,-9999.9 
2008,2,42.61,-9999.9,16.72,-9999.9 
2008,3,30.01,-9999.9,15.35,-9999.9 
2008,4,58.09,-9999.9,-2.53,-9999.9 
2008,5,95.58,-9999.9,32.81,-9999.9 
2008,6,129.39,-9999.9,133.22,-9999.9 
2008,7,167.04,-9999.9,171.27,-9999.9 
2008,8,159.02,-9999.9,170.57,-9999.9 
2008,9,120.72,-9999.9,129.59,-9999.9 
2008,10,90.62,-9999.9,103.15,-9999.9 
2008,11,34.36,-9999.9,41.92,-9999.9 
2008,12,43.44,-9999.9,36.85,-9999.9 
2009,1,60.35,-9999.9,18.35,-9999.9 
2009,2,37.13,-9999.9,12.53,-9999.9 
2009,3,33.42,-9999.9,8.36,-9999.9 
2009,4,52.41,-9999.9,1.85,-9999.9 
2009,5,103.43,-9999.9,23.42,-9999.9 
2009,6,118.62,-9999.9,133.33,-9999.9 
2009,7,142.15,-9999.9,154.39,-9999.9 
2009,8,157.49,-9999.9,175.53,-9999.9 
2009,9,109.83,-9999.9,127.76,-9999.9 
2009,10,57.81,-9999.9,64.18,-9999.9 
2009,11,30.18,-9999.9,40.66,-9999.9 
2009,12,38.98,-9999.9,43.76,-9999.9 
2010,1,45.64,-9999.9,24.13,-9999.9 
2010,2,27.7,-9999.9,11.52,-9999.9 
2010,3,27.63,-9999.9,6.45,-9999.9 
2010,4,59.81,-9999.9,-2.46,-9999.9 
2010,5,78.85,-9999.9,62.19,-9999.9 
2010,6,160.03,-9999.9,173.56,-9999.9 
2010,7,168.97,-9999.9,188.47,-9999.9 
2010,8,161.55,-9999.9,176.03,-9999.9 
2010,9,127.11,-9999.9,140.96,-9999.9 
2010,10,77.94,-9999.9,91.87,-9999.9 
2010,11,31.88,-9999.9,40.42,-9999.9 
2010,12,48.31,-9999.9,41.74,-9999.9 
2011,1,43.51,-9999.9,16.77,-9999.9 
2011,2,43.39,-9999.9,12.64,-9999.9 
2011,3,29.55,-9999.9,9.23,-9999.9 
2011,4,47.89,-9999.9,-4.61,-9999.9 
2011,5,77.63,-9999.9,1.57,-9999.9 
2011,6,168.08,-9999.9,158,-9999.9 
2011,7,185.93,-9999.9,181.31,-9999.9 
2011,8,186.72,-9999.9,188.38,-9999.9 
2011,9,121.79,-9999.9,118.23,-9999.9 
2011,10,79.98,-9999.9,84.79,-9999.9 
2011,11,38.81,-9999.9,46.22,-9999.9 
2011,12,18.36,-9999.9,22.7,-9999.9 
2012,1,26.33,28.6,28.6,-9999.9 
2012,2,22.89,22.42,22.42,-9999.9 
2012,3,40.27,38.64,38.65,-9999.9 
2012,4,86.25,79.44,79.44,-9999.9 
2012,5,105.66,93.56,93.56,-9999.9 
2012,6,164.22,159.57,159.56,-9999.9 
2012,7,206.38,194.48,194.48,-9999.9 
2012,8,168.06,159.95,159.95,-9999.9 
2012,9,143.2,133.48,133.48,-9999.9 
2012,10,81.36,75.98,75.98,-9999.9 
2012,11,29.29,27.78,27.77,-9999.9 
2012,12,15.57,14.51,14.52,-9999.9 
2013,1,38.92,35.63,34.64,-9999.9 
2013,2,33.98,31.04,29.93,-9999.9 
2013,3,30.24,28.92,29.41,-9999.9 
2013,4,47.49,41.68,45.92,-9999.9 
2013,5,111.27,113.33,114.24,-9999.9 
2013,6,150.21,153.27,148.19,-9999.9 
2013,7,193.25,200.03,197.77,-9999.9 
2013,8,143.37,145.35,176.41,-9999.9 
2013,9,137.68,137.87,163.41,-9999.9 
2013,10,97.66,98.97,111.14,-9999.9 
2013,11,47.61,46.64,51.03,-9999.9 
2013,12,37.45,37.98,36.17,-9999.9 
2014,1,79.17,79.12,78.81,-9999.9 
2014,2,58.11,59.14,59.33,-9999.9 
2014,3,43.3,44.63,49.71,-9999.9 
2014,4,52.66,54.09,85.05,-9999.9 
2014,5,93.96,97.38,126.26,-9999.9 
2014,6,158.1,161.26,191.14,-9999.9 
2014,7,197.47,201.13,227.9,-9999.9 
2014,8,147.27,150.43,169.37,-9999.9 
2014,9,124.42,125.57,138.89,-9999.9 
2014,10,85.49,85.26,95.76,-9999.9 
2014,11,53.79,53.79,55.17,-9999.9 
2014,12,15.25,15.25,14.56,-9999.9 
2015,1,63.35,63.35,63.39,-9999.9 
2015,2,73.13,73.13,65.95,-9999.9 
2015,3,44.63,44.63,31.55,-9999.9 
2015,4,58.75,58.75,64.7,-9999.9 
2015,5,111.96,111.96,113.54,-9999.9 
2015,6,152.33,152.33,155.56,-9999.9 
2015,7,177.64,177.64,189.79,-9999.9 
2015,8,174.18,174.18,172.68,-9999.9 
2015,9,138.14,138.14,138.05,-9999.9 
2015,10,93.67,93.67,81.78,-9999.9 
2015,11,44.61,44.61,42.11,-9999.9 
2015,12,13.12,13.12,25.29,-9999.9 
2016,1,43.74,43.74,41.42,-9999.9 
2016,2,30.3,30.3,30.48,-9999.9 
2016,3,28.77,28.77,28.8,-9999.9 
2016,4,-9999.9,75.59,75.59,-9999.9 
2016,5,-9999.9,99.82,99.82,-9999.9 
2016,6,-9999.9,187.8,187.8,-9999.9 
2016,7,-9999.9,188.89,188.89,-9999.9 
2016,8,-9999.9,181.09,181.09,-9999.9 
2016,9,-9999.9,154.6,154.6,-9999.9 
2016,10,-9999.9,88.95,88.95,-9999.9 
2016,11,-9999.9,41.6,41.6,-9999.9 
2016,12,-9999.9,40.67,-9999.9,-9999.9 
2017,1,-9999.9,25.68,-9999.9,-9999.9 
2017,2,-9999.9,24.91,-9999.9,-9999.9 
2017,3,-9999.9,44.13,-9999.9,-9999.9 
2017,4,-9999.9,62.58,-9999.9,-9999.9 
2017,5,-9999.9,106.2,-9999.9,-9999.9 
2017,6,-9999.9,173.23,-9999.9,-9999.9 
2017,7,-9999.9,183.42,-9999.9,-9999.9 
2017,8,-9999.9,171.1,-9999.9,-9999.9 
2017,9,-9999.9,121.21,-9999.9,94.03877500000002 
2017,10,-9999.9,-9999.9,-9999.9,-9999.9 
2017,11,-9999.9,-9999.9,-9999.9,-9999.9 
2017,12,-9999.9,-9999.9,-9999.9,-9999.9 
2018,1,-9999.9,-9999.9,-9999.9,-9999.9 
2018,2,-9999.9,-9999.9,-9999.9,-9999.9 
2018,3,-9999.9,-9999.9,-9999.9,-9999.9 
2018,4,-9999.9,-9999.9,-9999.9,-9999.9 
2018,5,-9999.9,-9999.9,-9999.9,-9999.9 
2018,6,-9999.9,-9999.9,-9999.9,-9999.9 
2018,7,-9999.9,-9999.9,-9999.9,-9999.9 
2018,8,-9999.9,-9999.9,-9999.9,-9999.9 
2018,9,-9999.9,-9999.9,-9999.9,-9999.9 
2018,10,-9999.9,-9999.9,-9999.9,-9999.9 
2018,11,-9999.9,-9999.9,-9999.9,-9999.9 
2018,12,-9999.9,-9999.9,-9999.9,-9999.9 
2019,1,-9999.9,-9999.9,-9999.9,-9999.9 
2019,2,-9999.9,-9999.9,-9999.9,-9999.9 
2019,3,-9999.9,-9999.9,-9999.9,-9999.9 
2019,4,-9999.9,-9999.9,-9999.9,-9999.9 
2019,5,-9999.9,-9999.9,-9999.9,-9999.9 
2019,6,-9999.9,-9999.9,-9999.9,-9999.9 
2019,7,-9999.9,-9999.9,-9999.9,-9999.9 
2019,8,-9999.9,-9999.9,-9999.9,-9999.9 
2019,9,-9999.9,-9999.9,-9999.9,-9999.9 
2019,10,-9999.9,-9999.9,-9999.9,-9999.9 
2019,11,-9999.9,-9999.9,-9999.9,-9999.9 
2019,12,-9999.9,-9999.9,-9999.9,-9999.9 
2020,1,-9999.9,-9999.9,-9999.9,-9999.9 
2020,2,-9999.9,-9999.9,-9999.9,-9999.9 
2020,3,-9999.9,-9999.9,-9999.9,-9999.9 
2020,4,-9999.9,-9999.9,-9999.9,-9999.9 
2020,5,-9999.9,-9999.9,-9999.9,-9999.9 
2020,6,-9999.9,-9999.9,-9999.9,-9999.9 
2020,7,-9999.9,-9999.9,-9999.9,-9999.9 
2020,8,-9999.9,-9999.9,-9999.9,-9999.9 
2020,9,-9999.9,-9999.9,-9999.9,-9999.9 
2020,10,-9999.9,-9999.9,-9999.9,-9999.9 
2020,11,-9999.9,-9999.9,-9999.9,-9999.9 
2020,12,-9999.9,-9999.9,-9999.9,-9999.9 
2021,1,-9999.9,-9999.9,-9999.9,-9999.9 
2021,2,-9999.9,-9999.9,-9999.9,-9999.9 
2021,3,-9999.9,-9999.9,-9999.9,-9999.9 
2021,4,-9999.9,-9999.9,-9999.9,-9999.9 
2021,5,-9999.9,-9999.9,-9999.9,-9999.9 
2021,6,-9999.9,-9999.9,-9999.9,-9999.9 
2021,7,-9999.9,-9999.9,-9999.9,-9999.9 
2021,8,-9999.9,-9999.9,-9999.9,-9999.9 
2021,9,-9999.9,-9999.9,-9999.9,-9999.9 
2021,10,-9999.9,-9999.9,-9999.9,-9999.9 
2021,11,-9999.9,-9999.9,-9999.9,-9999.9 
2021,12,-9999.9,-9999.9,-9999.9,-9999.9 
2022,1,-9999.9,-9999.9,-9999.9,-9999.9 
2022,2,-9999.9,-9999.9,-9999.9,-9999.9 
2022,3,-9999.9,-9999.9,-9999.9,-9999.9 
2022,4,-9999.9,-9999.9,-9999.9,-9999.9 
2022,5,-9999.9,-9999.9,-9999.9,-9999.9 
2022,6,-9999.9,-9999.9,-9999.9,-9999.9 
2022,7,-9999.9,-9999.9,-9999.9,-9999.9 
2022,8,-9999.9,-9999.9,-9999.9,-9999.9 
2022,9,-9999.9,-9999.9,-9999.9,-9999.9 
2022,10,-9999.9,-9999.9,-9999.9,-9999.9 
2022,11,-9999.9,-9999.9,-9999.9,-9999.9 
2022,12,-9999.9,-9999.9,-9999.9,-9999.9 
2023,1,-9999.9,-9999.9,-9999.9,-9999.9 
2023,2,-9999.9,-9999.9,-9999.9,-9999.9 
2023,3,-9999.9,-9999.9,-9999.9,-9999.9 
2023,4,-9999.9,-9999.9,-9999.9,-9999.9 
2023,5,-9999.9,-9999.9,-9999.9,-9999.9 
2023,6,-9999.9,-9999.9,-9999.9,-9999.9 
2023,7,-9999.9,-9999.9,-9999.9,-9999.9 
2023,8,-9999.9,-9999.9,-9999.9,-9999.9 
2023,9,-9999.9,-9999.9,-9999.9,-9999.9 
2023,10,-9999.9,-9999.9,-9999.9,-9999.9 
2023,11,-9999.9,-9999.9,-9999.9,-9999.9 
2023,12,-9999.9,-9999.9,-9999.9,-9999.9 
2024,1,-9999.9,-9999.9,-9999.9,-9999.9 
2024,2,-9999.9,-9999.9,-9999.9,-9999.9 
2024,3,-9999.9,-9999.9,-9999.9,-9999.9 
2024,4,-9999.9,-9999.9,-9999.9,-9999.9 
2024,5,-9999.9,-9999.9,-9999.9,-9999.9 
2024,6,-9999.9,-9999.9,-9999.9,-9999.9 
2024,7,-9999.9,-9999.9,-9999.9,-9999.9 
2024,8,-9999.9,-9999.9,-9999.9,-9999.9 
2024,9,-9999.9,-9999.9,-9999.9,-9999.9 
2024,10,-9999.9,-9999.9,-9999.9,-9999.9 
2024,11,-9999.9,-9999.9,-9999.9,-9999.9 
2024,12,-9999.9,-9999.9,-9999.9,-9999.9 
2025,1,-9999.9,-9999.9,-9999.9,-9999.9 
2025,2,-9999.9,-9999.9,-9999.9,-9999.9 
2025,3,-9999.9,-9999.9,-9999.9,-9999.9 
2025,4,-9999.9,-9999.9,-9999.9,-9999.9 
2025,5,-9999.9,-9999.9,-9999.9,-9999.9 
2025,6,-9999.9,-9999.9,-9999.9,-9999.9 
2025,7,-9999.9,-9999.9,-9999.9,-9999.9 
2025,8,-9999.9,-9999.9,-9999.9,-9999.9 
2025,9,-9999.9,-9999.9,-9999.9,-9999.9 
2025,10,-9999.9,-9999.9,-9999.9,-9999.9 
2025,11,-9999.9,-9999.9,-9999.9,-9999.9 
2025,12,-9999.9,-9999.9,-9999.9,-9999.9 
2026,1,-9999.9,-9999.9,-9999.9,-9999.9 
2026,2,-9999.9,-9999.9,-9999.9,-9999.9 
2026,3,-9999.9,-9999.9,-9999.9,-9999.9 
2026,4,-9999.9,-9999.9,-9999.9,-9999.9 
2026,5,-9999.9,-9999.9,-9999.9,-9999.9 
2026,6,-9999.9,-9999.9,-9999.9,-9999.9 
2026,7,-9999.9,-9999.9,-9999.9,-9999.9 
2026,8,-9999.9,-9999.9,-9999.9,-9999.9 
2026,9,-9999.9,-9999.9,-9999.9,-9999.9 
2026,10,-9999.9,-9999.9,-9999.9,-9999.9 
2026,11,-9999.9,-9999.9,-9999.9,-9999.9 
2026,12,-9999.9,-9999.9,-9999.9,-9999.9 
2027,1,-9999.9,-9999.9,-9999.9,-9999.9 
2027,2,-9999.9,-9999.9,-9999.9,-9999.9 
2027,3,-9999.9,-9999.9,-9999.9,-9999.9 
2027,4,-9999.9,-9999.9,-9999.9,-9999.9 
2027,5,-9999.9,-9999.9,-9999.9,-9999.9 
2027,6,-9999.9,-9999.9,-9999.9,-9999.9 
2027,7,-9999.9,-9999.9,-9999.9,-9999.9 
2027,8,-9999.9,-9999.9,-9999.9,-9999.9 
2027,9,-9999.9,-9999.9,-9999.9,-9999.9 
2027,10,-9999.9,-9999.9,-9999.9,-9999.9 
2027,11,-9999.9,-9999.9,-9999.9,-9999.9 
2027,12,-9999.9,-9999.9,-9999.9,-9999.9 
2028,1,-9999.9,-9999.9,-9999.9,-9999.9 
2028,2,-9999.9,-9999.9,-9999.9,-9999.9 
2028,3,-9999.9,-9999.9,-9999.9,-9999.9 
2028,4,-9999.9,-9999.9,-9999.9,-9999.9 
2028,5,-9999.9,-9999.9,-9999.9,-9999.9 
2028,6,-9999.9,-9999.9,-9999.9,-9999.9 
2028,7,-9999.9,-9999.9,-9999.9,-9999.9 
2028,8,-9999.9,-9999.9,-9999.9,-9999.9 
2028,9,-9999.9,-9999.9,-9999.9,-9999.9 
2028,10,-9999.9,-9999.9,-9999.9,-9999.9 
2028,11,-9999.9,-9999.9,-9999.9,-9999.9 
2028,12,-9999.9,-9999.9,-9999.9,-9999.9 
2029,1,-9999.9,-9999.9,-9999.9,-9999.9 
2029,2,-9999.9,-9999.9,-9999.9,-9999.9 
2029,3,-9999.9,-9999.9,-9999.9,-9999.9 
2029,4,-9999.9,-9999.9,-9999.9,-9999.9 
2029,5,-9999.9,-9999.9,-9999.9,-9999.9 
2029,6,-9999.9,-9999.9,-9999.9,-9999.9 
2029,7,-9999.9,-9999.9,-9999.9,-9999.9 
2029,8,-9999.9,-9999.9,-9999.9,-9999.9 
2029,9,-9999.9,-9999.9,-9999.9,-9999.9 
2029,10,-9999.9,-9999.9,-9999.9,-9999.9 
2029,11,-9999.9,-9999.9,-9999.9,-9999.9 
2029,12,-9999.9,-9999.9,-9999.9,-9999.9 
2030,1,-9999.9,-9999.9,-9999.9,-9999.9 
2030,2,-9999.9,-9999.9,-9999.9,-9999.9 
2030,3,-9999.9,-9999.9,-9999.9,-9999.9 
2030,4,-9999.9,-9999.9,-9999.9,-9999.9 
2030,5,-9999.9,-9999.9,-9999.9,-9999.9 
2030,6,-9999.9,-9999.9,-9999.9,-9999.9 
2030,7,-9999.9,-9999.9,-9999.9,-9999.9 
2030,8,-9999.9,-9999.9,-9999.9,-9999.9 
2030,9,-9999.9,-9999.9,-9999.9,-9999.9 
2030,10,-9999.9,-9999.9,-9999.9,-9999.9 
2030,11,-9999.9,-9999.9,-9999.9,-9999.9 
2030,12,-9999.9,-9999.9,-9999.9,-9999.9 
2031,1,-9999.9,-9999.9,-9999.9,-9999.9 
2031,2,-9999.9,-9999.9,-9999.9,-9999.9 
2031,3,-9999.9,-9999.9,-9999.9,-9999.9 
2031,4,-9999.9,-9999.9,-9999.9,-9999.9 
2031,5,-9999.9,-9999.9,-9999.9,-9999.9 
2031,6,-9999.9,-9999.9,-9999.9,-9999.9 
2031,7,-9999.9,-9999.9,-9999.9,-9999.9 
2031,8,-9999.9,-9999.9,-9999.9,-9999.9 
2031,9,-9999.9,-9999.9,-9999.9,-9999.9 
2031,10,-9999.9,-9999.9,-9999.9,-9999.9 
2031,11,-9999.9,-9999.9,-9999.9,-9999.9 
2031,12,-9999.9,-9999.9,-9999.9,-9999.9 
2032,1,-9999.9,-9999.9,-9999.9,-9999.9 
2032,2,-9999.9,-9999.9,-9999.9,-9999.9 
2032,3,-9999.9,-9999.9,-9999.9,-9999.9 
2032,4,-9999.9,-9999.9,-9999.9,-9999.9 
2032,5,-9999.9,-9999.9,-9999.9,-9999.9 
2032,6,-9999.9,-9999.9,-9999.9,-9999.9 
2032,7,-9999.9,-9999.9,-9999.9,-9999.9 
2032,8,-9999.9,-9999.9,-9999.9,-9999.9 
2032,9,-9999.9,-9999.9,-9999.9,-9999.9 
2032,10,-9999.9,-9999.9,-9999.9,-9999.9 
2032,11,-9999.9,-9999.9,-9999.9,-9999.9 
2032,12,-9999.9,-9999.9,-9999.9,-9999.9 
2033,1,-9999.9,-9999.9,-9999.9,-9999.9 
2033,2,-9999.9,-9999.9,-9999.9,-9999.9 
2033,3,-9999.9,-9999.9,-9999.9,-9999.9 
2033,4,-9999.9,-9999.9,-9999.9,-9999.9 
2033,5,-9999.9,-9999.9,-9999.9,-9999.9 
2033,6,-9999.9,-9999.9,-9999.9,-9999.9 
2033,7,-9999.9,-9999.9,-9999.9,-9999.9 
2033,8,-9999.9,-9999.9,-9999.9,-9999.9 
2033,9,-9999.9,-9999.9,-9999.9,-9999.9 
2033,10,-9999.9,-9999.9,-9999.9,-9999.9 
2033,11,-9999.9,-9999.9,-9999.9,-9999.9 
2033,12,-9999.9,-9999.9,-9999.9,-9999.9 
2034,1,-9999.9,-9999.9,-9999.9,-9999.9 
2034,2,-9999.9,-9999.9,-9999.9,-9999.9 
2034,3,-9999.9,-9999.9,-9999.9,-9999.9 
2034,4,-9999.9,-9999.9,-9999.9,-9999.9 
2034,5,-9999.9,-9999.9,-9999.9,-9999.9 
2034,6,-9999.9,-9999.9,-9999.9,-9999.9 
2034,7,-9999.9,-9999.9,-9999.9,-9999.9 
2034,8,-9999.9,-9999.9,-9999.9,-9999.9 
2034,9,-9999.9,-9999.9,-9999.9,-9999.9 
2034,10,-9999.9,-9999.9,-9999.9,-9999.9 
2034,11,-9999.9,-9999.9,-9999.9,-9999.9 
2034,12,-9999.9,-9999.9,-9999.9,-9999.9 
2035,1,-9999.9,-9999.9,-9999.9,-9999.9 
2035,2,-9999.9,-9999.9,-9999.9,-9999.9 
2035,3,-9999.9,-9999.9,-9999.9,-9999.9 
2035,4,-9999.9,-9999.9,-9999.9,-9999.9 
2035,5,-9999.9,-9999.9,-9999.9,-9999.9 
2035,6,-9999.9,-9999.9,-9999.9,-9999.9 
2035,7,-9999.9,-9999.9,-9999.9,-9999.9 
2035,8,-9999.9,-9999.9,-9999.9,-9999.9 
2035,9,-9999.9,-9999.9,-9999.9,-9999.9 
2035,10,-9999.9,-9999.9,-9999.9,-9999.9 
2035,11,-9999.9,-9999.9,-9999.9,-9999.9 
2035,12,-9999.9,-9999.9,-9999.9,-9999.9 
2036,1,-9999.9,-9999.9,-9999.9,-9999.9 
2036,2,-9999.9,-9999.9,-9999.9,-9999.9 
2036,3,-9999.9,-9999.9,-9999.9,-9999.9 
2036,4,-9999.9,-9999.9,-9999.9,-9999.9 
2036,5,-9999.9,-9999.9,-9999.9,-9999.9 
2036,6,-9999.9,-9999.9,-9999.9,-9999.9 
2036,7,-9999.9,-9999.9,-9999.9,-9999.9 
2036,8,-9999.9,-9999.9,-9999.9,-9999.9 
2036,9,-9999.9,-9999.9,-9999.9,-9999.9 
2036,10,-9999.9,-9999.9,-9999.9,-9999.9 
2036,11,-9999.9,-9999.9,-9999.9,-9999.9 
2036,12,-9999.9,-9999.9,-9999.9,-9999.9 
2037,1,-9999.9,-9999.9,-9999.9,-9999.9 
2037,2,-9999.9,-9999.9,-9999.9,-9999.9 
2037,3,-9999.9,-9999.9,-9999.9,-9999.9 
2037,4,-9999.9,-9999.9,-9999.9,-9999.9 
2037,5,-9999.9,-9999.9,-9999.9,-9999.9 
2037,6,-9999.9,-9999.9,-9999.9,-9999.9 
2037,7,-9999.9,-9999.9,-9999.9,-9999.9 
2037,8,-9999.9,-9999.9,-9999.9,-9999.9 
2037,9,-9999.9,-9999.9,-9999.9,-9999.9 
2037,10,-9999.9,-9999.9,-9999.9,-9999.9 
2037,11,-9999.9,-9999.9,-9999.9,-9999.9 
2037,12,-9999.9,-9999.9,-9999.9,-9999.9 
2038,1,-9999.9,-9999.9,-9999.9,-9999.9 
2038,2,-9999.9,-9999.9,-9999.9,-9999.9 
2038,3,-9999.9,-9999.9,-9999.9,-9999.9 
2038,4,-9999.9,-9999.9,-9999.9,-9999.9 
2038,5,-9999.9,-9999.9,-9999.9,-9999.9 
2038,6,-9999.9,-9999.9,-9999.9,-9999.9 
2038,7,-9999.9,-9999.9,-9999.9,-9999.9 
2038,8,-9999.9,-9999.9,-9999.9,-9999.9 
2038,9,-9999.9,-9999.9,-9999.9,-9999.9 
2038,10,-9999.9,-9999.9,-9999.9,-9999.9 
2038,11,-9999.9,-9999.9,-9999.9,-9999.9 
2038,12,-9999.9,-9999.9,-9999.9,-9999.9 
2039,1,-9999.9,-9999.9,-9999.9,-9999.9 
2039,2,-9999.9,-9999.9,-9999.9,-9999.9 
2039,3,-9999.9,-9999.9,-9999.9,-9999.9 
2039,4,-9999.9,-9999.9,-9999.9,-9999.9 
2039,5,-9999.9,-9999.9,-9999.9,-9999.9 
2039,6,-9999.9,-9999.9,-9999.9,-9999.9 
2039,7,-9999.9,-9999.9,-9999.9,-9999.9 
2039,8,-9999.9,-9999.9,-9999.9,-9999.9 
2039,9,-9999.9,-9999.9,-9999.9,-9999.9 
2039,10,-9999.9,-9999.9,-9999.9,-9999.9 
2039,11,-9999.9,-9999.9,-9999.9,-9999.9 
2039,12,-9999.9,-9999.9,-9999.9,-9999.9 
2040,1,-9999.9,-9999.9,-9999.9,-9999.9 
2040,2,-9999.9,-9999.9,-9999.9,-9999.9 
2040,3,-9999.9,-9999.9,-9999.9,-9999.9 
2040,4,-9999.9,-9999.9,-9999.9,-9999.9 
2040,5,-9999.9,-9999.9,-9999.9,-9999.9 
2040,6,-9999.9,-9999.9,-9999.9,-9999.9 
2040,7,-9999.9,-9999.9,-9999.9,-9999.9 
2040,8,-9999.9,-9999.9,-9999.9,-9999.9 
2040,9,-9999.9,-9999.9,-9999.9,-9999.9 
2040,10,-9999.9,-9999.9,-9999.9,-9999.9 
2040,11,-9999.9,-9999.9,-9999.9,-9999.9 
2040,12,-9999.9,-9999.9,-9999.9,-9999.9 
2041,1,-9999.9,-9999.9,-9999.9,-9999.9 
2041,2,-9999.9,-9999.9,-9999.9,-9999.9 
2041,3,-9999.9,-9999.9,-9999.9,-9999.9 
2041,4,-9999.9,-9999.9,-9999.9,-9999.9 
2041,5,-9999.9,-9999.9,-9999.9,-9999.9 
2041,6,-9999.9,-9999.9,-9999.9,-9999.9 
2041,7,-9999.9,-9999.9,-9999.9,-9999.9 
2041,8,-9999.9,-9999.9,-9999.9,-9999.9 
2041,9,-9999.9,-9999.9,-9999.9,-9999.9 
2041,10,-9999.9,-9999.9,-9999.9,-9999.9 
2041,11,-9999.9,-9999.9,-9999.9,-9999.9 
2041,12,-9999.9,-9999.9,-9999.9,-9999.9 
2042,1,-9999.9,-9999.9,-9999.9,-9999.9 
2042,2,-9999.9,-9999.9,-9999.9,-9999.9 
2042,3,-9999.9,-9999.9,-9999.9,-9999.9 
2042,4,-9999.9,-9999.9,-9999.9,-9999.9 
2042,5,-9999.9,-9999.9,-9999.9,-9999.9 
2042,6,-9999.9,-9999.9,-9999.9,-9999.9 
2042,7,-9999.9,-9999.9,-9999.9,-9999.9 
2042,8,-9999.9,-9999.9,-9999.9,-9999.9 
2042,9,-9999.9,-9999.9,-9999.9,-9999.9 
2042,10,-9999.9,-9999.9,-9999.9,-9999.9 
2042,11,-9999.9,-9999.9,-9999.9,-9999.9 
2042,12,-9999.9,-9999.9,-9999.9,-9999.9 
2043,1,-9999.9,-9999.9,-9999.9,-9999.9 
2043,2,-9999.9,-9999.9,-9999.9,-9999.9 
2043,3,-9999.9,-9999.9,-9999.9,-9999.9 
2043,4,-9999.9,-9999.9,-9999.9,-9999.9 
2043,5,-9999.9,-9999.9,-9999.9,-9999.9 
2043,6,-9999.9,-9999.9,-9999.9,-9999.9 
2043,7,-9999.9,-9999.9,-9999.9,-9999.9 
2043,8,-9999.9,-9999.9,-9999.9,-9999.9 
2043,9,-9999.9,-9999.9,-9999.9,-9999.9 
2043,10,-9999.9,-9999.9,-9999.9,-9999.9 
2043,11,-9999.9,-9999.9,-9999.9,-9999.9 
2043,12,-9999.9,-9999.9,-9999.9,-9999.9 
2044,1,-9999.9,-9999.9,-9999.9,-9999.9 
2044,2,-9999.9,-9999.9,-9999.9,-9999.9 
2044,3,-9999.9,-9999.9,-9999.9,-9999.9 
2044,4,-9999.9,-9999.9,-9999.9,-9999.9 
2044,5,-9999.9,-9999.9,-9999.9,-9999.9 
2044,6,-9999.9,-9999.9,-9999.9,-9999.9 
2044,7,-9999.9,-9999.9,-9999.9,-9999.9 
2044,8,-9999.9,-9999.9,-9999.9,-9999.9 
2044,9,-9999.9,-9999.9,-9999.9,-9999.9 
2044,10,-9999.9,-9999.9,-9999.9,-9999.9 
2044,11,-9999.9,-9999.9,-9999.9,-9999.9 
2044,12,-9999.9,-9999.9,-9999.9,-9999.9 
2045,1,-9999.9,-9999.9,-9999.9,-9999.9 
2045,2,-9999.9,-9999.9,-9999.9,-9999.9 
2045,3,-9999.9,-9999.9,-9999.9,-9999.9 
2045,4,-9999.9,-9999.9,-9999.9,-9999.9 
2045,5,-9999.9,-9999.9,-9999.9,-9999.9 
2045,6,-9999.9,-9999.9,-9999.9,-9999.9 
2045,7,-9999.9,-9999.9,-9999.9,-9999.9 
2045,8,-9999.9,-9999.9,-9999.9,-9999.9 
2045,9,-9999.9,-9999.9,-9999.9,-9999.9 
2045,10,-9999.9,-9999.9,-9999.9,-9999.9 
2045,11,-9999.9,-9999.9,-9999.9,-9999.9 
2045,12,-9999.9,-9999.9,-9999.9,-9999.9 
2046,1,-9999.9,-9999.9,-9999.9,-9999.9 
2046,2,-9999.9,-9999.9,-9999.9,-9999.9 
2046,3,-9999.9,-9999.9,-9999.9,-9999.9 
2046,4,-9999.9,-9999.9,-9999.9,-9999.9 
2046,5,-9999.9,-9999.9,-9999.9,-9999.9 
2046,6,-9999.9,-9999.9,-9999.9,-9999.9 
2046,7,-9999.9,-9999.9,-9999.9,-9999.9 
2046,8,-9999.9,-9999.9,-9999.9,-9999.9 
2046,9,-9999.9,-9999.9,-9999.9,-9999.9 
2046,10,-9999.9,-9999.9,-9999.9,-9999.9 
2046,11,-9999.9,-9999.9,-9999.9,-9999.9 
2046,12,-9999.9,-9999.9,-9999.9,-9999.9 
2047,1,-9999.9,-9999.9,-9999.9,-9999.9 
2047,2,-9999.9,-9999.9,-9999.9,-9999.9 
2047,3,-9999.9,-9999.9,-9999.9,-9999.9 
2047,4,-9999.9,-9999.9,-9999.9,-9999.9 
2047,5,-9999.9,-9999.9,-9999.9,-9999.9 
2047,6,-9999.9,-9999.9,-9999.9,-9999.9 
2047,7,-9999.9,-9999.9,-9999.9,-9999.9 
2047,8,-9999.9,-9999.9,-9999.9,-9999.9 
2047,9,-9999.9,-9999.9,-9999.9,-9999.9 
2047,10,-9999.9,-9999.9,-9999.9,-9999.9 
2047,11,-9999.9,-9999.9,-9999.9,-9999.9 
2047,12,-9999.9,-9999.9,-9999.9,-9999.9 
2048,1,-9999.9,-9999.9,-9999.9,-9999.9 
2048,2,-9999.9,-9999.9,-9999.9,-9999.9 
2048,3,-9999.9,-9999.9,-9999.9,-9999.9 
2048,4,-9999.9,-9999.9,-9999.9,-9999.9 
2048,5,-9999.9,-9999.9,-9999.9,-9999.9 
2048,6,-9999.9,-9999.9,-9999.9,-9999.9 
2048,7,-9999.9,-9999.9,-9999.9,-9999.9 
2048,8,-9999.9,-9999.9,-9999.9,-9999.9 
2048,9,-9999.9,-9999.9,-9999.9,-9999.9 
2048,10,-9999.9,-9999.9,-9999.9,-9999.9 
2048,11,-9999.9,-9999.9,-9999.9,-9999.9 
2048,12,-9999.9,-9999.9,-9999.9,-9999.9 
2049,1,-9999.9,-9999.9,-9999.9,-9999.9 
2049,2,-9999.9,-9999.9,-9999.9,-9999.9 
2049,3,-9999.9,-9999.9,-9999.9,-9999.9 
2049,4,-9999.9,-9999.9,-9999.9,-9999.9 
2049,5,-9999.9,-9999.9,-9999.9,-9999.9 
2049,6,-9999.9,-9999.9,-9999.9,-9999.9 
2049,7,-9999.9,-9999.9,-9999.9,-9999.9 
2049,8,-9999.9,-9999.9,-9999.9,-9999.9 
2049,9,-9999.9,-9999.9,-9999.9,-9999.9 
2049,10,-9999.9,-9999.9,-9999.9,-9999.9 
2049,11,-9999.9,-9999.9,-9999.9,-9999.9 
2049,12,-9999.9,-9999.9,-9999.9,-9999.9 
