,,GLERL-AHPS-Hydromet,GLERL-AHPS-Provisional,USACE-AHPS,ECCC-WCPS ,GEM-Proto
1900,1,-9999.9,-9999.9,-9999.9,-9999.9,-9999.9
1900,2,-9999.9,-9999.9,-9999.9,-9999.9,-9999.9
1900,3,-9999.9,-9999.9,-9999.9,-9999.9,-9999.9
1900,4,-9999.9,-9999.9,-9999.9,-9999.9,-9999.9
1900,5,-9999.9,-9999.9,-9999.9,-9999.9,-9999.9
1900,6,-9999.9,-9999.9,-9999.9,-9999.9,-9999.9
1900,7,-9999.9,-9999.9,-9999.9,-9999.9,-9999.9
1900,8,-9999.9,-9999.9,-9999.9,-9999.9,-9999.9
1900,9,-9999.9,-9999.9,-9999.9,-9999.9,-9999.9
1900,10,-9999.9,-9999.9,-9999.9,-9999.9,-9999.9
1900,11,-9999.9,-9999.9,-9999.9,-9999.9,-9999.9
1900,12,-9999.9,-9999.9,-9999.9,-9999.9,-9999.9
1901,1,-9999.9,-9999.9,-9999.9,-9999.9,-9999.9
1901,2,-9999.9,-9999.9,-9999.9,-9999.9,-9999.9
1901,3,-9999.9,-9999.9,-9999.9,-9999.9,-9999.9
1901,4,-9999.9,-9999.9,-9999.9,-9999.9,-9999.9
1901,5,-9999.9,-9999.9,-9999.9,-9999.9,-9999.9
1901,6,-9999.9,-9999.9,-9999.9,-9999.9,-9999.9
1901,7,-9999.9,-9999.9,-9999.9,-9999.9,-9999.9
1901,8,-9999.9,-9999.9,-9999.9,-9999.9,-9999.9
1901,9,-9999.9,-9999.9,-9999.9,-9999.9,-9999.9
1901,10,-9999.9,-9999.9,-9999.9,-9999.9,-9999.9
1901,11,-9999.9,-9999.9,-9999.9,-9999.9,-9999.9
1901,12,-9999.9,-9999.9,-9999.9,-9999.9,-9999.9
1902,1,-9999.9,-9999.9,-9999.9,-9999.9,-9999.9
1902,2,-9999.9,-9999.9,-9999.9,-9999.9,-9999.9
1902,3,-9999.9,-9999.9,-9999.9,-9999.9,-9999.9
1902,4,-9999.9,-9999.9,-9999.9,-9999.9,-9999.9
1902,5,-9999.9,-9999.9,-9999.9,-9999.9,-9999.9
1902,6,-9999.9,-9999.9,-9999.9,-9999.9,-9999.9
1902,7,-9999.9,-9999.9,-9999.9,-9999.9,-9999.9
1902,8,-9999.9,-9999.9,-9999.9,-9999.9,-9999.9
1902,9,-9999.9,-9999.9,-9999.9,-9999.9,-9999.9
1902,10,-9999.9,-9999.9,-9999.9,-9999.9,-9999.9
1902,11,-9999.9,-9999.9,-9999.9,-9999.9,-9999.9
1902,12,-9999.9,-9999.9,-9999.9,-9999.9,-9999.9
1903,1,-9999.9,-9999.9,-9999.9,-9999.9,-9999.9
1903,2,-9999.9,-9999.9,-9999.9,-9999.9,-9999.9
1903,3,-9999.9,-9999.9,-9999.9,-9999.9,-9999.9
1903,4,-9999.9,-9999.9,-9999.9,-9999.9,-9999.9
1903,5,-9999.9,-9999.9,-9999.9,-9999.9,-9999.9
1903,6,-9999.9,-9999.9,-9999.9,-9999.9,-9999.9
1903,7,-9999.9,-9999.9,-9999.9,-9999.9,-9999.9
1903,8,-9999.9,-9999.9,-9999.9,-9999.9,-9999.9
1903,9,-9999.9,-9999.9,-9999.9,-9999.9,-9999.9
1903,10,-9999.9,-9999.9,-9999.9,-9999.9,-9999.9
1903,11,-9999.9,-9999.9,-9999.9,-9999.9,-9999.9
1903,12,-9999.9,-9999.9,-9999.9,-9999.9,-9999.9
1904,1,-9999.9,-9999.9,-9999.9,-9999.9,-9999.9
1904,2,-9999.9,-9999.9,-9999.9,-9999.9,-9999.9
1904,3,-9999.9,-9999.9,-9999.9,-9999.9,-9999.9
1904,4,-9999.9,-9999.9,-9999.9,-9999.9,-9999.9
1904,5,-9999.9,-9999.9,-9999.9,-9999.9,-9999.9
1904,6,-9999.9,-9999.9,-9999.9,-9999.9,-9999.9
1904,7,-9999.9,-9999.9,-9999.9,-9999.9,-9999.9
1904,8,-9999.9,-9999.9,-9999.9,-9999.9,-9999.9
1904,9,-9999.9,-9999.9,-9999.9,-9999.9,-9999.9
1904,10,-9999.9,-9999.9,-9999.9,-9999.9,-9999.9
1904,11,-9999.9,-9999.9,-9999.9,-9999.9,-9999.9
1904,12,-9999.9,-9999.9,-9999.9,-9999.9,-9999.9
1905,1,-9999.9,-9999.9,-9999.9,-9999.9,-9999.9
1905,2,-9999.9,-9999.9,-9999.9,-9999.9,-9999.9
1905,3,-9999.9,-9999.9,-9999.9,-9999.9,-9999.9
1905,4,-9999.9,-9999.9,-9999.9,-9999.9,-9999.9
1905,5,-9999.9,-9999.9,-9999.9,-9999.9,-9999.9
1905,6,-9999.9,-9999.9,-9999.9,-9999.9,-9999.9
1905,7,-9999.9,-9999.9,-9999.9,-9999.9,-9999.9
1905,8,-9999.9,-9999.9,-9999.9,-9999.9,-9999.9
1905,9,-9999.9,-9999.9,-9999.9,-9999.9,-9999.9
1905,10,-9999.9,-9999.9,-9999.9,-9999.9,-9999.9
1905,11,-9999.9,-9999.9,-9999.9,-9999.9,-9999.9
1905,12,-9999.9,-9999.9,-9999.9,-9999.9,-9999.9
1906,1,-9999.9,-9999.9,-9999.9,-9999.9,-9999.9
1906,2,-9999.9,-9999.9,-9999.9,-9999.9,-9999.9
1906,3,-9999.9,-9999.9,-9999.9,-9999.9,-9999.9
1906,4,-9999.9,-9999.9,-9999.9,-9999.9,-9999.9
1906,5,-9999.9,-9999.9,-9999.9,-9999.9,-9999.9
1906,6,-9999.9,-9999.9,-9999.9,-9999.9,-9999.9
1906,7,-9999.9,-9999.9,-9999.9,-9999.9,-9999.9
1906,8,-9999.9,-9999.9,-9999.9,-9999.9,-9999.9
1906,9,-9999.9,-9999.9,-9999.9,-9999.9,-9999.9
1906,10,-9999.9,-9999.9,-9999.9,-9999.9,-9999.9
1906,11,-9999.9,-9999.9,-9999.9,-9999.9,-9999.9
1906,12,-9999.9,-9999.9,-9999.9,-9999.9,-9999.9
1907,1,-9999.9,-9999.9,-9999.9,-9999.9,-9999.9
1907,2,-9999.9,-9999.9,-9999.9,-9999.9,-9999.9
1907,3,-9999.9,-9999.9,-9999.9,-9999.9,-9999.9
1907,4,-9999.9,-9999.9,-9999.9,-9999.9,-9999.9
1907,5,-9999.9,-9999.9,-9999.9,-9999.9,-9999.9
1907,6,-9999.9,-9999.9,-9999.9,-9999.9,-9999.9
1907,7,-9999.9,-9999.9,-9999.9,-9999.9,-9999.9
1907,8,-9999.9,-9999.9,-9999.9,-9999.9,-9999.9
1907,9,-9999.9,-9999.9,-9999.9,-9999.9,-9999.9
1907,10,-9999.9,-9999.9,-9999.9,-9999.9,-9999.9
1907,11,-9999.9,-9999.9,-9999.9,-9999.9,-9999.9
1907,12,-9999.9,-9999.9,-9999.9,-9999.9,-9999.9
1908,1,-9999.9,-9999.9,-9999.9,-9999.9,-9999.9
1908,2,-9999.9,-9999.9,-9999.9,-9999.9,-9999.9
1908,3,-9999.9,-9999.9,-9999.9,-9999.9,-9999.9
1908,4,-9999.9,-9999.9,-9999.9,-9999.9,-9999.9
1908,5,-9999.9,-9999.9,-9999.9,-9999.9,-9999.9
1908,6,-9999.9,-9999.9,-9999.9,-9999.9,-9999.9
1908,7,-9999.9,-9999.9,-9999.9,-9999.9,-9999.9
1908,8,-9999.9,-9999.9,-9999.9,-9999.9,-9999.9
1908,9,-9999.9,-9999.9,-9999.9,-9999.9,-9999.9
1908,10,-9999.9,-9999.9,-9999.9,-9999.9,-9999.9
1908,11,-9999.9,-9999.9,-9999.9,-9999.9,-9999.9
1908,12,-9999.9,-9999.9,-9999.9,-9999.9,-9999.9
1909,1,-9999.9,-9999.9,-9999.9,-9999.9,-9999.9
1909,2,-9999.9,-9999.9,-9999.9,-9999.9,-9999.9
1909,3,-9999.9,-9999.9,-9999.9,-9999.9,-9999.9
1909,4,-9999.9,-9999.9,-9999.9,-9999.9,-9999.9
1909,5,-9999.9,-9999.9,-9999.9,-9999.9,-9999.9
1909,6,-9999.9,-9999.9,-9999.9,-9999.9,-9999.9
1909,7,-9999.9,-9999.9,-9999.9,-9999.9,-9999.9
1909,8,-9999.9,-9999.9,-9999.9,-9999.9,-9999.9
1909,9,-9999.9,-9999.9,-9999.9,-9999.9,-9999.9
1909,10,-9999.9,-9999.9,-9999.9,-9999.9,-9999.9
1909,11,-9999.9,-9999.9,-9999.9,-9999.9,-9999.9
1909,12,-9999.9,-9999.9,-9999.9,-9999.9,-9999.9
1910,1,-9999.9,-9999.9,-9999.9,-9999.9,-9999.9
1910,2,-9999.9,-9999.9,-9999.9,-9999.9,-9999.9
1910,3,-9999.9,-9999.9,-9999.9,-9999.9,-9999.9
1910,4,-9999.9,-9999.9,-9999.9,-9999.9,-9999.9
1910,5,-9999.9,-9999.9,-9999.9,-9999.9,-9999.9
1910,6,-9999.9,-9999.9,-9999.9,-9999.9,-9999.9
1910,7,-9999.9,-9999.9,-9999.9,-9999.9,-9999.9
1910,8,-9999.9,-9999.9,-9999.9,-9999.9,-9999.9
1910,9,-9999.9,-9999.9,-9999.9,-9999.9,-9999.9
1910,10,-9999.9,-9999.9,-9999.9,-9999.9,-9999.9
1910,11,-9999.9,-9999.9,-9999.9,-9999.9,-9999.9
1910,12,-9999.9,-9999.9,-9999.9,-9999.9,-9999.9
1911,1,-9999.9,-9999.9,-9999.9,-9999.9,-9999.9
1911,2,-9999.9,-9999.9,-9999.9,-9999.9,-9999.9
1911,3,-9999.9,-9999.9,-9999.9,-9999.9,-9999.9
1911,4,-9999.9,-9999.9,-9999.9,-9999.9,-9999.9
1911,5,-9999.9,-9999.9,-9999.9,-9999.9,-9999.9
1911,6,-9999.9,-9999.9,-9999.9,-9999.9,-9999.9
1911,7,-9999.9,-9999.9,-9999.9,-9999.9,-9999.9
1911,8,-9999.9,-9999.9,-9999.9,-9999.9,-9999.9
1911,9,-9999.9,-9999.9,-9999.9,-9999.9,-9999.9
1911,10,-9999.9,-9999.9,-9999.9,-9999.9,-9999.9
1911,11,-9999.9,-9999.9,-9999.9,-9999.9,-9999.9
1911,12,-9999.9,-9999.9,-9999.9,-9999.9,-9999.9
1912,1,-9999.9,-9999.9,-9999.9,-9999.9,-9999.9
1912,2,-9999.9,-9999.9,-9999.9,-9999.9,-9999.9
1912,3,-9999.9,-9999.9,-9999.9,-9999.9,-9999.9
1912,4,-9999.9,-9999.9,-9999.9,-9999.9,-9999.9
1912,5,-9999.9,-9999.9,-9999.9,-9999.9,-9999.9
1912,6,-9999.9,-9999.9,-9999.9,-9999.9,-9999.9
1912,7,-9999.9,-9999.9,-9999.9,-9999.9,-9999.9
1912,8,-9999.9,-9999.9,-9999.9,-9999.9,-9999.9
1912,9,-9999.9,-9999.9,-9999.9,-9999.9,-9999.9
1912,10,-9999.9,-9999.9,-9999.9,-9999.9,-9999.9
1912,11,-9999.9,-9999.9,-9999.9,-9999.9,-9999.9
1912,12,-9999.9,-9999.9,-9999.9,-9999.9,-9999.9
1913,1,-9999.9,-9999.9,-9999.9,-9999.9,-9999.9
1913,2,-9999.9,-9999.9,-9999.9,-9999.9,-9999.9
1913,3,-9999.9,-9999.9,-9999.9,-9999.9,-9999.9
1913,4,-9999.9,-9999.9,-9999.9,-9999.9,-9999.9
1913,5,-9999.9,-9999.9,-9999.9,-9999.9,-9999.9
1913,6,-9999.9,-9999.9,-9999.9,-9999.9,-9999.9
1913,7,-9999.9,-9999.9,-9999.9,-9999.9,-9999.9
1913,8,-9999.9,-9999.9,-9999.9,-9999.9,-9999.9
1913,9,-9999.9,-9999.9,-9999.9,-9999.9,-9999.9
1913,10,-9999.9,-9999.9,-9999.9,-9999.9,-9999.9
1913,11,-9999.9,-9999.9,-9999.9,-9999.9,-9999.9
1913,12,-9999.9,-9999.9,-9999.9,-9999.9,-9999.9
1914,1,-9999.9,-9999.9,-9999.9,-9999.9,-9999.9
1914,2,-9999.9,-9999.9,-9999.9,-9999.9,-9999.9
1914,3,-9999.9,-9999.9,-9999.9,-9999.9,-9999.9
1914,4,-9999.9,-9999.9,-9999.9,-9999.9,-9999.9
1914,5,-9999.9,-9999.9,-9999.9,-9999.9,-9999.9
1914,6,-9999.9,-9999.9,-9999.9,-9999.9,-9999.9
1914,7,-9999.9,-9999.9,-9999.9,-9999.9,-9999.9
1914,8,-9999.9,-9999.9,-9999.9,-9999.9,-9999.9
1914,9,-9999.9,-9999.9,-9999.9,-9999.9,-9999.9
1914,10,-9999.9,-9999.9,-9999.9,-9999.9,-9999.9
1914,11,-9999.9,-9999.9,-9999.9,-9999.9,-9999.9
1914,12,-9999.9,-9999.9,-9999.9,-9999.9,-9999.9
1915,1,-9999.9,-9999.9,-9999.9,-9999.9,-9999.9
1915,2,-9999.9,-9999.9,-9999.9,-9999.9,-9999.9
1915,3,-9999.9,-9999.9,-9999.9,-9999.9,-9999.9
1915,4,-9999.9,-9999.9,-9999.9,-9999.9,-9999.9
1915,5,-9999.9,-9999.9,-9999.9,-9999.9,-9999.9
1915,6,-9999.9,-9999.9,-9999.9,-9999.9,-9999.9
1915,7,-9999.9,-9999.9,-9999.9,-9999.9,-9999.9
1915,8,-9999.9,-9999.9,-9999.9,-9999.9,-9999.9
1915,9,-9999.9,-9999.9,-9999.9,-9999.9,-9999.9
1915,10,-9999.9,-9999.9,-9999.9,-9999.9,-9999.9
1915,11,-9999.9,-9999.9,-9999.9,-9999.9,-9999.9
1915,12,-9999.9,-9999.9,-9999.9,-9999.9,-9999.9
1916,1,-9999.9,-9999.9,-9999.9,-9999.9,-9999.9
1916,2,-9999.9,-9999.9,-9999.9,-9999.9,-9999.9
1916,3,-9999.9,-9999.9,-9999.9,-9999.9,-9999.9
1916,4,-9999.9,-9999.9,-9999.9,-9999.9,-9999.9
1916,5,-9999.9,-9999.9,-9999.9,-9999.9,-9999.9
1916,6,-9999.9,-9999.9,-9999.9,-9999.9,-9999.9
1916,7,-9999.9,-9999.9,-9999.9,-9999.9,-9999.9
1916,8,-9999.9,-9999.9,-9999.9,-9999.9,-9999.9
1916,9,-9999.9,-9999.9,-9999.9,-9999.9,-9999.9
1916,10,-9999.9,-9999.9,-9999.9,-9999.9,-9999.9
1916,11,-9999.9,-9999.9,-9999.9,-9999.9,-9999.9
1916,12,-9999.9,-9999.9,-9999.9,-9999.9,-9999.9
1917,1,-9999.9,-9999.9,-9999.9,-9999.9,-9999.9
1917,2,-9999.9,-9999.9,-9999.9,-9999.9,-9999.9
1917,3,-9999.9,-9999.9,-9999.9,-9999.9,-9999.9
1917,4,-9999.9,-9999.9,-9999.9,-9999.9,-9999.9
1917,5,-9999.9,-9999.9,-9999.9,-9999.9,-9999.9
1917,6,-9999.9,-9999.9,-9999.9,-9999.9,-9999.9
1917,7,-9999.9,-9999.9,-9999.9,-9999.9,-9999.9
1917,8,-9999.9,-9999.9,-9999.9,-9999.9,-9999.9
1917,9,-9999.9,-9999.9,-9999.9,-9999.9,-9999.9
1917,10,-9999.9,-9999.9,-9999.9,-9999.9,-9999.9
1917,11,-9999.9,-9999.9,-9999.9,-9999.9,-9999.9
1917,12,-9999.9,-9999.9,-9999.9,-9999.9,-9999.9
1918,1,-9999.9,-9999.9,-9999.9,-9999.9,-9999.9
1918,2,-9999.9,-9999.9,-9999.9,-9999.9,-9999.9
1918,3,-9999.9,-9999.9,-9999.9,-9999.9,-9999.9
1918,4,-9999.9,-9999.9,-9999.9,-9999.9,-9999.9
1918,5,-9999.9,-9999.9,-9999.9,-9999.9,-9999.9
1918,6,-9999.9,-9999.9,-9999.9,-9999.9,-9999.9
1918,7,-9999.9,-9999.9,-9999.9,-9999.9,-9999.9
1918,8,-9999.9,-9999.9,-9999.9,-9999.9,-9999.9
1918,9,-9999.9,-9999.9,-9999.9,-9999.9,-9999.9
1918,10,-9999.9,-9999.9,-9999.9,-9999.9,-9999.9
1918,11,-9999.9,-9999.9,-9999.9,-9999.9,-9999.9
1918,12,-9999.9,-9999.9,-9999.9,-9999.9,-9999.9
1919,1,-9999.9,-9999.9,-9999.9,-9999.9,-9999.9
1919,2,-9999.9,-9999.9,-9999.9,-9999.9,-9999.9
1919,3,-9999.9,-9999.9,-9999.9,-9999.9,-9999.9
1919,4,-9999.9,-9999.9,-9999.9,-9999.9,-9999.9
1919,5,-9999.9,-9999.9,-9999.9,-9999.9,-9999.9
1919,6,-9999.9,-9999.9,-9999.9,-9999.9,-9999.9
1919,7,-9999.9,-9999.9,-9999.9,-9999.9,-9999.9
1919,8,-9999.9,-9999.9,-9999.9,-9999.9,-9999.9
1919,9,-9999.9,-9999.9,-9999.9,-9999.9,-9999.9
1919,10,-9999.9,-9999.9,-9999.9,-9999.9,-9999.9
1919,11,-9999.9,-9999.9,-9999.9,-9999.9,-9999.9
1919,12,-9999.9,-9999.9,-9999.9,-9999.9,-9999.9
1920,1,-9999.9,-9999.9,-9999.9,-9999.9,-9999.9
1920,2,-9999.9,-9999.9,-9999.9,-9999.9,-9999.9
1920,3,-9999.9,-9999.9,-9999.9,-9999.9,-9999.9
1920,4,-9999.9,-9999.9,-9999.9,-9999.9,-9999.9
1920,5,-9999.9,-9999.9,-9999.9,-9999.9,-9999.9
1920,6,-9999.9,-9999.9,-9999.9,-9999.9,-9999.9
1920,7,-9999.9,-9999.9,-9999.9,-9999.9,-9999.9
1920,8,-9999.9,-9999.9,-9999.9,-9999.9,-9999.9
1920,9,-9999.9,-9999.9,-9999.9,-9999.9,-9999.9
1920,10,-9999.9,-9999.9,-9999.9,-9999.9,-9999.9
1920,11,-9999.9,-9999.9,-9999.9,-9999.9,-9999.9
1920,12,-9999.9,-9999.9,-9999.9,-9999.9,-9999.9
1921,1,-9999.9,-9999.9,-9999.9,-9999.9,-9999.9
1921,2,-9999.9,-9999.9,-9999.9,-9999.9,-9999.9
1921,3,-9999.9,-9999.9,-9999.9,-9999.9,-9999.9
1921,4,-9999.9,-9999.9,-9999.9,-9999.9,-9999.9
1921,5,-9999.9,-9999.9,-9999.9,-9999.9,-9999.9
1921,6,-9999.9,-9999.9,-9999.9,-9999.9,-9999.9
1921,7,-9999.9,-9999.9,-9999.9,-9999.9,-9999.9
1921,8,-9999.9,-9999.9,-9999.9,-9999.9,-9999.9
1921,9,-9999.9,-9999.9,-9999.9,-9999.9,-9999.9
1921,10,-9999.9,-9999.9,-9999.9,-9999.9,-9999.9
1921,11,-9999.9,-9999.9,-9999.9,-9999.9,-9999.9
1921,12,-9999.9,-9999.9,-9999.9,-9999.9,-9999.9
1922,1,-9999.9,-9999.9,-9999.9,-9999.9,-9999.9
1922,2,-9999.9,-9999.9,-9999.9,-9999.9,-9999.9
1922,3,-9999.9,-9999.9,-9999.9,-9999.9,-9999.9
1922,4,-9999.9,-9999.9,-9999.9,-9999.9,-9999.9
1922,5,-9999.9,-9999.9,-9999.9,-9999.9,-9999.9
1922,6,-9999.9,-9999.9,-9999.9,-9999.9,-9999.9
1922,7,-9999.9,-9999.9,-9999.9,-9999.9,-9999.9
1922,8,-9999.9,-9999.9,-9999.9,-9999.9,-9999.9
1922,9,-9999.9,-9999.9,-9999.9,-9999.9,-9999.9
1922,10,-9999.9,-9999.9,-9999.9,-9999.9,-9999.9
1922,11,-9999.9,-9999.9,-9999.9,-9999.9,-9999.9
1922,12,-9999.9,-9999.9,-9999.9,-9999.9,-9999.9
1923,1,-9999.9,-9999.9,-9999.9,-9999.9,-9999.9
1923,2,-9999.9,-9999.9,-9999.9,-9999.9,-9999.9
1923,3,-9999.9,-9999.9,-9999.9,-9999.9,-9999.9
1923,4,-9999.9,-9999.9,-9999.9,-9999.9,-9999.9
1923,5,-9999.9,-9999.9,-9999.9,-9999.9,-9999.9
1923,6,-9999.9,-9999.9,-9999.9,-9999.9,-9999.9
1923,7,-9999.9,-9999.9,-9999.9,-9999.9,-9999.9
1923,8,-9999.9,-9999.9,-9999.9,-9999.9,-9999.9
1923,9,-9999.9,-9999.9,-9999.9,-9999.9,-9999.9
1923,10,-9999.9,-9999.9,-9999.9,-9999.9,-9999.9
1923,11,-9999.9,-9999.9,-9999.9,-9999.9,-9999.9
1923,12,-9999.9,-9999.9,-9999.9,-9999.9,-9999.9
1924,1,-9999.9,-9999.9,-9999.9,-9999.9,-9999.9
1924,2,-9999.9,-9999.9,-9999.9,-9999.9,-9999.9
1924,3,-9999.9,-9999.9,-9999.9,-9999.9,-9999.9
1924,4,-9999.9,-9999.9,-9999.9,-9999.9,-9999.9
1924,5,-9999.9,-9999.9,-9999.9,-9999.9,-9999.9
1924,6,-9999.9,-9999.9,-9999.9,-9999.9,-9999.9
1924,7,-9999.9,-9999.9,-9999.9,-9999.9,-9999.9
1924,8,-9999.9,-9999.9,-9999.9,-9999.9,-9999.9
1924,9,-9999.9,-9999.9,-9999.9,-9999.9,-9999.9
1924,10,-9999.9,-9999.9,-9999.9,-9999.9,-9999.9
1924,11,-9999.9,-9999.9,-9999.9,-9999.9,-9999.9
1924,12,-9999.9,-9999.9,-9999.9,-9999.9,-9999.9
1925,1,-9999.9,-9999.9,-9999.9,-9999.9,-9999.9
1925,2,-9999.9,-9999.9,-9999.9,-9999.9,-9999.9
1925,3,-9999.9,-9999.9,-9999.9,-9999.9,-9999.9
1925,4,-9999.9,-9999.9,-9999.9,-9999.9,-9999.9
1925,5,-9999.9,-9999.9,-9999.9,-9999.9,-9999.9
1925,6,-9999.9,-9999.9,-9999.9,-9999.9,-9999.9
1925,7,-9999.9,-9999.9,-9999.9,-9999.9,-9999.9
1925,8,-9999.9,-9999.9,-9999.9,-9999.9,-9999.9
1925,9,-9999.9,-9999.9,-9999.9,-9999.9,-9999.9
1925,10,-9999.9,-9999.9,-9999.9,-9999.9,-9999.9
1925,11,-9999.9,-9999.9,-9999.9,-9999.9,-9999.9
1925,12,-9999.9,-9999.9,-9999.9,-9999.9,-9999.9
1926,1,-9999.9,-9999.9,-9999.9,-9999.9,-9999.9
1926,2,-9999.9,-9999.9,-9999.9,-9999.9,-9999.9
1926,3,-9999.9,-9999.9,-9999.9,-9999.9,-9999.9
1926,4,-9999.9,-9999.9,-9999.9,-9999.9,-9999.9
1926,5,-9999.9,-9999.9,-9999.9,-9999.9,-9999.9
1926,6,-9999.9,-9999.9,-9999.9,-9999.9,-9999.9
1926,7,-9999.9,-9999.9,-9999.9,-9999.9,-9999.9
1926,8,-9999.9,-9999.9,-9999.9,-9999.9,-9999.9
1926,9,-9999.9,-9999.9,-9999.9,-9999.9,-9999.9
1926,10,-9999.9,-9999.9,-9999.9,-9999.9,-9999.9
1926,11,-9999.9,-9999.9,-9999.9,-9999.9,-9999.9
1926,12,-9999.9,-9999.9,-9999.9,-9999.9,-9999.9
1927,1,-9999.9,-9999.9,-9999.9,-9999.9,-9999.9
1927,2,-9999.9,-9999.9,-9999.9,-9999.9,-9999.9
1927,3,-9999.9,-9999.9,-9999.9,-9999.9,-9999.9
1927,4,-9999.9,-9999.9,-9999.9,-9999.9,-9999.9
1927,5,-9999.9,-9999.9,-9999.9,-9999.9,-9999.9
1927,6,-9999.9,-9999.9,-9999.9,-9999.9,-9999.9
1927,7,-9999.9,-9999.9,-9999.9,-9999.9,-9999.9
1927,8,-9999.9,-9999.9,-9999.9,-9999.9,-9999.9
1927,9,-9999.9,-9999.9,-9999.9,-9999.9,-9999.9
1927,10,-9999.9,-9999.9,-9999.9,-9999.9,-9999.9
1927,11,-9999.9,-9999.9,-9999.9,-9999.9,-9999.9
1927,12,-9999.9,-9999.9,-9999.9,-9999.9,-9999.9
1928,1,-9999.9,-9999.9,-9999.9,-9999.9,-9999.9
1928,2,-9999.9,-9999.9,-9999.9,-9999.9,-9999.9
1928,3,-9999.9,-9999.9,-9999.9,-9999.9,-9999.9
1928,4,-9999.9,-9999.9,-9999.9,-9999.9,-9999.9
1928,5,-9999.9,-9999.9,-9999.9,-9999.9,-9999.9
1928,6,-9999.9,-9999.9,-9999.9,-9999.9,-9999.9
1928,7,-9999.9,-9999.9,-9999.9,-9999.9,-9999.9
1928,8,-9999.9,-9999.9,-9999.9,-9999.9,-9999.9
1928,9,-9999.9,-9999.9,-9999.9,-9999.9,-9999.9
1928,10,-9999.9,-9999.9,-9999.9,-9999.9,-9999.9
1928,11,-9999.9,-9999.9,-9999.9,-9999.9,-9999.9
1928,12,-9999.9,-9999.9,-9999.9,-9999.9,-9999.9
1929,1,-9999.9,-9999.9,-9999.9,-9999.9,-9999.9
1929,2,-9999.9,-9999.9,-9999.9,-9999.9,-9999.9
1929,3,-9999.9,-9999.9,-9999.9,-9999.9,-9999.9
1929,4,-9999.9,-9999.9,-9999.9,-9999.9,-9999.9
1929,5,-9999.9,-9999.9,-9999.9,-9999.9,-9999.9
1929,6,-9999.9,-9999.9,-9999.9,-9999.9,-9999.9
1929,7,-9999.9,-9999.9,-9999.9,-9999.9,-9999.9
1929,8,-9999.9,-9999.9,-9999.9,-9999.9,-9999.9
1929,9,-9999.9,-9999.9,-9999.9,-9999.9,-9999.9
1929,10,-9999.9,-9999.9,-9999.9,-9999.9,-9999.9
1929,11,-9999.9,-9999.9,-9999.9,-9999.9,-9999.9
1929,12,-9999.9,-9999.9,-9999.9,-9999.9,-9999.9
1930,1,-9999.9,-9999.9,-9999.9,-9999.9,-9999.9
1930,2,-9999.9,-9999.9,-9999.9,-9999.9,-9999.9
1930,3,-9999.9,-9999.9,-9999.9,-9999.9,-9999.9
1930,4,-9999.9,-9999.9,-9999.9,-9999.9,-9999.9
1930,5,-9999.9,-9999.9,-9999.9,-9999.9,-9999.9
1930,6,-9999.9,-9999.9,-9999.9,-9999.9,-9999.9
1930,7,-9999.9,-9999.9,-9999.9,-9999.9,-9999.9
1930,8,-9999.9,-9999.9,-9999.9,-9999.9,-9999.9
1930,9,-9999.9,-9999.9,-9999.9,-9999.9,-9999.9
1930,10,-9999.9,-9999.9,-9999.9,-9999.9,-9999.9
1930,11,-9999.9,-9999.9,-9999.9,-9999.9,-9999.9
1930,12,-9999.9,-9999.9,-9999.9,-9999.9,-9999.9
1931,1,-9999.9,-9999.9,-9999.9,-9999.9,-9999.9
1931,2,-9999.9,-9999.9,-9999.9,-9999.9,-9999.9
1931,3,-9999.9,-9999.9,-9999.9,-9999.9,-9999.9
1931,4,-9999.9,-9999.9,-9999.9,-9999.9,-9999.9
1931,5,-9999.9,-9999.9,-9999.9,-9999.9,-9999.9
1931,6,-9999.9,-9999.9,-9999.9,-9999.9,-9999.9
1931,7,-9999.9,-9999.9,-9999.9,-9999.9,-9999.9
1931,8,-9999.9,-9999.9,-9999.9,-9999.9,-9999.9
1931,9,-9999.9,-9999.9,-9999.9,-9999.9,-9999.9
1931,10,-9999.9,-9999.9,-9999.9,-9999.9,-9999.9
1931,11,-9999.9,-9999.9,-9999.9,-9999.9,-9999.9
1931,12,-9999.9,-9999.9,-9999.9,-9999.9,-9999.9
1932,1,-9999.9,-9999.9,-9999.9,-9999.9,-9999.9
1932,2,-9999.9,-9999.9,-9999.9,-9999.9,-9999.9
1932,3,-9999.9,-9999.9,-9999.9,-9999.9,-9999.9
1932,4,-9999.9,-9999.9,-9999.9,-9999.9,-9999.9
1932,5,-9999.9,-9999.9,-9999.9,-9999.9,-9999.9
1932,6,-9999.9,-9999.9,-9999.9,-9999.9,-9999.9
1932,7,-9999.9,-9999.9,-9999.9,-9999.9,-9999.9
1932,8,-9999.9,-9999.9,-9999.9,-9999.9,-9999.9
1932,9,-9999.9,-9999.9,-9999.9,-9999.9,-9999.9
1932,10,-9999.9,-9999.9,-9999.9,-9999.9,-9999.9
1932,11,-9999.9,-9999.9,-9999.9,-9999.9,-9999.9
1932,12,-9999.9,-9999.9,-9999.9,-9999.9,-9999.9
1933,1,-9999.9,-9999.9,-9999.9,-9999.9,-9999.9
1933,2,-9999.9,-9999.9,-9999.9,-9999.9,-9999.9
1933,3,-9999.9,-9999.9,-9999.9,-9999.9,-9999.9
1933,4,-9999.9,-9999.9,-9999.9,-9999.9,-9999.9
1933,5,-9999.9,-9999.9,-9999.9,-9999.9,-9999.9
1933,6,-9999.9,-9999.9,-9999.9,-9999.9,-9999.9
1933,7,-9999.9,-9999.9,-9999.9,-9999.9,-9999.9
1933,8,-9999.9,-9999.9,-9999.9,-9999.9,-9999.9
1933,9,-9999.9,-9999.9,-9999.9,-9999.9,-9999.9
1933,10,-9999.9,-9999.9,-9999.9,-9999.9,-9999.9
1933,11,-9999.9,-9999.9,-9999.9,-9999.9,-9999.9
1933,12,-9999.9,-9999.9,-9999.9,-9999.9,-9999.9
1934,1,-9999.9,-9999.9,-9999.9,-9999.9,-9999.9
1934,2,-9999.9,-9999.9,-9999.9,-9999.9,-9999.9
1934,3,-9999.9,-9999.9,-9999.9,-9999.9,-9999.9
1934,4,-9999.9,-9999.9,-9999.9,-9999.9,-9999.9
1934,5,-9999.9,-9999.9,-9999.9,-9999.9,-9999.9
1934,6,-9999.9,-9999.9,-9999.9,-9999.9,-9999.9
1934,7,-9999.9,-9999.9,-9999.9,-9999.9,-9999.9
1934,8,-9999.9,-9999.9,-9999.9,-9999.9,-9999.9
1934,9,-9999.9,-9999.9,-9999.9,-9999.9,-9999.9
1934,10,-9999.9,-9999.9,-9999.9,-9999.9,-9999.9
1934,11,-9999.9,-9999.9,-9999.9,-9999.9,-9999.9
1934,12,-9999.9,-9999.9,-9999.9,-9999.9,-9999.9
1935,1,-9999.9,-9999.9,-9999.9,-9999.9,-9999.9
1935,2,-9999.9,-9999.9,-9999.9,-9999.9,-9999.9
1935,3,-9999.9,-9999.9,-9999.9,-9999.9,-9999.9
1935,4,-9999.9,-9999.9,-9999.9,-9999.9,-9999.9
1935,5,-9999.9,-9999.9,-9999.9,-9999.9,-9999.9
1935,6,-9999.9,-9999.9,-9999.9,-9999.9,-9999.9
1935,7,-9999.9,-9999.9,-9999.9,-9999.9,-9999.9
1935,8,-9999.9,-9999.9,-9999.9,-9999.9,-9999.9
1935,9,-9999.9,-9999.9,-9999.9,-9999.9,-9999.9
1935,10,-9999.9,-9999.9,-9999.9,-9999.9,-9999.9
1935,11,-9999.9,-9999.9,-9999.9,-9999.9,-9999.9
1935,12,-9999.9,-9999.9,-9999.9,-9999.9,-9999.9
1936,1,-9999.9,-9999.9,-9999.9,-9999.9,-9999.9
1936,2,-9999.9,-9999.9,-9999.9,-9999.9,-9999.9
1936,3,-9999.9,-9999.9,-9999.9,-9999.9,-9999.9
1936,4,-9999.9,-9999.9,-9999.9,-9999.9,-9999.9
1936,5,-9999.9,-9999.9,-9999.9,-9999.9,-9999.9
1936,6,-9999.9,-9999.9,-9999.9,-9999.9,-9999.9
1936,7,-9999.9,-9999.9,-9999.9,-9999.9,-9999.9
1936,8,-9999.9,-9999.9,-9999.9,-9999.9,-9999.9
1936,9,-9999.9,-9999.9,-9999.9,-9999.9,-9999.9
1936,10,-9999.9,-9999.9,-9999.9,-9999.9,-9999.9
1936,11,-9999.9,-9999.9,-9999.9,-9999.9,-9999.9
1936,12,-9999.9,-9999.9,-9999.9,-9999.9,-9999.9
1937,1,-9999.9,-9999.9,-9999.9,-9999.9,-9999.9
1937,2,-9999.9,-9999.9,-9999.9,-9999.9,-9999.9
1937,3,-9999.9,-9999.9,-9999.9,-9999.9,-9999.9
1937,4,-9999.9,-9999.9,-9999.9,-9999.9,-9999.9
1937,5,-9999.9,-9999.9,-9999.9,-9999.9,-9999.9
1937,6,-9999.9,-9999.9,-9999.9,-9999.9,-9999.9
1937,7,-9999.9,-9999.9,-9999.9,-9999.9,-9999.9
1937,8,-9999.9,-9999.9,-9999.9,-9999.9,-9999.9
1937,9,-9999.9,-9999.9,-9999.9,-9999.9,-9999.9
1937,10,-9999.9,-9999.9,-9999.9,-9999.9,-9999.9
1937,11,-9999.9,-9999.9,-9999.9,-9999.9,-9999.9
1937,12,-9999.9,-9999.9,-9999.9,-9999.9,-9999.9
1938,1,-9999.9,-9999.9,-9999.9,-9999.9,-9999.9
1938,2,-9999.9,-9999.9,-9999.9,-9999.9,-9999.9
1938,3,-9999.9,-9999.9,-9999.9,-9999.9,-9999.9
1938,4,-9999.9,-9999.9,-9999.9,-9999.9,-9999.9
1938,5,-9999.9,-9999.9,-9999.9,-9999.9,-9999.9
1938,6,-9999.9,-9999.9,-9999.9,-9999.9,-9999.9
1938,7,-9999.9,-9999.9,-9999.9,-9999.9,-9999.9
1938,8,-9999.9,-9999.9,-9999.9,-9999.9,-9999.9
1938,9,-9999.9,-9999.9,-9999.9,-9999.9,-9999.9
1938,10,-9999.9,-9999.9,-9999.9,-9999.9,-9999.9
1938,11,-9999.9,-9999.9,-9999.9,-9999.9,-9999.9
1938,12,-9999.9,-9999.9,-9999.9,-9999.9,-9999.9
1939,1,-9999.9,-9999.9,-9999.9,-9999.9,-9999.9
1939,2,-9999.9,-9999.9,-9999.9,-9999.9,-9999.9
1939,3,-9999.9,-9999.9,-9999.9,-9999.9,-9999.9
1939,4,-9999.9,-9999.9,-9999.9,-9999.9,-9999.9
1939,5,-9999.9,-9999.9,-9999.9,-9999.9,-9999.9
1939,6,-9999.9,-9999.9,-9999.9,-9999.9,-9999.9
1939,7,-9999.9,-9999.9,-9999.9,-9999.9,-9999.9
1939,8,-9999.9,-9999.9,-9999.9,-9999.9,-9999.9
1939,9,-9999.9,-9999.9,-9999.9,-9999.9,-9999.9
1939,10,-9999.9,-9999.9,-9999.9,-9999.9,-9999.9
1939,11,-9999.9,-9999.9,-9999.9,-9999.9,-9999.9
1939,12,-9999.9,-9999.9,-9999.9,-9999.9,-9999.9
1940,1,-9999.9,-9999.9,-9999.9,-9999.9,-9999.9
1940,2,-9999.9,-9999.9,-9999.9,-9999.9,-9999.9
1940,3,-9999.9,-9999.9,-9999.9,-9999.9,-9999.9
1940,4,-9999.9,-9999.9,-9999.9,-9999.9,-9999.9
1940,5,-9999.9,-9999.9,-9999.9,-9999.9,-9999.9
1940,6,-9999.9,-9999.9,-9999.9,-9999.9,-9999.9
1940,7,-9999.9,-9999.9,-9999.9,-9999.9,-9999.9
1940,8,-9999.9,-9999.9,-9999.9,-9999.9,-9999.9
1940,9,-9999.9,-9999.9,-9999.9,-9999.9,-9999.9
1940,10,-9999.9,-9999.9,-9999.9,-9999.9,-9999.9
1940,11,-9999.9,-9999.9,-9999.9,-9999.9,-9999.9
1940,12,-9999.9,-9999.9,-9999.9,-9999.9,-9999.9
1941,1,-9999.9,-9999.9,-9999.9,-9999.9,-9999.9
1941,2,-9999.9,-9999.9,-9999.9,-9999.9,-9999.9
1941,3,-9999.9,-9999.9,-9999.9,-9999.9,-9999.9
1941,4,-9999.9,-9999.9,-9999.9,-9999.9,-9999.9
1941,5,-9999.9,-9999.9,-9999.9,-9999.9,-9999.9
1941,6,-9999.9,-9999.9,-9999.9,-9999.9,-9999.9
1941,7,-9999.9,-9999.9,-9999.9,-9999.9,-9999.9
1941,8,-9999.9,-9999.9,-9999.9,-9999.9,-9999.9
1941,9,-9999.9,-9999.9,-9999.9,-9999.9,-9999.9
1941,10,-9999.9,-9999.9,-9999.9,-9999.9,-9999.9
1941,11,-9999.9,-9999.9,-9999.9,-9999.9,-9999.9
1941,12,-9999.9,-9999.9,-9999.9,-9999.9,-9999.9
1942,1,-9999.9,-9999.9,-9999.9,-9999.9,-9999.9
1942,2,-9999.9,-9999.9,-9999.9,-9999.9,-9999.9
1942,3,-9999.9,-9999.9,-9999.9,-9999.9,-9999.9
1942,4,-9999.9,-9999.9,-9999.9,-9999.9,-9999.9
1942,5,-9999.9,-9999.9,-9999.9,-9999.9,-9999.9
1942,6,-9999.9,-9999.9,-9999.9,-9999.9,-9999.9
1942,7,-9999.9,-9999.9,-9999.9,-9999.9,-9999.9
1942,8,-9999.9,-9999.9,-9999.9,-9999.9,-9999.9
1942,9,-9999.9,-9999.9,-9999.9,-9999.9,-9999.9
1942,10,-9999.9,-9999.9,-9999.9,-9999.9,-9999.9
1942,11,-9999.9,-9999.9,-9999.9,-9999.9,-9999.9
1942,12,-9999.9,-9999.9,-9999.9,-9999.9,-9999.9
1943,1,-9999.9,-9999.9,-9999.9,-9999.9,-9999.9
1943,2,-9999.9,-9999.9,-9999.9,-9999.9,-9999.9
1943,3,-9999.9,-9999.9,-9999.9,-9999.9,-9999.9
1943,4,-9999.9,-9999.9,-9999.9,-9999.9,-9999.9
1943,5,-9999.9,-9999.9,-9999.9,-9999.9,-9999.9
1943,6,-9999.9,-9999.9,-9999.9,-9999.9,-9999.9
1943,7,-9999.9,-9999.9,-9999.9,-9999.9,-9999.9
1943,8,-9999.9,-9999.9,-9999.9,-9999.9,-9999.9
1943,9,-9999.9,-9999.9,-9999.9,-9999.9,-9999.9
1943,10,-9999.9,-9999.9,-9999.9,-9999.9,-9999.9
1943,11,-9999.9,-9999.9,-9999.9,-9999.9,-9999.9
1943,12,-9999.9,-9999.9,-9999.9,-9999.9,-9999.9
1944,1,-9999.9,-9999.9,-9999.9,-9999.9,-9999.9
1944,2,-9999.9,-9999.9,-9999.9,-9999.9,-9999.9
1944,3,-9999.9,-9999.9,-9999.9,-9999.9,-9999.9
1944,4,-9999.9,-9999.9,-9999.9,-9999.9,-9999.9
1944,5,-9999.9,-9999.9,-9999.9,-9999.9,-9999.9
1944,6,-9999.9,-9999.9,-9999.9,-9999.9,-9999.9
1944,7,-9999.9,-9999.9,-9999.9,-9999.9,-9999.9
1944,8,-9999.9,-9999.9,-9999.9,-9999.9,-9999.9
1944,9,-9999.9,-9999.9,-9999.9,-9999.9,-9999.9
1944,10,-9999.9,-9999.9,-9999.9,-9999.9,-9999.9
1944,11,-9999.9,-9999.9,-9999.9,-9999.9,-9999.9
1944,12,-9999.9,-9999.9,-9999.9,-9999.9,-9999.9
1945,1,-9999.9,-9999.9,-9999.9,-9999.9,-9999.9
1945,2,-9999.9,-9999.9,-9999.9,-9999.9,-9999.9
1945,3,-9999.9,-9999.9,-9999.9,-9999.9,-9999.9
1945,4,-9999.9,-9999.9,-9999.9,-9999.9,-9999.9
1945,5,-9999.9,-9999.9,-9999.9,-9999.9,-9999.9
1945,6,-9999.9,-9999.9,-9999.9,-9999.9,-9999.9
1945,7,-9999.9,-9999.9,-9999.9,-9999.9,-9999.9
1945,8,-9999.9,-9999.9,-9999.9,-9999.9,-9999.9
1945,9,-9999.9,-9999.9,-9999.9,-9999.9,-9999.9
1945,10,-9999.9,-9999.9,-9999.9,-9999.9,-9999.9
1945,11,-9999.9,-9999.9,-9999.9,-9999.9,-9999.9
1945,12,-9999.9,-9999.9,-9999.9,-9999.9,-9999.9
1946,1,-9999.9,-9999.9,-9999.9,-9999.9,-9999.9
1946,2,-9999.9,-9999.9,-9999.9,-9999.9,-9999.9
1946,3,-9999.9,-9999.9,-9999.9,-9999.9,-9999.9
1946,4,-9999.9,-9999.9,-9999.9,-9999.9,-9999.9
1946,5,-9999.9,-9999.9,-9999.9,-9999.9,-9999.9
1946,6,-9999.9,-9999.9,-9999.9,-9999.9,-9999.9
1946,7,-9999.9,-9999.9,-9999.9,-9999.9,-9999.9
1946,8,-9999.9,-9999.9,-9999.9,-9999.9,-9999.9
1946,9,-9999.9,-9999.9,-9999.9,-9999.9,-9999.9
1946,10,-9999.9,-9999.9,-9999.9,-9999.9,-9999.9
1946,11,-9999.9,-9999.9,-9999.9,-9999.9,-9999.9
1946,12,-9999.9,-9999.9,-9999.9,-9999.9,-9999.9
1947,1,-9999.9,-9999.9,-9999.9,-9999.9,-9999.9
1947,2,-9999.9,-9999.9,-9999.9,-9999.9,-9999.9
1947,3,-9999.9,-9999.9,-9999.9,-9999.9,-9999.9
1947,4,-9999.9,-9999.9,-9999.9,-9999.9,-9999.9
1947,5,-9999.9,-9999.9,-9999.9,-9999.9,-9999.9
1947,6,-9999.9,-9999.9,-9999.9,-9999.9,-9999.9
1947,7,-9999.9,-9999.9,-9999.9,-9999.9,-9999.9
1947,8,-9999.9,-9999.9,-9999.9,-9999.9,-9999.9
1947,9,-9999.9,-9999.9,-9999.9,-9999.9,-9999.9
1947,10,-9999.9,-9999.9,-9999.9,-9999.9,-9999.9
1947,11,-9999.9,-9999.9,-9999.9,-9999.9,-9999.9
1947,12,-9999.9,-9999.9,-9999.9,-9999.9,-9999.9
1948,1,-9999.9,-9999.9,133.66,-9999.9,-9999.9
1948,2,-9999.9,-9999.9,88.16,-9999.9,-9999.9
1948,3,-9999.9,-9999.9,49.68,-9999.9,-9999.9
1948,4,-9999.9,-9999.9,11.49,-9999.9,-9999.9
1948,5,-9999.9,-9999.9,7.18,-9999.9,-9999.9
1948,6,-9999.9,-9999.9,-2.13,-9999.9,-9999.9
1948,7,-9999.9,-9999.9,3.45,-9999.9,-9999.9
1948,8,-9999.9,-9999.9,24.7,-9999.9,-9999.9
1948,9,-9999.9,-9999.9,62.85,-9999.9,-9999.9
1948,10,-9999.9,-9999.9,107.24,-9999.9,-9999.9
1948,11,-9999.9,-9999.9,106.8,-9999.9,-9999.9
1948,12,-9999.9,-9999.9,122.84,-9999.9,-9999.9
1949,1,-9999.9,-9999.9,88.33,-9999.9,-9999.9
1949,2,-9999.9,-9999.9,37.45,-9999.9,-9999.9
1949,3,-9999.9,-9999.9,23.4,-9999.9,-9999.9
1949,4,-9999.9,-9999.9,21.24,-9999.9,-9999.9
1949,5,-9999.9,-9999.9,4.25,-9999.9,-9999.9
1949,6,-9999.9,-9999.9,-5.11,-9999.9,-9999.9
1949,7,-9999.9,-9999.9,-7.76,-9999.9,-9999.9
1949,8,-9999.9,-9999.9,-5.39,-9999.9,-9999.9
1949,9,-9999.9,-9999.9,35.86,-9999.9,-9999.9
1949,10,-9999.9,-9999.9,66.48,-9999.9,-9999.9
1949,11,-9999.9,-9999.9,105.8,-9999.9,-9999.9
1949,12,-9999.9,-9999.9,104.17,-9999.9,-9999.9
1950,1,128.15,-9999.9,57.11,-9999.9,-9999.9
1950,2,49.4,-9999.9,18.49,-9999.9,-9999.9
1950,3,38.01,-9999.9,13.32,-9999.9,-9999.9
1950,4,25.4,-9999.9,15.34,-9999.9,-9999.9
1950,5,-0.51,-9999.9,4.65,-9999.9,-9999.9
1950,6,-4.86,-9999.9,-5.5,-9999.9,-9999.9
1950,7,-5.26,-9999.9,-6.49,-9999.9,-9999.9
1950,8,1.66,-9999.9,-3.78,-9999.9,-9999.9
1950,9,24.13,-9999.9,0.67,-9999.9,-9999.9
1950,10,42.62,-9999.9,37.11,-9999.9,-9999.9
1950,11,106.54,-9999.9,98.17,-9999.9,-9999.9
1950,12,109.7,-9999.9,74.57,-9999.9,-9999.9
1951,1,72.42,-9999.9,29.84,-9999.9,-9999.9
1951,2,33.05,-9999.9,7.02,-9999.9,-9999.9
1951,3,33.4,-9999.9,2.84,-9999.9,-9999.9
1951,4,7.8,-9999.9,0.93,-9999.9,-9999.9
1951,5,-2.28,-9999.9,1.62,-9999.9,-9999.9
1951,6,-4.32,-9999.9,-4.71,-9999.9,-9999.9
1951,7,-6.19,-9999.9,-6.32,-9999.9,-9999.9
1951,8,3.44,-9999.9,-5.57,-9999.9,-9999.9
1951,9,48.78,-9999.9,25.31,-9999.9,-9999.9
1951,10,59.45,-9999.9,67.78,-9999.9,-9999.9
1951,11,106.23,-9999.9,113.17,-9999.9,-9999.9
1951,12,98.13,-9999.9,83.23,-9999.9,-9999.9
1952,1,78.83,-9999.9,35.52,-9999.9,-9999.9
1952,2,39.42,-9999.9,13.7,-9999.9,-9999.9
1952,3,31.44,-9999.9,11.26,-9999.9,-9999.9
1952,4,8.7,-9999.9,11.45,-9999.9,-9999.9
1952,5,-0.93,-9999.9,0.02,-9999.9,-9999.9
1952,6,-5.31,-9999.9,-6.05,-9999.9,-9999.9
1952,7,-5.83,-9999.9,-7.79,-9999.9,-9999.9
1952,8,4.7,-9999.9,-5.75,-9999.9,-9999.9
1952,9,40.9,-9999.9,29.05,-9999.9,-9999.9
1952,10,105.86,-9999.9,100.83,-9999.9,-9999.9
1952,11,81.68,-9999.9,91.28,-9999.9,-9999.9
1952,12,88.01,-9999.9,81.54,-9999.9,-9999.9
1953,1,91.58,-9999.9,62.16,-9999.9,-9999.9
1953,2,65.33,-9999.9,29.08,-9999.9,-9999.9
1953,3,35.31,-9999.9,21.63,-9999.9,-9999.9
1953,4,20.33,-9999.9,19.52,-9999.9,-9999.9
1953,5,1.02,-9999.9,1.57,-9999.9,-9999.9
1953,6,-6.41,-9999.9,-6.41,-9999.9,-9999.9
1953,7,-2.25,-9999.9,-6.64,-9999.9,-9999.9
1953,8,7.28,-9999.9,-5.93,-9999.9,-9999.9
1953,9,70.59,-9999.9,42.75,-9999.9,-9999.9
1953,10,50.94,-9999.9,59.74,-9999.9,-9999.9
1953,11,80.71,-9999.9,91,-9999.9,-9999.9
1953,12,123.62,-9999.9,113.04,-9999.9,-9999.9
1954,1,124.39,-9999.9,77.84,-9999.9,-9999.9
1954,2,45.51,-9999.9,24.14,-9999.9,-9999.9
1954,3,76.78,-9999.9,44.4,-9999.9,-9999.9
1954,4,24.17,-9999.9,13.29,-9999.9,-9999.9
1954,5,8.29,-9999.9,5.54,-9999.9,-9999.9
1954,6,-5.37,-9999.9,-5.72,-9999.9,-9999.9
1954,7,-4.16,-9999.9,-5.41,-9999.9,-9999.9
1954,8,15.61,-9999.9,3.96,-9999.9,-9999.9
1954,9,44.26,-9999.9,34.75,-9999.9,-9999.9
1954,10,68.5,-9999.9,65.6,-9999.9,-9999.9
1954,11,80.95,-9999.9,67.15,-9999.9,-9999.9
1954,12,107.38,-9999.9,96.2,-9999.9,-9999.9
1955,1,103.08,-9999.9,98.04,-9999.9,-9999.9
1955,2,72.41,-9999.9,72.65,-9999.9,-9999.9
1955,3,58.86,-9999.9,62.65,-9999.9,-9999.9
1955,4,2.57,-9999.9,1.61,-9999.9,-9999.9
1955,5,-0.35,-9999.9,0.09,-9999.9,-9999.9
1955,6,-5.74,-9999.9,-5.43,-9999.9,-9999.9
1955,7,-3.64,-9999.9,-6.34,-9999.9,-9999.9
1955,8,20.22,-9999.9,18.55,-9999.9,-9999.9
1955,9,66.71,-9999.9,64.95,-9999.9,-9999.9
1955,10,55.55,-9999.9,54.23,-9999.9,-9999.9
1955,11,115.5,-9999.9,129.61,-9999.9,-9999.9
1955,12,123.76,-9999.9,136.97,-9999.9,-9999.9
1956,1,74.48,-9999.9,92.26,-9999.9,-9999.9
1956,2,51.8,-9999.9,67.42,-9999.9,-9999.9
1956,3,37.5,-9999.9,44.75,-9999.9,-9999.9
1956,4,21.71,-9999.9,28.35,-9999.9,-9999.9
1956,5,3.09,-9999.9,12.97,-9999.9,-9999.9
1956,6,-4.39,-9999.9,-4.48,-9999.9,-9999.9
1956,7,-4.47,-9999.9,-5.81,-9999.9,-9999.9
1956,8,3.28,-9999.9,2.86,-9999.9,-9999.9
1956,9,45.48,-9999.9,55.01,-9999.9,-9999.9
1956,10,42.36,-9999.9,61.9,-9999.9,-9999.9
1956,11,91.78,-9999.9,120.93,-9999.9,-9999.9
1956,12,89.17,-9999.9,106.46,-9999.9,-9999.9
1957,1,77.58,-9999.9,73.35,-9999.9,-9999.9
1957,2,25.87,-9999.9,18.98,-9999.9,-9999.9
1957,3,20.71,-9999.9,19.22,-9999.9,-9999.9
1957,4,12.6,-9999.9,14.98,-9999.9,-9999.9
1957,5,1.1,-9999.9,6.36,-9999.9,-9999.9
1957,6,-4.06,-9999.9,-4.61,-9999.9,-9999.9
1957,7,-5.2,-9999.9,-6.29,-9999.9,-9999.9
1957,8,6.28,-9999.9,-0.42,-9999.9,-9999.9
1957,9,46.68,-9999.9,44.5,-9999.9,-9999.9
1957,10,59.4,-9999.9,67.49,-9999.9,-9999.9
1957,11,92.44,-9999.9,113.08,-9999.9,-9999.9
1957,12,95.67,-9999.9,93.06,-9999.9,-9999.9
1958,1,69.27,-9999.9,58.62,-9999.9,-9999.9
1958,2,62.65,-9999.9,39.33,-9999.9,-9999.9
1958,3,19.69,-9999.9,17.98,-9999.9,-9999.9
1958,4,16.89,-9999.9,26.66,-9999.9,-9999.9
1958,5,6.19,-9999.9,6.94,-9999.9,-9999.9
1958,6,-1.6,-9999.9,-2.21,-9999.9,-9999.9
1958,7,-1.6,-9999.9,-6.81,-9999.9,-9999.9
1958,8,32.66,-9999.9,2.02,-9999.9,-9999.9
1958,9,42.68,-9999.9,39.58,-9999.9,-9999.9
1958,10,57.95,-9999.9,65.37,-9999.9,-9999.9
1958,11,101.77,-9999.9,118.66,-9999.9,-9999.9
1958,12,130.04,-9999.9,120.05,-9999.9,-9999.9
1959,1,99.17,-9999.9,63.35,-9999.9,-9999.9
1959,2,39.28,-9999.9,21.29,-9999.9,-9999.9
1959,3,25.61,-9999.9,17.3,-9999.9,-9999.9
1959,4,12.17,-9999.9,19.08,-9999.9,-9999.9
1959,5,-0.8,-9999.9,1.38,-9999.9,-9999.9
1959,6,-4.07,-9999.9,-4.72,-9999.9,-9999.9
1959,7,-5.02,-9999.9,-6.01,-9999.9,-9999.9
1959,8,2.17,-9999.9,-6.39,-9999.9,-9999.9
1959,9,49.5,-9999.9,32.89,-9999.9,-9999.9
1959,10,84.78,-9999.9,83.76,-9999.9,-9999.9
1959,11,119.52,-9999.9,120.92,-9999.9,-9999.9
1959,12,82.7,-9999.9,83.93,-9999.9,-9999.9
1960,1,77.63,-9999.9,62.2,-9999.9,-9999.9
1960,2,53.3,-9999.9,29.21,-9999.9,-9999.9
1960,3,40.56,-9999.9,20.97,-9999.9,-9999.9
1960,4,10.88,-9999.9,11.98,-9999.9,-9999.9
1960,5,2.19,-9999.9,3.62,-9999.9,-9999.9
1960,6,-3.28,-9999.9,-3.66,-9999.9,-9999.9
1960,7,-3.31,-9999.9,-5.18,-9999.9,-9999.9
1960,8,7.34,-9999.9,-5.41,-9999.9,-9999.9
1960,9,51.24,-9999.9,35.17,-9999.9,-9999.9
1960,10,66.43,-9999.9,72.45,-9999.9,-9999.9
1960,11,88.62,-9999.9,107.05,-9999.9,-9999.9
1960,12,116.96,-9999.9,113.44,-9999.9,-9999.9
1961,1,78.96,-9999.9,60.03,-9999.9,-9999.9
1961,2,31.56,-9999.9,20.85,-9999.9,-9999.9
1961,3,27.81,-9999.9,20.02,-9999.9,-9999.9
1961,4,13.88,-9999.9,14.81,-9999.9,-9999.9
1961,5,4.34,-9999.9,7.49,-9999.9,-9999.9
1961,6,-2.76,-9999.9,-3.9,-9999.9,-9999.9
1961,7,-3.22,-9999.9,-6.17,-9999.9,-9999.9
1961,8,15.28,-9999.9,-2.32,-9999.9,-9999.9
1961,9,62.86,-9999.9,47.04,-9999.9,-9999.9
1961,10,66.2,-9999.9,68.05,-9999.9,-9999.9
1961,11,84.22,-9999.9,94.12,-9999.9,-9999.9
1961,12,108.84,-9999.9,111.68,-9999.9,-9999.9
1962,1,111.94,-9999.9,77.71,-9999.9,-9999.9
1962,2,41.93,-9999.9,23.33,-9999.9,-9999.9
1962,3,19.48,-9999.9,15.94,-9999.9,-9999.9
1962,4,16.04,-9999.9,18.67,-9999.9,-9999.9
1962,5,-1.39,-9999.9,0.75,-9999.9,-9999.9
1962,6,-2.86,-9999.9,-4.01,-9999.9,-9999.9
1962,7,-2.51,-9999.9,-4.85,-9999.9,-9999.9
1962,8,9.63,-9999.9,-3.33,-9999.9,-9999.9
1962,9,56.4,-9999.9,36.61,-9999.9,-9999.9
1962,10,57.38,-9999.9,57.8,-9999.9,-9999.9
1962,11,72.71,-9999.9,83.01,-9999.9,-9999.9
1962,12,122.55,-9999.9,110.37,-9999.9,-9999.9
1963,1,91.1,-9999.9,64.71,-9999.9,-9999.9
1963,2,38.36,-9999.9,19.07,-9999.9,-9999.9
1963,3,21.48,-9999.9,10.88,-9999.9,-9999.9
1963,4,10.1,-9999.9,16.6,-9999.9,-9999.9
1963,5,1.1,-9999.9,3.98,-9999.9,-9999.9
1963,6,-4.32,-9999.9,-4.82,-9999.9,-9999.9
1963,7,-4.98,-9999.9,-6.06,-9999.9,-9999.9
1963,8,7.86,-9999.9,-3.86,-9999.9,-9999.9
1963,9,39.39,-9999.9,21.68,-9999.9,-9999.9
1963,10,33.63,-9999.9,24.63,-9999.9,-9999.9
1963,11,88.54,-9999.9,81.49,-9999.9,-9999.9
1963,12,140.78,-9999.9,127.14,-9999.9,-9999.9
1964,1,80.78,-9999.9,76.58,-9999.9,-9999.9
1964,2,65.33,-9999.9,61.05,-9999.9,-9999.9
1964,3,61.13,-9999.9,65.61,-9999.9,-9999.9
1964,4,13.62,-9999.9,16.64,-9999.9,-9999.9
1964,5,-1.48,-9999.9,-2.2,-9999.9,-9999.9
1964,6,-3.26,-9999.9,-3.46,-9999.9,-9999.9
1964,7,-1.02,-9999.9,-0.6,-9999.9,-9999.9
1964,8,32.4,-9999.9,34.4,-9999.9,-9999.9
1964,9,57.62,-9999.9,54.8,-9999.9,-9999.9
1964,10,67.75,-9999.9,70.14,-9999.9,-9999.9
1964,11,89.27,-9999.9,89.84,-9999.9,-9999.9
1964,12,118.3,-9999.9,121.71,-9999.9,-9999.9
1965,1,110.39,-9999.9,119.27,-9999.9,-9999.9
1965,2,53.62,-9999.9,56.28,-9999.9,-9999.9
1965,3,31.77,-9999.9,33.16,-9999.9,-9999.9
1965,4,8.76,-9999.9,7.95,-9999.9,-9999.9
1965,5,-1.58,-9999.9,-1.77,-9999.9,-9999.9
1965,6,-3.38,-9999.9,-3.46,-9999.9,-9999.9
1965,7,-2.56,-9999.9,-3.26,-9999.9,-9999.9
1965,8,18.22,-9999.9,16.74,-9999.9,-9999.9
1965,9,53.76,-9999.9,50.52,-9999.9,-9999.9
1965,10,64.85,-9999.9,63.98,-9999.9,-9999.9
1965,11,104.51,-9999.9,108.96,-9999.9,-9999.9
1965,12,90.65,-9999.9,92.43,-9999.9,-9999.9
1966,1,120.77,-9999.9,121.52,-9999.9,-9999.9
1966,2,40.82,-9999.9,38.72,-9999.9,-9999.9
1966,3,35.77,-9999.9,31.87,-9999.9,-9999.9
1966,4,15.45,-9999.9,14.34,-9999.9,-9999.9
1966,5,12.07,-9999.9,11.59,-9999.9,-9999.9
1966,6,-5.25,-9999.9,-5.06,-9999.9,-9999.9
1966,7,-4.13,-9999.9,-4.31,-9999.9,-9999.9
1966,8,12.57,-9999.9,10.84,-9999.9,-9999.9
1966,9,66.75,-9999.9,64.84,-9999.9,-9999.9
1966,10,86.73,-9999.9,88.47,-9999.9,-9999.9
1966,11,116.24,-9999.9,115.63,-9999.9,-9999.9
1966,12,120.18,-9999.9,120.54,-9999.9,-9999.9
1967,1,74.94,-9999.9,99.51,-9999.9,-9999.9
1967,2,67.8,-9999.9,54.64,-9999.9,-9999.9
1967,3,34.84,-9999.9,28.76,-9999.9,-9999.9
1967,4,13.77,-9999.9,13.49,-9999.9,-9999.9
1967,5,7.29,-9999.9,7.75,-9999.9,-9999.9
1967,6,-5.03,-9999.9,-5.74,-9999.9,-9999.9
1967,7,-5.18,-9999.9,-5.75,-9999.9,-9999.9
1967,8,10.68,-9999.9,8.52,-9999.9,-9999.9
1967,9,46.24,-9999.9,51.78,-9999.9,-9999.9
1967,10,60.9,-9999.9,80.07,-9999.9,-9999.9
1967,11,88.31,-9999.9,99.68,-9999.9,-9999.9
1967,12,96.06,-9999.9,119.09,-9999.9,-9999.9
1968,1,91.73,-9999.9,82.1,-9999.9,-9999.9
1968,2,77.41,-9999.9,66.33,-9999.9,-9999.9
1968,3,30.5,-9999.9,24.48,-9999.9,-9999.9
1968,4,6.15,-9999.9,8.2,-9999.9,-9999.9
1968,5,1.82,-9999.9,-0.59,-9999.9,-9999.9
1968,6,-4.53,-9999.9,-5.72,-9999.9,-9999.9
1968,7,-1.93,-9999.9,-6.53,-9999.9,-9999.9
1968,8,19.35,-9999.9,10.44,-9999.9,-9999.9
1968,9,22.1,-9999.9,23.43,-9999.9,-9999.9
1968,10,63.58,-9999.9,64.98,-9999.9,-9999.9
1968,11,96.63,-9999.9,111.97,-9999.9,-9999.9
1968,12,117.64,-9999.9,133.18,-9999.9,-9999.9
1969,1,87.12,-9999.9,96.32,-9999.9,-9999.9
1969,2,62.19,-9999.9,43.25,-9999.9,-9999.9
1969,3,65.28,-9999.9,45.32,-9999.9,-9999.9
1969,4,12.36,-9999.9,6.21,-9999.9,-9999.9
1969,5,2.89,-9999.9,2.43,-9999.9,-9999.9
1969,6,-2.3,-9999.9,-2.73,-9999.9,-9999.9
1969,7,0.72,-9999.9,-4.07,-9999.9,-9999.9
1969,8,18.51,-9999.9,5.92,-9999.9,-9999.9
1969,9,65.16,-9999.9,58.69,-9999.9,-9999.9
1969,10,72.23,-9999.9,84.2,-9999.9,-9999.9
1969,11,86.3,-9999.9,92.1,-9999.9,-9999.9
1969,12,121,-9999.9,99.23,-9999.9,-9999.9
1970,1,107.31,-9999.9,99.5,-9999.9,-9999.9
1970,2,83.15,-9999.9,61.64,-9999.9,-9999.9
1970,3,58.8,-9999.9,37.36,-9999.9,-9999.9
1970,4,19.05,-9999.9,12.91,-9999.9,-9999.9
1970,5,2.67,-9999.9,2.75,-9999.9,-9999.9
1970,6,-2.53,-9999.9,-4.09,-9999.9,-9999.9
1970,7,-2.81,-9999.9,-3.99,-9999.9,-9999.9
1970,8,22.69,-9999.9,22.76,-9999.9,-9999.9
1970,9,43.51,-9999.9,56.6,-9999.9,-9999.9
1970,10,48.67,-9999.9,55.41,-9999.9,-9999.9
1970,11,88.15,-9999.9,100.33,-9999.9,-9999.9
1970,12,113.03,-9999.9,114.5,-9999.9,-9999.9
1971,1,116.92,-9999.9,126.83,-9999.9,-9999.9
1971,2,66.97,-9999.9,47.65,-9999.9,-9999.9
1971,3,55.94,-9999.9,36.23,-9999.9,-9999.9
1971,4,17.91,-9999.9,15.96,-9999.9,-9999.9
1971,5,1.59,-9999.9,2.49,-9999.9,-9999.9
1971,6,-4.37,-9999.9,-3.2,-9999.9,-9999.9
1971,7,12.54,-9999.9,4.18,-9999.9,-9999.9
1971,8,27.84,-9999.9,28.47,-9999.9,-9999.9
1971,9,37.68,-9999.9,43.84,-9999.9,-9999.9
1971,10,49.55,-9999.9,53.92,-9999.9,-9999.9
1971,11,105.43,-9999.9,102.39,-9999.9,-9999.9
1971,12,109.81,-9999.9,119.68,-9999.9,-9999.9
1972,1,129.88,-9999.9,130.53,-9999.9,-9999.9
1972,2,80.34,-9999.9,56.48,-9999.9,-9999.9
1972,3,63.83,-9999.9,38.33,-9999.9,-9999.9
1972,4,26,-9999.9,18.22,-9999.9,-9999.9
1972,5,-0.33,-9999.9,-0.1,-9999.9,-9999.9
1972,6,-1.71,-9999.9,-2.21,-9999.9,-9999.9
1972,7,2.27,-9999.9,-3.16,-9999.9,-9999.9
1972,8,16.64,-9999.9,7.25,-9999.9,-9999.9
1972,9,59.39,-9999.9,68.89,-9999.9,-9999.9
1972,10,88.57,-9999.9,90.1,-9999.9,-9999.9
1972,11,72.5,-9999.9,75.93,-9999.9,-9999.9
1972,12,120.98,-9999.9,118.69,-9999.9,-9999.9
1973,1,93.03,-9999.9,71.86,-9999.9,-9999.9
1973,2,73.5,-9999.9,57.26,-9999.9,-9999.9
1973,3,22.23,-9999.9,17.4,-9999.9,-9999.9
1973,4,23.3,-9999.9,19.17,-9999.9,-9999.9
1973,5,5.67,-9999.9,4.14,-9999.9,-9999.9
1973,6,-4.53,-9999.9,-4.89,-9999.9,-9999.9
1973,7,1.08,-9999.9,-3.72,-9999.9,-9999.9
1973,8,7.85,-9999.9,2.39,-9999.9,-9999.9
1973,9,65.29,-9999.9,56.07,-9999.9,-9999.9
1973,10,54.31,-9999.9,52.12,-9999.9,-9999.9
1973,11,109,-9999.9,98.73,-9999.9,-9999.9
1973,12,116.11,-9999.9,109.51,-9999.9,-9999.9
1974,1,102.48,-9999.9,90.49,-9999.9,-9999.9
1974,2,69.31,-9999.9,61.13,-9999.9,-9999.9
1974,3,58.86,-9999.9,53.48,-9999.9,-9999.9
1974,4,15.3,-9999.9,15.48,-9999.9,-9999.9
1974,5,4.75,-9999.9,4.48,-9999.9,-9999.9
1974,6,-4.23,-9999.9,-3.93,-9999.9,-9999.9
1974,7,-4.77,-9999.9,-4.5,-9999.9,-9999.9
1974,8,11.06,-9999.9,11.92,-9999.9,-9999.9
1974,9,56.38,-9999.9,57.45,-9999.9,-9999.9
1974,10,56.82,-9999.9,58.73,-9999.9,-9999.9
1974,11,77.59,-9999.9,77.51,-9999.9,-9999.9
1974,12,89.11,-9999.9,91.77,-9999.9,-9999.9
1975,1,102.01,-9999.9,96.36,-9999.9,-9999.9
1975,2,60.72,-9999.9,57.81,-9999.9,-9999.9
1975,3,62.44,-9999.9,62.63,-9999.9,-9999.9
1975,4,27.3,-9999.9,27.83,-9999.9,-9999.9
1975,5,-1.79,-9999.9,-1.7,-9999.9,-9999.9
1975,6,-4.94,-9999.9,-4.46,-9999.9,-9999.9
1975,7,-3.75,-9999.9,-2.73,-9999.9,-9999.9
1975,8,13.4,-9999.9,19.8,-9999.9,-9999.9
1975,9,54.55,-9999.9,59,-9999.9,-9999.9
1975,10,58.87,-9999.9,59.4,-9999.9,-9999.9
1975,11,79.08,-9999.9,81.04,-9999.9,-9999.9
1975,12,113.25,-9999.9,110.53,-9999.9,-9999.9
1976,1,109.68,-9999.9,107.25,-9999.9,-9999.9
1976,2,56.4,-9999.9,54.69,-9999.9,-9999.9
1976,3,55.63,-9999.9,55.45,-9999.9,-9999.9
1976,4,11.16,-9999.9,10.76,-9999.9,-9999.9
1976,5,6.11,-9999.9,6.03,-9999.9,-9999.9
1976,6,-3.94,-9999.9,-3.42,-9999.9,-9999.9
1976,7,-0.62,-9999.9,3.53,-9999.9,-9999.9
1976,8,22.47,-9999.9,33.45,-9999.9,-9999.9
1976,9,68.19,-9999.9,78.46,-9999.9,-9999.9
1976,10,78.29,-9999.9,81.57,-9999.9,-9999.9
1976,11,118.22,-9999.9,118.06,-9999.9,-9999.9
1976,12,127.06,-9999.9,130.39,-9999.9,-9999.9
1977,1,88.47,-9999.9,96.79,-9999.9,-9999.9
1977,2,38.54,-9999.9,43.38,-9999.9,-9999.9
1977,3,19.56,-9999.9,20.67,-9999.9,-9999.9
1977,4,10.15,-9999.9,12.18,-9999.9,-9999.9
1977,5,-3.37,-9999.9,-2.11,-9999.9,-9999.9
1977,6,-5.85,-9999.9,-4.96,-9999.9,-9999.9
1977,7,-7.1,-9999.9,-3.28,-9999.9,-9999.9
1977,8,9.8,-9999.9,26.97,-9999.9,-9999.9
1977,9,23.04,-9999.9,39.34,-9999.9,-9999.9
1977,10,65.09,-9999.9,91.33,-9999.9,-9999.9
1977,11,88.38,-9999.9,107.1,-9999.9,-9999.9
1977,12,132.02,-9999.9,141.14,-9999.9,-9999.9
1978,1,125.51,-9999.9,114.13,-9999.9,-9999.9
1978,2,56.17,-9999.9,43.2,-9999.9,-9999.9
1978,3,31.96,-9999.9,32.28,-9999.9,-9999.9
1978,4,17.29,-9999.9,27.34,-9999.9,-9999.9
1978,5,-0.86,-9999.9,1.48,-9999.9,-9999.9
1978,6,-3.69,-9999.9,-3.35,-9999.9,-9999.9
1978,7,-5.29,-9999.9,-5.87,-9999.9,-9999.9
1978,8,0,-9999.9,-2.07,-9999.9,-9999.9
1978,9,29.97,-9999.9,32.13,-9999.9,-9999.9
1978,10,66.2,-9999.9,85.44,-9999.9,-9999.9
1978,11,109.31,-9999.9,115.58,-9999.9,-9999.9
1978,12,119.52,-9999.9,104.05,-9999.9,-9999.9
1979,1,110.34,-9999.9,87.38,-9999.9,-9999.9
1979,2,42.9,-9999.9,29.28,-9999.9,-9999.9
1979,3,28.21,-9999.9,26.45,-9999.9,-9999.9
1979,4,12.67,-9999.9,16.44,-9999.9,-9999.9
1979,5,-0.39,-9999.9,2.03,-9999.9,-9999.9
1979,6,-4.62,-9999.9,-3.94,-9999.9,-9999.9
1979,7,-5.56,-9999.9,-5.04,-9999.9,-9999.9
1979,8,-2.29,-9999.9,-2.81,-9999.9,-9999.9
1979,9,17.58,-9999.9,24.03,-9999.9,-9999.9
1979,10,69.89,-9999.9,68.69,-9999.9,-9999.9
1979,11,87.65,-9999.9,90.6,-9999.9,-9999.9
1979,12,93.66,-9999.9,108.52,-9999.9,-9999.9
1980,1,102.19,-9999.9,93.48,-9999.9,-9999.9
1980,2,58.63,-9999.9,40.58,-9999.9,-9999.9
1980,3,37.06,-9999.9,30.25,-9999.9,-9999.9
1980,4,7.05,-9999.9,10.62,-9999.9,-9999.9
1980,5,-0.41,-9999.9,0.07,-9999.9,-9999.9
1980,6,-2.29,-9999.9,-2.35,-9999.9,-9999.9
1980,7,-3.88,-9999.9,-4.14,-9999.9,-9999.9
1980,8,-1.63,-9999.9,-1.11,-9999.9,-9999.9
1980,9,46.31,-9999.9,54.3,-9999.9,-9999.9
1980,10,91.68,-9999.9,93.95,-9999.9,-9999.9
1980,11,77.02,-9999.9,100.29,-9999.9,-9999.9
1980,12,144.76,-9999.9,141.07,-9999.9,-9999.9
1981,1,87.53,-9999.9,71.62,-9999.9,-9999.9
1981,2,44.25,-9999.9,35.1,-9999.9,-9999.9
1981,3,33.13,-9999.9,32.58,-9999.9,-9999.9
1981,4,13.13,-9999.9,19.24,-9999.9,-9999.9
1981,5,3.7,-9999.9,3.16,-9999.9,-9999.9
1981,6,-4.46,-9999.9,-4.11,-9999.9,-9999.9
1981,7,-3.55,-9999.9,-4.34,-9999.9,-9999.9
1981,8,0.21,-9999.9,0,-9999.9,-9999.9
1981,9,57.35,-9999.9,53.86,-9999.9,-9999.9
1981,10,67.84,-9999.9,74.49,-9999.9,-9999.9
1981,11,72.8,-9999.9,88.73,-9999.9,-9999.9
1981,12,103.13,-9999.9,105.24,-9999.9,-9999.9
1982,1,126.27,-9999.9,98.41,-9999.9,-9999.9
1982,2,49.15,-9999.9,34.08,-9999.9,-9999.9
1982,3,34.2,-9999.9,29.25,-9999.9,-9999.9
1982,4,23.54,-9999.9,21.9,-9999.9,-9999.9
1982,5,-1.42,-9999.9,-1.57,-9999.9,-9999.9
1982,6,-0.91,-9999.9,-1.39,-9999.9,-9999.9
1982,7,-4.18,-9999.9,-5.33,-9999.9,-9999.9
1982,8,11.68,-9999.9,-0.13,-9999.9,-9999.9
1982,9,36.54,-9999.9,24.46,-9999.9,-9999.9
1982,10,49.7,-9999.9,51.34,-9999.9,-9999.9
1982,11,89.47,-9999.9,89.54,-9999.9,-9999.9
1982,12,95.18,-9999.9,88.25,-9999.9,-9999.9
1983,1,83.31,-9999.9,79.25,-9999.9,-9999.9
1983,2,47.99,-9999.9,43.53,-9999.9,-9999.9
1983,3,55.23,-9999.9,55.27,-9999.9,-9999.9
1983,4,24.45,-9999.9,26.97,-9999.9,-9999.9
1983,5,9.61,-9999.9,11.83,-9999.9,-9999.9
1983,6,-1.51,-9999.9,-2,-9999.9,-9999.9
1983,7,-0.73,-9999.9,-4.1,-9999.9,-9999.9
1983,8,7.93,-9999.9,1.75,-9999.9,-9999.9
1983,9,66.48,-9999.9,53.69,-9999.9,-9999.9
1983,10,77.84,-9999.9,76.8,-9999.9,-9999.9
1983,11,117.74,-9999.9,115.83,-9999.9,-9999.9
1983,12,156.11,-9999.9,146.34,-9999.9,-9999.9
1984,1,92.11,-9999.9,77.84,-9999.9,-9999.9
1984,2,43.23,-9999.9,34.14,-9999.9,-9999.9
1984,3,60.37,-9999.9,48.92,-9999.9,-9999.9
1984,4,6.73,-9999.9,8.6,-9999.9,-9999.9
1984,5,3.04,-9999.9,3.81,-9999.9,-9999.9
1984,6,-4.05,-9999.9,-4.66,-9999.9,-9999.9
1984,7,-3.33,-9999.9,-4.81,-9999.9,-9999.9
1984,8,2.7,-9999.9,-0.34,-9999.9,-9999.9
1984,9,50.81,-9999.9,47.01,-9999.9,-9999.9
1984,10,50.49,-9999.9,55.51,-9999.9,-9999.9
1984,11,101.88,-9999.9,106.99,-9999.9,-9999.9
1984,12,111.1,-9999.9,109.39,-9999.9,-9999.9
1985,1,94.04,-9999.9,85.89,-9999.9,-9999.9
1985,2,53.85,-9999.9,39.65,-9999.9,-9999.9
1985,3,33.12,-9999.9,32.23,-9999.9,-9999.9
1985,4,18.08,-9999.9,18.5,-9999.9,-9999.9
1985,5,-1.32,-9999.9,-0.94,-9999.9,-9999.9
1985,6,-1.9,-9999.9,-2.7,-9999.9,-9999.9
1985,7,-0.89,-9999.9,-3.28,-9999.9,-9999.9
1985,8,12.07,-9999.9,9.43,-9999.9,-9999.9
1985,9,48.13,-9999.9,45.27,-9999.9,-9999.9
1985,10,60.12,-9999.9,65.94,-9999.9,-9999.9
1985,11,112.72,-9999.9,133.02,-9999.9,-9999.9
1985,12,146.48,-9999.9,164.86,-9999.9,-9999.9
1986,1,86.17,-9999.9,84.73,-9999.9,-9999.9
1986,2,47.2,-9999.9,40.68,-9999.9,-9999.9
1986,3,29.65,-9999.9,33.05,-9999.9,-9999.9
1986,4,8.46,-9999.9,11.92,-9999.9,-9999.9
1986,5,1.91,-9999.9,2,-9999.9,-9999.9
1986,6,-2.07,-9999.9,-3.13,-9999.9,-9999.9
1986,7,-4.41,-9999.9,-6.55,-9999.9,-9999.9
1986,8,10.23,-9999.9,5.07,-9999.9,-9999.9
1986,9,32.03,-9999.9,27.11,-9999.9,-9999.9
1986,10,63.02,-9999.9,66.43,-9999.9,-9999.9
1986,11,110.85,-9999.9,133.86,-9999.9,-9999.9
1986,12,89.48,-9999.9,105.82,-9999.9,-9999.9
1987,1,83.33,-9999.9,99.64,-9999.9,-9999.9
1987,2,46.82,-9999.9,56.26,-9999.9,-9999.9
1987,3,42.98,-9999.9,52.51,-9999.9,-9999.9
1987,4,13.17,-9999.9,17,-9999.9,-9999.9
1987,5,3.14,-9999.9,5.21,-9999.9,-9999.9
1987,6,-0.94,-9999.9,-3.15,-9999.9,-9999.9
1987,7,2.27,-9999.9,-3.13,-9999.9,-9999.9
1987,8,35.15,-9999.9,26.86,-9999.9,-9999.9
1987,9,42.72,-9999.9,38.35,-9999.9,-9999.9
1987,10,107.82,-9999.9,117.69,-9999.9,-9999.9
1987,11,93.38,-9999.9,112.65,-9999.9,-9999.9
1987,12,101.95,-9999.9,121.16,-9999.9,-9999.9
1988,1,130.95,-9999.9,144.4,-9999.9,-9999.9
1988,2,91.17,-9999.9,82.43,-9999.9,-9999.9
1988,3,50.86,-9999.9,50.17,-9999.9,-9999.9
1988,4,16.84,-9999.9,16.64,-9999.9,-9999.9
1988,5,1.87,-9999.9,1.83,-9999.9,-9999.9
1988,6,-2.05,-9999.9,-3.05,-9999.9,-9999.9
1988,7,-2.38,-9999.9,-4.63,-9999.9,-9999.9
1988,8,11.49,-9999.9,7.89,-9999.9,-9999.9
1988,9,46.3,-9999.9,45.38,-9999.9,-9999.9
1988,10,96.57,-9999.9,111.69,-9999.9,-9999.9
1988,11,75.59,-9999.9,103.08,-9999.9,-9999.9
1988,12,119.99,-9999.9,144.58,-9999.9,-9999.9
1989,1,72.2,-9999.9,87.19,-9999.9,-9999.9
1989,2,84.44,-9999.9,82.48,-9999.9,-9999.9
1989,3,50.8,-9999.9,43.62,-9999.9,-9999.9
1989,4,18.8,-9999.9,20.08,-9999.9,-9999.9
1989,5,2.39,-9999.9,2.15,-9999.9,-9999.9
1989,6,-2.4,-9999.9,-4.02,-9999.9,-9999.9
1989,7,-2.51,-9999.9,-4.81,-9999.9,-9999.9
1989,8,8.51,-9999.9,-2.13,-9999.9,-9999.9
1989,9,52.19,-9999.9,46.73,-9999.9,-9999.9
1989,10,77.97,-9999.9,77.07,-9999.9,-9999.9
1989,11,137.25,-9999.9,158.31,-9999.9,-9999.9
1989,12,140.17,-9999.9,143.7,-9999.9,-9999.9
1990,1,70.86,-9999.9,67.11,-9999.9,-9999.9
1990,2,70.55,-9999.9,61.45,-9999.9,-9999.9
1990,3,39.22,-9999.9,42.88,-9999.9,-9999.9
1990,4,24.26,-9999.9,26.25,-9999.9,-9999.9
1990,5,5.03,-9999.9,6.01,-9999.9,-9999.9
1990,6,-1.97,-9999.9,-2.88,-9999.9,-9999.9
1990,7,-2.43,-9999.9,-3.44,-9999.9,-9999.9
1990,8,3.01,-9999.9,-0.1,-9999.9,-9999.9
1990,9,33.9,-9999.9,30.85,-9999.9,-9999.9
1990,10,62.29,-9999.9,68.99,-9999.9,-9999.9
1990,11,88.08,-9999.9,116.42,-9999.9,-9999.9
1990,12,121.33,-9999.9,138.48,-9999.9,-9999.9
1991,1,103.16,-9999.9,107.01,-9999.9,-9999.9
1991,2,44.8,-9999.9,43.39,-9999.9,-9999.9
1991,3,34.46,-9999.9,36.99,-9999.9,-9999.9
1991,4,9.71,-9999.9,11.63,-9999.9,-9999.9
1991,5,1.32,-9999.9,0.66,-9999.9,-9999.9
1991,6,-3.37,-9999.9,-4.82,-9999.9,-9999.9
1991,7,-2.85,-9999.9,-6.27,-9999.9,-9999.9
1991,8,7.03,-9999.9,0.58,-9999.9,-9999.9
1991,9,69.99,-9999.9,64.38,-9999.9,-9999.9
1991,10,76.82,-9999.9,81.33,-9999.9,-9999.9
1991,11,114.32,-9999.9,136.47,-9999.9,-9999.9
1991,12,100.82,-9999.9,112.91,-9999.9,-9999.9
1992,1,87.51,-9999.9,90.95,-9999.9,-9999.9
1992,2,59.9,-9999.9,59.6,-9999.9,-9999.9
1992,3,54.84,-9999.9,50.15,-9999.9,-9999.9
1992,4,22.1,-9999.9,25.61,-9999.9,-9999.9
1992,5,3.02,-9999.9,4.74,-9999.9,-9999.9
1992,6,-0.81,-9999.9,-1.43,-9999.9,-9999.9
1992,7,-1.92,-9999.9,-5.52,-9999.9,-9999.9
1992,8,9.43,-9999.9,2.31,-9999.9,-9999.9
1992,9,47.29,-9999.9,41.02,-9999.9,-9999.9
1992,10,65.53,-9999.9,71.28,-9999.9,-9999.9
1992,11,81.27,-9999.9,97.32,-9999.9,-9999.9
1992,12,99.77,-9999.9,127.16,-9999.9,-9999.9
1993,1,90.04,-9999.9,106.01,-9999.9,-9999.9
1993,2,75.28,-9999.9,73.03,-9999.9,-9999.9
1993,3,41.75,-9999.9,40.78,-9999.9,-9999.9
1993,4,19.41,-9999.9,21.34,-9999.9,-9999.9
1993,5,0.54,-9999.9,-0.83,-9999.9,-9999.9
1993,6,0.22,-9999.9,-3.8,-9999.9,-9999.9
1993,7,-3.96,-9999.9,-7.69,-9999.9,-9999.9
1993,8,1.58,-9999.9,-3.23,-9999.9,-9999.9
1993,9,60.92,-9999.9,52.15,-9999.9,-9999.9
1993,10,78.8,-9999.9,83.33,-9999.9,-9999.9
1993,11,96.78,-9999.9,109.99,-9999.9,-9999.9
1993,12,88.88,-9999.9,102.3,-9999.9,-9999.9
1994,1,103.15,-9999.9,111.75,-9999.9,-9999.9
1994,2,43.64,-9999.9,40.57,-9999.9,-9999.9
1994,3,24.18,-9999.9,26.85,-9999.9,-9999.9
1994,4,11.7,-9999.9,15.65,-9999.9,-9999.9
1994,5,0.42,-9999.9,0.21,-9999.9,-9999.9
1994,6,-2.76,-9999.9,-4.38,-9999.9,-9999.9
1994,7,-4.23,-9999.9,-7.16,-9999.9,-9999.9
1994,8,4.38,-9999.9,0.34,-9999.9,-9999.9
1994,9,20.67,-9999.9,20.42,-9999.9,-9999.9
1994,10,50.92,-9999.9,54.49,-9999.9,-9999.9
1994,11,80.67,-9999.9,97.14,-9999.9,-9999.9
1994,12,73.39,-9999.9,88.99,-9999.9,-9999.9
1995,1,100.75,-9999.9,112.16,-9999.9,-9999.9
1995,2,86.34,-9999.9,99.55,-9999.9,-9999.9
1995,3,39.55,-9999.9,39.98,-9999.9,-9999.9
1995,4,24.97,-9999.9,30.48,-9999.9,-9999.9
1995,5,0.68,-9999.9,0.76,-9999.9,-9999.9
1995,6,-2.51,-9999.9,-5.22,-9999.9,-9999.9
1995,7,-1.5,-9999.9,-5.87,-9999.9,-9999.9
1995,8,8.76,-9999.9,3.88,-9999.9,-9999.9
1995,9,62.9,-9999.9,58.84,-9999.9,-9999.9
1995,10,70.43,-9999.9,70.25,-9999.9,-9999.9
1995,11,129.37,-9999.9,156.55,-9999.9,-9999.9
1995,12,109.34,-9999.9,135.71,-9999.9,-9999.9
1996,1,96.62,-9999.9,110.11,-9999.9,-9999.9
1996,2,48.53,-9999.9,47,-9999.9,-9999.9
1996,3,39.84,-9999.9,40.39,-9999.9,-9999.9
1996,4,17.32,-9999.9,21.03,-9999.9,-9999.9
1996,5,2.73,-9999.9,3.04,-9999.9,-9999.9
1996,6,-3.26,-9999.9,-5.16,-9999.9,-9999.9
1996,7,-5.18,-9999.9,-8.11,-9999.9,-9999.9
1996,8,-2.88,-9999.9,-7.41,-9999.9,-9999.9
1996,9,28.5,-9999.9,22.75,-9999.9,-9999.9
1996,10,60.53,-9999.9,64.95,-9999.9,-9999.9
1996,11,102.82,-9999.9,102.81,-9999.9,-9999.9
1996,12,91.2,-9999.9,97.63,-9999.9,-9999.9
1997,1,93.26,-9999.9,103.1,-9999.9,-9999.9
1997,2,44.74,-9999.9,47.22,-9999.9,-9999.9
1997,3,34.78,-9999.9,35.38,-9999.9,-9999.9
1997,4,17.38,-9999.9,19.62,-9999.9,-9999.9
1997,5,3.3,-9999.9,5.04,-9999.9,-9999.9
1997,6,-3.79,-9999.9,-5,-9999.9,-9999.9
1997,7,-4.49,-9999.9,-5.15,-9999.9,-9999.9
1997,8,1.93,-9999.9,8.67,-9999.9,-9999.9
1997,9,27.47,-9999.9,34.15,-9999.9,-9999.9
1997,10,63.38,-9999.9,74.49,-9999.9,-9999.9
1997,11,81.34,-9999.9,86.82,-9999.9,-9999.9
1997,12,73.64,-9999.9,80.75,-9999.9,-9999.9
1998,1,80,-9999.9,88.82,-9999.9,-9999.9
1998,2,24.59,-9999.9,26.98,-9999.9,-9999.9
1998,3,53.89,-9999.9,58.53,-9999.9,-9999.9
1998,4,10.83,-9999.9,16.52,-9999.9,-9999.9
1998,5,-0.41,-9999.9,2.38,-9999.9,-9999.9
1998,6,0.65,-9999.9,5.77,-9999.9,-9999.9
1998,7,13.33,-9999.9,23.72,-9999.9,-9999.9
1998,8,21.31,-9999.9,25.86,-9999.9,-9999.9
1998,9,56.94,-9999.9,63.53,-9999.9,-9999.9
1998,10,73.81,-9999.9,85.19,-9999.9,-9999.9
1998,11,101.59,-9999.9,110.86,-9999.9,-9999.9
1998,12,136.23,-9999.9,148.96,-9999.9,-9999.9
1999,1,123.84,-9999.9,138.87,-9999.9,-9999.9
1999,2,66.83,-9999.9,73.01,-9999.9,-9999.9
1999,3,51.27,-9999.9,54.5,-9999.9,-9999.9
1999,4,11.88,-9999.9,15.29,-9999.9,-9999.9
1999,5,0.66,-9999.9,2.08,-9999.9,-9999.9
1999,6,-2.49,-9999.9,0.79,-9999.9,-9999.9
1999,7,-1.31,-9999.9,0.05,-9999.9,-9999.9
1999,8,27.35,-9999.9,37.66,-9999.9,-9999.9
1999,9,51.79,-9999.9,56.18,-9999.9,-9999.9
1999,10,88.46,-9999.9,105.94,-9999.9,-9999.9
1999,11,84.25,-9999.9,92.85,-9999.9,-9999.9
1999,12,120.65,-9999.9,129.99,-9999.9,-9999.9
2000,1,116.32,-9999.9,121.8,-9999.9,-9999.9
2000,2,59.34,-9999.9,62.72,-9999.9,-9999.9
2000,3,32.99,-9999.9,34.52,-9999.9,-9999.9
2000,4,26.58,-9999.9,34.8,-9999.9,-9999.9
2000,5,-0.05,-9999.9,0.76,-9999.9,-9999.9
2000,6,-3,-9999.9,-2.15,-9999.9,-9999.9
2000,7,3.92,-9999.9,7.13,-9999.9,-9999.9
2000,8,13.4,-9999.9,16.95,-9999.9,-9999.9
2000,9,61.33,-9999.9,68.47,-9999.9,-9999.9
2000,10,58.42,-9999.9,64.74,-9999.9,-9999.9
2000,11,94.79,-9999.9,97.94,-9999.9,-9999.9
2000,12,159.81,-9999.9,167.46,-9999.9,-9999.9
2001,1,82.17,-9999.9,88.79,-9999.9,-9999.9
2001,2,84.54,-9999.9,87.46,-9999.9,-9999.9
2001,3,45.12,-9999.9,45.82,-9999.9,-9999.9
2001,4,6.61,-9999.9,7.23,-9999.9,-9999.9
2001,5,-2.04,-9999.9,-1.97,-9999.9,-9999.9
2001,6,-4.88,-9999.9,-4.64,-9999.9,-9999.9
2001,7,2.03,-9999.9,4.52,-9999.9,-9999.9
2001,8,15.52,-9999.9,18.76,-9999.9,-9999.9
2001,9,56.9,-9999.9,60.8,-9999.9,-9999.9
2001,10,78.47,-9999.9,86.68,-9999.9,-9999.9
2001,11,65.78,-9999.9,66.72,-9999.9,-9999.9
2001,12,108.04,-9999.9,108.42,-9999.9,-9999.9
2002,1,110.69,-9999.9,119.8,-9999.9,-9999.9
2002,2,88.31,-9999.9,138.6,-9999.9,-9999.9
2002,3,85.78,-9999.9,132.9,-9999.9,-9999.9
2002,4,27.79,-9999.9,27.86,-9999.9,-9999.9
2002,5,14.54,-9999.9,14.67,-9999.9,-9999.9
2002,6,-3.01,-9999.9,-6.91,-9999.9,-9999.9
2002,7,-1.11,-9999.9,-7.09,-9999.9,-9999.9
2002,8,16.89,-9999.9,10.66,-9999.9,-9999.9
2002,9,43.72,-9999.9,39.55,-9999.9,-9999.9
2002,10,97.37,-9999.9,115.98,-9999.9,-9999.9
2002,11,107.04,-9999.9,123.17,-9999.9,-9999.9
2002,12,138.92,-9999.9,144.6,-9999.9,-9999.9
2003,1,120.26,-9999.9,134.81,-9999.9,-9999.9
2003,2,43.41,-9999.9,50.84,-9999.9,-9999.9
2003,3,23.21,-9999.9,27.4,-9999.9,-9999.9
2003,4,19.21,-9999.9,21.39,-9999.9,-9999.9
2003,5,-0.92,-9999.9,-1.62,-9999.9,-9999.9
2003,6,-2.99,-9999.9,-4.79,-9999.9,-9999.9
2003,7,-5.59,-9999.9,-9.17,-9999.9,-9999.9
2003,8,-2.95,-9999.9,-0.58,-9999.9,-9999.9
2003,9,30.89,-9999.9,40.03,-9999.9,-9999.9
2003,10,58.46,-9999.9,71.34,-9999.9,-9999.9
2003,11,87.65,-9999.9,117.95,-9999.9,-9999.9
2003,12,86.8,-9999.9,106.14,-9999.9,-9999.9
2004,1,113.25,-9999.9,134.43,-9999.9,-9999.9
2004,2,39.75,-9999.9,34.7,-9999.9,-9999.9
2004,3,34.38,-9999.9,28.62,-9999.9,-9999.9
2004,4,15.86,-9999.9,14.25,-9999.9,-9999.9
2004,5,3.28,-9999.9,3.73,-9999.9,-9999.9
2004,6,-1.91,-9999.9,-4.55,-9999.9,-2.25
2004,7,0.96,-9999.9,-4.86,-9999.9,-0.24
2004,8,37.95,-9999.9,24.84,-9999.9,33.52
2004,9,23.32,-9999.9,17.51,-9999.9,16.3
2004,10,70.62,-9999.9,75.23,-9999.9,63.28
2004,11,90.42,-9999.9,100.65,-9999.9,86.63
2004,12,141.06,-9999.9,167.4,-9999.9,127.32
2005,1,116.97,-9999.9,131.28,-9999.9,108.78
2005,2,56.41,-9999.9,60.29,-9999.9,48.13
2005,3,52.19,-9999.9,52.13,-9999.9,37.16
2005,4,8.58,-9999.9,10.09,-9999.9,15.17
2005,5,3.01,-9999.9,3.25,-9999.9,8.69
2005,6,-5.71,-9999.9,-9.24,-9999.9,-11.34
2005,7,-0.42,-9999.9,-2.71,-9999.9,12.7
2005,8,14.84,-9999.9,14.61,-9999.9,47.44
2005,9,38.35,-9999.9,42.48,-9999.9,75.34
2005,10,59.84,-9999.9,63.56,-9999.9,76.37
2005,11,101.71,-9999.9,124.16,-9999.9,104.32
2005,12,109.92,-9999.9,143.15,-9999.9,110.1
2006,1,75.44,-9999.9,88.39,-9999.9,70.86
2006,2,90.9,-9999.9,106.91,-9999.9,89.64
2006,3,44.69,-9999.9,54.18,-9999.9,44.13
2006,4,10.67,-9999.9,12.79,-9999.9,17.26
2006,5,2.6,-9999.9,1.86,-9999.9,2.98
2006,6,-0.64,-9999.9,-2.26,-9999.9,0.71
2006,7,2.12,-9999.9,4.26,-9999.9,14.64
2006,8,31.06,-9999.9,39.33,-9999.9,60.64
2006,9,65.05,-9999.9,75.24,-9999.9,96.77
2006,10,99.26,-9999.9,120.89,-9999.9,122.29
2006,11,76.38,-9999.9,93.98,-9999.9,69.39
2006,12,90.5,-9999.9,115.26,-9999.9,82.83
2007,1,110.88,-9999.9,135.96,-9999.9,102.26
2007,2,103.69,-9999.9,120.25,-9999.9,87.65
2007,3,47.33,-9999.9,47.57,-9999.9,42.01
2007,4,30.3,-9999.9,34.49,-9999.9,33.45
2007,5,1.11,-9999.9,1.19,-9999.9,4.22
2007,6,-2.82,-9999.9,-6.21,-9999.9,-6.42
2007,7,0.87,-9999.9,-1.85,-9999.9,-0.64
2007,8,26.24,-9999.9,27.09,-9999.9,34.55
2007,9,45.9,-9999.9,49.03,-9999.9,47.95
2007,10,62.55,-9999.9,63.03,-9999.9,55.74
2007,11,120.94,-9999.9,141.45,-9999.9,115.5
2007,12,114.4,-9999.9,143.79,-9999.9,105.74
2008,1,99.82,-9999.9,118.62,-9999.9,93.19
2008,2,76.76,-9999.9,80.87,-9999.9,69.03
2008,3,53.9,-9999.9,51.46,-9999.9,36.49
2008,4,15.4,-9999.9,17.45,-9999.9,18.94
2008,5,3.02,-9999.9,3.69,-9999.9,6.97
2008,6,-4.35,-9999.9,-6.78,-9999.9,-7.97
2008,7,-3.28,-9999.9,-6.28,-9999.9,-4.47
2008,8,10.72,-9999.9,10.92,-9999.9,33.26
2008,9,39.58,-9999.9,40.14,-9999.9,69.55
2008,10,72.72,-9999.9,84.1,-9999.9,92.15
2008,11,94.63,-9999.9,110.39,-9999.9,90.28
2008,12,149.5,-9999.9,173.92,-9999.9,124.14
2009,1,103.26,-9999.9,113.19,-9999.9,83.29
2009,2,49.06,-9999.9,45.5,-9999.9,19.34
2009,3,33.3,-9999.9,34.49,-9999.9,14.09
2009,4,10.51,-9999.9,11.55,-9999.9,13.08
2009,5,2.67,-9999.9,3.17,-9999.9,9.84
2009,6,-3.41,-9999.9,-5.04,-9999.9,-1.93
2009,7,-3.84,-9999.9,-5.8,-9999.9,0.04
2009,8,6.38,-9999.9,8.73,-9999.9,15.08
2009,9,25.9,-9999.9,29.52,-9999.9,45.56
2009,10,77.43,-9999.9,91.51,-9999.9,88.94
2009,11,43.95,-9999.9,50.93,-9999.9,41.38
2009,12,131.85,-9999.9,158.08,-9999.9,113.38
2010,1,96.74,-9999.9,114.42,-9999.9,86.94
2010,2,66.92,-9999.9,73.87,-9999.9,57.24
2010,3,22.67,-9999.9,26.05,-9999.9,18.75
2010,4,9.81,-9999.9,11.98,-9999.9,14.12
2010,5,2.07,-9999.9,1.71,-9999.9,5.35
2010,6,-1.6,-9999.9,-2.22,-9999.9,1.03
2010,7,-0.65,-9999.9,0.03,-9999.9,8.8
2010,8,22.41,-9999.9,28.76,-9999.9,60.74
2010,9,62.8,-9999.9,69.87,-9999.9,88.75
2010,10,71.11,-9999.9,83.74,-9999.9,89.1
2010,11,97.33,-9999.9,117.48,-9999.9,86.16
2010,12,133.56,-9999.9,156.63,-9999.9,108.28
2011,1,114.67,143.72,143.72,-9999.9,95.48
2011,2,77.02,94.69,94.69,-9999.9,67.91
2011,3,50.75,56.79,56.79,-9999.9,43.41
2011,4,17.72,20.89,20.89,-9999.9,16.22
2011,5,2.34,1.98,1.98,-9999.9,4.12
2011,6,-1.81,-5.42,-5.42,-9999.9,-4.22
2011,7,2.87,-5.3,-5.3,-9999.9,-4.34
2011,8,31.35,13.54,13.54,-9999.9,26.63
2011,9,70.19,61.36,61.36,-9999.9,72.9
2011,10,74.55,74.62,74.62,-9999.9,68.51
2011,11,83.61,91.62,91.62,-9999.9,68.36
2011,12,107.07,132.64,132.64,-9999.9,97.73
2012,1,106.54,99.35,99.3,-9999.9,80.75
2012,2,67.08,60.69,60.68,-9999.9,52.8
2012,3,27.66,25.67,25.68,-9999.9,22.95
2012,4,23.04,20.16,20.17,-9999.9,23.35
2012,5,11.1,4.73,4.68,-9999.9,0.75
2012,6,13.24,8.68,8.67,-9999.9,-1.38
2012,7,24.31,19.67,19.66,-9999.9,19.35
2012,8,61.89,57.67,57.62,-9999.9,67.1
2012,9,97.08,92.65,92.68,-9999.9,117.91
2012,10,92.33,90.33,90.29,-9999.9,107.97
2012,11,102.73,99.99,99.95,-9999.9,97.76
2012,12,108.82,106.07,106.04,-9999.9,90.62
2013,1,136.85,132.65,121.36,-9999.9,106.16
2013,2,87.21,85.1,81.07,-9999.9,60.58
2013,3,68.05,66.11,64.64,-9999.9,49.36
2013,4,35.76,34.2,34.66,-9999.9,30.17
2013,5,6.54,5.61,5.98,-9999.9,3.01
2013,6,-0.9,-1.89,-1.32,-9999.9,-1.78
2013,7,13.91,8.63,10.96,-9999.9,1.42
2013,8,17.69,15.26,22.83,-9999.9,9.77
2013,9,56.47,54.33,69.83,-9999.9,59.04
2013,10,84.69,82.43,88.92,-9999.9,88.71
2013,11,126.11,122.95,120.32,-9999.9,115.77
2013,12,155.45,150.32,143.78,-9999.9,120.91
2014,1,117.22,117.5,127.37,-9999.9,74.07
2014,2,52.17,49.78,61.31,-9999.9,5.15
2014,3,32.18,31.14,39.79,-9999.9,4.8
2014,4,13.82,13.67,17.19,-9999.9,6.81
2014,5,-1.02,-1.11,0.33,-9999.9,-3.4
2014,6,-3.88,-3.87,-3.32,-9999.9,-9.18
2014,7,-4.47,-4.58,6.5,-9999.9,-8.65
2014,8,0.94,0.71,28.32,-9999.9,9.69
2014,9,41.02,39.99,65.52,-9999.9,36.24
2014,10,58.86,58.57,76.93,-9999.9,56.36
2014,11,124.95,123.6,139.28,-9999.9,124.11
2014,12,86.11,86.11,99.48,-9999.9,91.21
2015,1,101,101,113.77,-9999.9,-9999.9
2015,2,72.41,72.41,88.5,-9999.9,-9999.9
2015,3,29.24,29.24,44.8,-9999.9,-9999.9
2015,4,11.75,11.75,16.86,-9999.9,-9999.9
2015,5,-0.5,-0.5,1.55,-9999.9,-9999.9
2015,6,-3.07,-3.07,-4.36,-9999.9,-9999.9
2015,7,-3.58,-3.58,-4.17,-9999.9,-9999.9
2015,8,10.59,10.59,12.15,-9999.9,-9999.9
2015,9,28.4,28.4,49.67,-9999.9,-9999.9
2015,10,76.29,76.29,79.01,-9999.9,-9999.9
2015,11,70.34,70.34,114.3,-9999.9,-9999.9
2015,12,87.84,87.84,135.24,-9999.9,-9999.9
2016,1,111.52,111.53,80.32,-9999.9,-9999.9
2016,2,78.84,78.84,62.9,-9999.9,-9999.9
2016,3,35.81,35.81,26.46,-9999.9,-9999.9
2016,4,-9999.9,32.8,26.99,-9999.9,-9999.9
2016,5,-9999.9,3.37,1.49,-9999.9,-9999.9
2016,6,-9999.9,2.85,-3.86,-4.340046429,-9999.9
2016,7,-9999.9,11.2,-0.98,-2.70737,-9999.9
2016,8,-9999.9,28.86,16.67,25.244819,-9999.9
2016,9,-9999.9,46.65,39.68,58.519455,-9999.9
2016,10,-9999.9,79.18,73.2,92.61403,-9999.9
2016,11,-9999.9,72.67,67.35,77.8344,-9999.9
2016,12,-9999.9,161.54,-9999.9,145.702015,-9999.9
2017,1,-9999.9,109.78,-9999.9,91.80867,-9999.9
2017,2,-9999.9,81.57,-9999.9,73.092845,-9999.9
2017,3,-9999.9,70.92,-9999.9,57.239725,-9999.9
2017,4,-9999.9,15.99,-9999.9,7.225445,-9999.9
2017,5,-9999.9,5.56,-9999.9,5.18634,-9999.9
2017,6,-9999.9,5.52,-9999.9,-6.98362,-9999.9
2017,7,-9999.9,-9999.9,-9999.9,-9999.9,-9999.9
2017,8,-9999.9,-9999.9,-9999.9,-9999.9,-9999.9
2017,9,-9999.9,-9999.9,-9999.9,-9999.9,-9999.9
2017,10,-9999.9,-9999.9,-9999.9,-9999.9,-9999.9
2017,11,-9999.9,-9999.9,-9999.9,-9999.9,-9999.9
2017,12,-9999.9,-9999.9,-9999.9,-9999.9,-9999.9
2018,1,-9999.9,-9999.9,-9999.9,-9999.9,-9999.9
2018,2,-9999.9,-9999.9,-9999.9,-9999.9,-9999.9
2018,3,-9999.9,-9999.9,-9999.9,-9999.9,-9999.9
2018,4,-9999.9,-9999.9,-9999.9,-9999.9,-9999.9
2018,5,-9999.9,-9999.9,-9999.9,-9999.9,-9999.9
2018,6,-9999.9,-9999.9,-9999.9,-9999.9,-9999.9
2018,7,-9999.9,-9999.9,-9999.9,-9999.9,-9999.9
2018,8,-9999.9,-9999.9,-9999.9,-9999.9,-9999.9
2018,9,-9999.9,-9999.9,-9999.9,-9999.9,-9999.9
2018,10,-9999.9,-9999.9,-9999.9,-9999.9,-9999.9
2018,11,-9999.9,-9999.9,-9999.9,-9999.9,-9999.9
2018,12,-9999.9,-9999.9,-9999.9,-9999.9,-9999.9
2019,1,-9999.9,-9999.9,-9999.9,-9999.9,-9999.9
2019,2,-9999.9,-9999.9,-9999.9,-9999.9,-9999.9
2019,3,-9999.9,-9999.9,-9999.9,-9999.9,-9999.9
2019,4,-9999.9,-9999.9,-9999.9,-9999.9,-9999.9
2019,5,-9999.9,-9999.9,-9999.9,-9999.9,-9999.9
2019,6,-9999.9,-9999.9,-9999.9,-9999.9,-9999.9
2019,7,-9999.9,-9999.9,-9999.9,-9999.9,-9999.9
2019,8,-9999.9,-9999.9,-9999.9,-9999.9,-9999.9
2019,9,-9999.9,-9999.9,-9999.9,-9999.9,-9999.9
2019,10,-9999.9,-9999.9,-9999.9,-9999.9,-9999.9
2019,11,-9999.9,-9999.9,-9999.9,-9999.9,-9999.9
2019,12,-9999.9,-9999.9,-9999.9,-9999.9,-9999.9
2020,1,-9999.9,-9999.9,-9999.9,-9999.9,-9999.9
2020,2,-9999.9,-9999.9,-9999.9,-9999.9,-9999.9
2020,3,-9999.9,-9999.9,-9999.9,-9999.9,-9999.9
2020,4,-9999.9,-9999.9,-9999.9,-9999.9,-9999.9
2020,5,-9999.9,-9999.9,-9999.9,-9999.9,-9999.9
2020,6,-9999.9,-9999.9,-9999.9,-9999.9,-9999.9
2020,7,-9999.9,-9999.9,-9999.9,-9999.9,-9999.9
2020,8,-9999.9,-9999.9,-9999.9,-9999.9,-9999.9
2020,9,-9999.9,-9999.9,-9999.9,-9999.9,-9999.9
2020,10,-9999.9,-9999.9,-9999.9,-9999.9,-9999.9
2020,11,-9999.9,-9999.9,-9999.9,-9999.9,-9999.9
2020,12,-9999.9,-9999.9,-9999.9,-9999.9,-9999.9
2021,1,-9999.9,-9999.9,-9999.9,-9999.9,-9999.9
2021,2,-9999.9,-9999.9,-9999.9,-9999.9,-9999.9
2021,3,-9999.9,-9999.9,-9999.9,-9999.9,-9999.9
2021,4,-9999.9,-9999.9,-9999.9,-9999.9,-9999.9
2021,5,-9999.9,-9999.9,-9999.9,-9999.9,-9999.9
2021,6,-9999.9,-9999.9,-9999.9,-9999.9,-9999.9
2021,7,-9999.9,-9999.9,-9999.9,-9999.9,-9999.9
2021,8,-9999.9,-9999.9,-9999.9,-9999.9,-9999.9
2021,9,-9999.9,-9999.9,-9999.9,-9999.9,-9999.9
2021,10,-9999.9,-9999.9,-9999.9,-9999.9,-9999.9
2021,11,-9999.9,-9999.9,-9999.9,-9999.9,-9999.9
2021,12,-9999.9,-9999.9,-9999.9,-9999.9,-9999.9
2022,1,-9999.9,-9999.9,-9999.9,-9999.9,-9999.9
2022,2,-9999.9,-9999.9,-9999.9,-9999.9,-9999.9
2022,3,-9999.9,-9999.9,-9999.9,-9999.9,-9999.9
2022,4,-9999.9,-9999.9,-9999.9,-9999.9,-9999.9
2022,5,-9999.9,-9999.9,-9999.9,-9999.9,-9999.9
2022,6,-9999.9,-9999.9,-9999.9,-9999.9,-9999.9
2022,7,-9999.9,-9999.9,-9999.9,-9999.9,-9999.9
2022,8,-9999.9,-9999.9,-9999.9,-9999.9,-9999.9
2022,9,-9999.9,-9999.9,-9999.9,-9999.9,-9999.9
2022,10,-9999.9,-9999.9,-9999.9,-9999.9,-9999.9
2022,11,-9999.9,-9999.9,-9999.9,-9999.9,-9999.9
2022,12,-9999.9,-9999.9,-9999.9,-9999.9,-9999.9
2023,1,-9999.9,-9999.9,-9999.9,-9999.9,-9999.9
2023,2,-9999.9,-9999.9,-9999.9,-9999.9,-9999.9
2023,3,-9999.9,-9999.9,-9999.9,-9999.9,-9999.9
2023,4,-9999.9,-9999.9,-9999.9,-9999.9,-9999.9
2023,5,-9999.9,-9999.9,-9999.9,-9999.9,-9999.9
2023,6,-9999.9,-9999.9,-9999.9,-9999.9,-9999.9
2023,7,-9999.9,-9999.9,-9999.9,-9999.9,-9999.9
2023,8,-9999.9,-9999.9,-9999.9,-9999.9,-9999.9
2023,9,-9999.9,-9999.9,-9999.9,-9999.9,-9999.9
2023,10,-9999.9,-9999.9,-9999.9,-9999.9,-9999.9
2023,11,-9999.9,-9999.9,-9999.9,-9999.9,-9999.9
2023,12,-9999.9,-9999.9,-9999.9,-9999.9,-9999.9
2024,1,-9999.9,-9999.9,-9999.9,-9999.9,-9999.9
2024,2,-9999.9,-9999.9,-9999.9,-9999.9,-9999.9
2024,3,-9999.9,-9999.9,-9999.9,-9999.9,-9999.9
2024,4,-9999.9,-9999.9,-9999.9,-9999.9,-9999.9
2024,5,-9999.9,-9999.9,-9999.9,-9999.9,-9999.9
2024,6,-9999.9,-9999.9,-9999.9,-9999.9,-9999.9
2024,7,-9999.9,-9999.9,-9999.9,-9999.9,-9999.9
2024,8,-9999.9,-9999.9,-9999.9,-9999.9,-9999.9
2024,9,-9999.9,-9999.9,-9999.9,-9999.9,-9999.9
2024,10,-9999.9,-9999.9,-9999.9,-9999.9,-9999.9
2024,11,-9999.9,-9999.9,-9999.9,-9999.9,-9999.9
2024,12,-9999.9,-9999.9,-9999.9,-9999.9,-9999.9
2025,1,-9999.9,-9999.9,-9999.9,-9999.9,-9999.9
2025,2,-9999.9,-9999.9,-9999.9,-9999.9,-9999.9
2025,3,-9999.9,-9999.9,-9999.9,-9999.9,-9999.9
2025,4,-9999.9,-9999.9,-9999.9,-9999.9,-9999.9
2025,5,-9999.9,-9999.9,-9999.9,-9999.9,-9999.9
2025,6,-9999.9,-9999.9,-9999.9,-9999.9,-9999.9
2025,7,-9999.9,-9999.9,-9999.9,-9999.9,-9999.9
2025,8,-9999.9,-9999.9,-9999.9,-9999.9,-9999.9
2025,9,-9999.9,-9999.9,-9999.9,-9999.9,-9999.9
2025,10,-9999.9,-9999.9,-9999.9,-9999.9,-9999.9
2025,11,-9999.9,-9999.9,-9999.9,-9999.9,-9999.9
2025,12,-9999.9,-9999.9,-9999.9,-9999.9,-9999.9
2026,1,-9999.9,-9999.9,-9999.9,-9999.9,-9999.9
2026,2,-9999.9,-9999.9,-9999.9,-9999.9,-9999.9
2026,3,-9999.9,-9999.9,-9999.9,-9999.9,-9999.9
2026,4,-9999.9,-9999.9,-9999.9,-9999.9,-9999.9
2026,5,-9999.9,-9999.9,-9999.9,-9999.9,-9999.9
2026,6,-9999.9,-9999.9,-9999.9,-9999.9,-9999.9
2026,7,-9999.9,-9999.9,-9999.9,-9999.9,-9999.9
2026,8,-9999.9,-9999.9,-9999.9,-9999.9,-9999.9
2026,9,-9999.9,-9999.9,-9999.9,-9999.9,-9999.9
2026,10,-9999.9,-9999.9,-9999.9,-9999.9,-9999.9
2026,11,-9999.9,-9999.9,-9999.9,-9999.9,-9999.9
2026,12,-9999.9,-9999.9,-9999.9,-9999.9,-9999.9
2027,1,-9999.9,-9999.9,-9999.9,-9999.9,-9999.9
2027,2,-9999.9,-9999.9,-9999.9,-9999.9,-9999.9
2027,3,-9999.9,-9999.9,-9999.9,-9999.9,-9999.9
2027,4,-9999.9,-9999.9,-9999.9,-9999.9,-9999.9
2027,5,-9999.9,-9999.9,-9999.9,-9999.9,-9999.9
2027,6,-9999.9,-9999.9,-9999.9,-9999.9,-9999.9
2027,7,-9999.9,-9999.9,-9999.9,-9999.9,-9999.9
2027,8,-9999.9,-9999.9,-9999.9,-9999.9,-9999.9
2027,9,-9999.9,-9999.9,-9999.9,-9999.9,-9999.9
2027,10,-9999.9,-9999.9,-9999.9,-9999.9,-9999.9
2027,11,-9999.9,-9999.9,-9999.9,-9999.9,-9999.9
2027,12,-9999.9,-9999.9,-9999.9,-9999.9,-9999.9
2028,1,-9999.9,-9999.9,-9999.9,-9999.9,-9999.9
2028,2,-9999.9,-9999.9,-9999.9,-9999.9,-9999.9
2028,3,-9999.9,-9999.9,-9999.9,-9999.9,-9999.9
2028,4,-9999.9,-9999.9,-9999.9,-9999.9,-9999.9
2028,5,-9999.9,-9999.9,-9999.9,-9999.9,-9999.9
2028,6,-9999.9,-9999.9,-9999.9,-9999.9,-9999.9
2028,7,-9999.9,-9999.9,-9999.9,-9999.9,-9999.9
2028,8,-9999.9,-9999.9,-9999.9,-9999.9,-9999.9
2028,9,-9999.9,-9999.9,-9999.9,-9999.9,-9999.9
2028,10,-9999.9,-9999.9,-9999.9,-9999.9,-9999.9
2028,11,-9999.9,-9999.9,-9999.9,-9999.9,-9999.9
2028,12,-9999.9,-9999.9,-9999.9,-9999.9,-9999.9
2029,1,-9999.9,-9999.9,-9999.9,-9999.9,-9999.9
2029,2,-9999.9,-9999.9,-9999.9,-9999.9,-9999.9
2029,3,-9999.9,-9999.9,-9999.9,-9999.9,-9999.9
2029,4,-9999.9,-9999.9,-9999.9,-9999.9,-9999.9
2029,5,-9999.9,-9999.9,-9999.9,-9999.9,-9999.9
2029,6,-9999.9,-9999.9,-9999.9,-9999.9,-9999.9
2029,7,-9999.9,-9999.9,-9999.9,-9999.9,-9999.9
2029,8,-9999.9,-9999.9,-9999.9,-9999.9,-9999.9
2029,9,-9999.9,-9999.9,-9999.9,-9999.9,-9999.9
2029,10,-9999.9,-9999.9,-9999.9,-9999.9,-9999.9
2029,11,-9999.9,-9999.9,-9999.9,-9999.9,-9999.9
2029,12,-9999.9,-9999.9,-9999.9,-9999.9,-9999.9
2030,1,-9999.9,-9999.9,-9999.9,-9999.9,-9999.9
2030,2,-9999.9,-9999.9,-9999.9,-9999.9,-9999.9
2030,3,-9999.9,-9999.9,-9999.9,-9999.9,-9999.9
2030,4,-9999.9,-9999.9,-9999.9,-9999.9,-9999.9
2030,5,-9999.9,-9999.9,-9999.9,-9999.9,-9999.9
2030,6,-9999.9,-9999.9,-9999.9,-9999.9,-9999.9
2030,7,-9999.9,-9999.9,-9999.9,-9999.9,-9999.9
2030,8,-9999.9,-9999.9,-9999.9,-9999.9,-9999.9
2030,9,-9999.9,-9999.9,-9999.9,-9999.9,-9999.9
2030,10,-9999.9,-9999.9,-9999.9,-9999.9,-9999.9
2030,11,-9999.9,-9999.9,-9999.9,-9999.9,-9999.9
2030,12,-9999.9,-9999.9,-9999.9,-9999.9,-9999.9
2031,1,-9999.9,-9999.9,-9999.9,-9999.9,-9999.9
2031,2,-9999.9,-9999.9,-9999.9,-9999.9,-9999.9
2031,3,-9999.9,-9999.9,-9999.9,-9999.9,-9999.9
2031,4,-9999.9,-9999.9,-9999.9,-9999.9,-9999.9
2031,5,-9999.9,-9999.9,-9999.9,-9999.9,-9999.9
2031,6,-9999.9,-9999.9,-9999.9,-9999.9,-9999.9
2031,7,-9999.9,-9999.9,-9999.9,-9999.9,-9999.9
2031,8,-9999.9,-9999.9,-9999.9,-9999.9,-9999.9
2031,9,-9999.9,-9999.9,-9999.9,-9999.9,-9999.9
2031,10,-9999.9,-9999.9,-9999.9,-9999.9,-9999.9
2031,11,-9999.9,-9999.9,-9999.9,-9999.9,-9999.9
2031,12,-9999.9,-9999.9,-9999.9,-9999.9,-9999.9
2032,1,-9999.9,-9999.9,-9999.9,-9999.9,-9999.9
2032,2,-9999.9,-9999.9,-9999.9,-9999.9,-9999.9
2032,3,-9999.9,-9999.9,-9999.9,-9999.9,-9999.9
2032,4,-9999.9,-9999.9,-9999.9,-9999.9,-9999.9
2032,5,-9999.9,-9999.9,-9999.9,-9999.9,-9999.9
2032,6,-9999.9,-9999.9,-9999.9,-9999.9,-9999.9
2032,7,-9999.9,-9999.9,-9999.9,-9999.9,-9999.9
2032,8,-9999.9,-9999.9,-9999.9,-9999.9,-9999.9
2032,9,-9999.9,-9999.9,-9999.9,-9999.9,-9999.9
2032,10,-9999.9,-9999.9,-9999.9,-9999.9,-9999.9
2032,11,-9999.9,-9999.9,-9999.9,-9999.9,-9999.9
2032,12,-9999.9,-9999.9,-9999.9,-9999.9,-9999.9
2033,1,-9999.9,-9999.9,-9999.9,-9999.9,-9999.9
2033,2,-9999.9,-9999.9,-9999.9,-9999.9,-9999.9
2033,3,-9999.9,-9999.9,-9999.9,-9999.9,-9999.9
2033,4,-9999.9,-9999.9,-9999.9,-9999.9,-9999.9
2033,5,-9999.9,-9999.9,-9999.9,-9999.9,-9999.9
2033,6,-9999.9,-9999.9,-9999.9,-9999.9,-9999.9
2033,7,-9999.9,-9999.9,-9999.9,-9999.9,-9999.9
2033,8,-9999.9,-9999.9,-9999.9,-9999.9,-9999.9
2033,9,-9999.9,-9999.9,-9999.9,-9999.9,-9999.9
2033,10,-9999.9,-9999.9,-9999.9,-9999.9,-9999.9
2033,11,-9999.9,-9999.9,-9999.9,-9999.9,-9999.9
2033,12,-9999.9,-9999.9,-9999.9,-9999.9,-9999.9
2034,1,-9999.9,-9999.9,-9999.9,-9999.9,-9999.9
2034,2,-9999.9,-9999.9,-9999.9,-9999.9,-9999.9
2034,3,-9999.9,-9999.9,-9999.9,-9999.9,-9999.9
2034,4,-9999.9,-9999.9,-9999.9,-9999.9,-9999.9
2034,5,-9999.9,-9999.9,-9999.9,-9999.9,-9999.9
2034,6,-9999.9,-9999.9,-9999.9,-9999.9,-9999.9
2034,7,-9999.9,-9999.9,-9999.9,-9999.9,-9999.9
2034,8,-9999.9,-9999.9,-9999.9,-9999.9,-9999.9
2034,9,-9999.9,-9999.9,-9999.9,-9999.9,-9999.9
2034,10,-9999.9,-9999.9,-9999.9,-9999.9,-9999.9
2034,11,-9999.9,-9999.9,-9999.9,-9999.9,-9999.9
2034,12,-9999.9,-9999.9,-9999.9,-9999.9,-9999.9
2035,1,-9999.9,-9999.9,-9999.9,-9999.9,-9999.9
2035,2,-9999.9,-9999.9,-9999.9,-9999.9,-9999.9
2035,3,-9999.9,-9999.9,-9999.9,-9999.9,-9999.9
2035,4,-9999.9,-9999.9,-9999.9,-9999.9,-9999.9
2035,5,-9999.9,-9999.9,-9999.9,-9999.9,-9999.9
2035,6,-9999.9,-9999.9,-9999.9,-9999.9,-9999.9
2035,7,-9999.9,-9999.9,-9999.9,-9999.9,-9999.9
2035,8,-9999.9,-9999.9,-9999.9,-9999.9,-9999.9
2035,9,-9999.9,-9999.9,-9999.9,-9999.9,-9999.9
2035,10,-9999.9,-9999.9,-9999.9,-9999.9,-9999.9
2035,11,-9999.9,-9999.9,-9999.9,-9999.9,-9999.9
2035,12,-9999.9,-9999.9,-9999.9,-9999.9,-9999.9
2036,1,-9999.9,-9999.9,-9999.9,-9999.9,-9999.9
2036,2,-9999.9,-9999.9,-9999.9,-9999.9,-9999.9
2036,3,-9999.9,-9999.9,-9999.9,-9999.9,-9999.9
2036,4,-9999.9,-9999.9,-9999.9,-9999.9,-9999.9
2036,5,-9999.9,-9999.9,-9999.9,-9999.9,-9999.9
2036,6,-9999.9,-9999.9,-9999.9,-9999.9,-9999.9
2036,7,-9999.9,-9999.9,-9999.9,-9999.9,-9999.9
2036,8,-9999.9,-9999.9,-9999.9,-9999.9,-9999.9
2036,9,-9999.9,-9999.9,-9999.9,-9999.9,-9999.9
2036,10,-9999.9,-9999.9,-9999.9,-9999.9,-9999.9
2036,11,-9999.9,-9999.9,-9999.9,-9999.9,-9999.9
2036,12,-9999.9,-9999.9,-9999.9,-9999.9,-9999.9
2037,1,-9999.9,-9999.9,-9999.9,-9999.9,-9999.9
2037,2,-9999.9,-9999.9,-9999.9,-9999.9,-9999.9
2037,3,-9999.9,-9999.9,-9999.9,-9999.9,-9999.9
2037,4,-9999.9,-9999.9,-9999.9,-9999.9,-9999.9
2037,5,-9999.9,-9999.9,-9999.9,-9999.9,-9999.9
2037,6,-9999.9,-9999.9,-9999.9,-9999.9,-9999.9
2037,7,-9999.9,-9999.9,-9999.9,-9999.9,-9999.9
2037,8,-9999.9,-9999.9,-9999.9,-9999.9,-9999.9
2037,9,-9999.9,-9999.9,-9999.9,-9999.9,-9999.9
2037,10,-9999.9,-9999.9,-9999.9,-9999.9,-9999.9
2037,11,-9999.9,-9999.9,-9999.9,-9999.9,-9999.9
2037,12,-9999.9,-9999.9,-9999.9,-9999.9,-9999.9
2038,1,-9999.9,-9999.9,-9999.9,-9999.9,-9999.9
2038,2,-9999.9,-9999.9,-9999.9,-9999.9,-9999.9
2038,3,-9999.9,-9999.9,-9999.9,-9999.9,-9999.9
2038,4,-9999.9,-9999.9,-9999.9,-9999.9,-9999.9
2038,5,-9999.9,-9999.9,-9999.9,-9999.9,-9999.9
2038,6,-9999.9,-9999.9,-9999.9,-9999.9,-9999.9
2038,7,-9999.9,-9999.9,-9999.9,-9999.9,-9999.9
2038,8,-9999.9,-9999.9,-9999.9,-9999.9,-9999.9
2038,9,-9999.9,-9999.9,-9999.9,-9999.9,-9999.9
2038,10,-9999.9,-9999.9,-9999.9,-9999.9,-9999.9
2038,11,-9999.9,-9999.9,-9999.9,-9999.9,-9999.9
2038,12,-9999.9,-9999.9,-9999.9,-9999.9,-9999.9
2039,1,-9999.9,-9999.9,-9999.9,-9999.9,-9999.9
2039,2,-9999.9,-9999.9,-9999.9,-9999.9,-9999.9
2039,3,-9999.9,-9999.9,-9999.9,-9999.9,-9999.9
2039,4,-9999.9,-9999.9,-9999.9,-9999.9,-9999.9
2039,5,-9999.9,-9999.9,-9999.9,-9999.9,-9999.9
2039,6,-9999.9,-9999.9,-9999.9,-9999.9,-9999.9
2039,7,-9999.9,-9999.9,-9999.9,-9999.9,-9999.9
2039,8,-9999.9,-9999.9,-9999.9,-9999.9,-9999.9
2039,9,-9999.9,-9999.9,-9999.9,-9999.9,-9999.9
2039,10,-9999.9,-9999.9,-9999.9,-9999.9,-9999.9
2039,11,-9999.9,-9999.9,-9999.9,-9999.9,-9999.9
2039,12,-9999.9,-9999.9,-9999.9,-9999.9,-9999.9
2040,1,-9999.9,-9999.9,-9999.9,-9999.9,-9999.9
2040,2,-9999.9,-9999.9,-9999.9,-9999.9,-9999.9
2040,3,-9999.9,-9999.9,-9999.9,-9999.9,-9999.9
2040,4,-9999.9,-9999.9,-9999.9,-9999.9,-9999.9
2040,5,-9999.9,-9999.9,-9999.9,-9999.9,-9999.9
2040,6,-9999.9,-9999.9,-9999.9,-9999.9,-9999.9
2040,7,-9999.9,-9999.9,-9999.9,-9999.9,-9999.9
2040,8,-9999.9,-9999.9,-9999.9,-9999.9,-9999.9
2040,9,-9999.9,-9999.9,-9999.9,-9999.9,-9999.9
2040,10,-9999.9,-9999.9,-9999.9,-9999.9,-9999.9
2040,11,-9999.9,-9999.9,-9999.9,-9999.9,-9999.9
2040,12,-9999.9,-9999.9,-9999.9,-9999.9,-9999.9
2041,1,-9999.9,-9999.9,-9999.9,-9999.9,-9999.9
2041,2,-9999.9,-9999.9,-9999.9,-9999.9,-9999.9
2041,3,-9999.9,-9999.9,-9999.9,-9999.9,-9999.9
2041,4,-9999.9,-9999.9,-9999.9,-9999.9,-9999.9
2041,5,-9999.9,-9999.9,-9999.9,-9999.9,-9999.9
2041,6,-9999.9,-9999.9,-9999.9,-9999.9,-9999.9
2041,7,-9999.9,-9999.9,-9999.9,-9999.9,-9999.9
2041,8,-9999.9,-9999.9,-9999.9,-9999.9,-9999.9
2041,9,-9999.9,-9999.9,-9999.9,-9999.9,-9999.9
2041,10,-9999.9,-9999.9,-9999.9,-9999.9,-9999.9
2041,11,-9999.9,-9999.9,-9999.9,-9999.9,-9999.9
2041,12,-9999.9,-9999.9,-9999.9,-9999.9,-9999.9
2042,1,-9999.9,-9999.9,-9999.9,-9999.9,-9999.9
2042,2,-9999.9,-9999.9,-9999.9,-9999.9,-9999.9
2042,3,-9999.9,-9999.9,-9999.9,-9999.9,-9999.9
2042,4,-9999.9,-9999.9,-9999.9,-9999.9,-9999.9
2042,5,-9999.9,-9999.9,-9999.9,-9999.9,-9999.9
2042,6,-9999.9,-9999.9,-9999.9,-9999.9,-9999.9
2042,7,-9999.9,-9999.9,-9999.9,-9999.9,-9999.9
2042,8,-9999.9,-9999.9,-9999.9,-9999.9,-9999.9
2042,9,-9999.9,-9999.9,-9999.9,-9999.9,-9999.9
2042,10,-9999.9,-9999.9,-9999.9,-9999.9,-9999.9
2042,11,-9999.9,-9999.9,-9999.9,-9999.9,-9999.9
2042,12,-9999.9,-9999.9,-9999.9,-9999.9,-9999.9
2043,1,-9999.9,-9999.9,-9999.9,-9999.9,-9999.9
2043,2,-9999.9,-9999.9,-9999.9,-9999.9,-9999.9
2043,3,-9999.9,-9999.9,-9999.9,-9999.9,-9999.9
2043,4,-9999.9,-9999.9,-9999.9,-9999.9,-9999.9
2043,5,-9999.9,-9999.9,-9999.9,-9999.9,-9999.9
2043,6,-9999.9,-9999.9,-9999.9,-9999.9,-9999.9
2043,7,-9999.9,-9999.9,-9999.9,-9999.9,-9999.9
2043,8,-9999.9,-9999.9,-9999.9,-9999.9,-9999.9
2043,9,-9999.9,-9999.9,-9999.9,-9999.9,-9999.9
2043,10,-9999.9,-9999.9,-9999.9,-9999.9,-9999.9
2043,11,-9999.9,-9999.9,-9999.9,-9999.9,-9999.9
2043,12,-9999.9,-9999.9,-9999.9,-9999.9,-9999.9
2044,1,-9999.9,-9999.9,-9999.9,-9999.9,-9999.9
2044,2,-9999.9,-9999.9,-9999.9,-9999.9,-9999.9
2044,3,-9999.9,-9999.9,-9999.9,-9999.9,-9999.9
2044,4,-9999.9,-9999.9,-9999.9,-9999.9,-9999.9
2044,5,-9999.9,-9999.9,-9999.9,-9999.9,-9999.9
2044,6,-9999.9,-9999.9,-9999.9,-9999.9,-9999.9
2044,7,-9999.9,-9999.9,-9999.9,-9999.9,-9999.9
2044,8,-9999.9,-9999.9,-9999.9,-9999.9,-9999.9
2044,9,-9999.9,-9999.9,-9999.9,-9999.9,-9999.9
2044,10,-9999.9,-9999.9,-9999.9,-9999.9,-9999.9
2044,11,-9999.9,-9999.9,-9999.9,-9999.9,-9999.9
2044,12,-9999.9,-9999.9,-9999.9,-9999.9,-9999.9
2045,1,-9999.9,-9999.9,-9999.9,-9999.9,-9999.9
2045,2,-9999.9,-9999.9,-9999.9,-9999.9,-9999.9
2045,3,-9999.9,-9999.9,-9999.9,-9999.9,-9999.9
2045,4,-9999.9,-9999.9,-9999.9,-9999.9,-9999.9
2045,5,-9999.9,-9999.9,-9999.9,-9999.9,-9999.9
2045,6,-9999.9,-9999.9,-9999.9,-9999.9,-9999.9
2045,7,-9999.9,-9999.9,-9999.9,-9999.9,-9999.9
2045,8,-9999.9,-9999.9,-9999.9,-9999.9,-9999.9
2045,9,-9999.9,-9999.9,-9999.9,-9999.9,-9999.9
2045,10,-9999.9,-9999.9,-9999.9,-9999.9,-9999.9
2045,11,-9999.9,-9999.9,-9999.9,-9999.9,-9999.9
2045,12,-9999.9,-9999.9,-9999.9,-9999.9,-9999.9
2046,1,-9999.9,-9999.9,-9999.9,-9999.9,-9999.9
2046,2,-9999.9,-9999.9,-9999.9,-9999.9,-9999.9
2046,3,-9999.9,-9999.9,-9999.9,-9999.9,-9999.9
2046,4,-9999.9,-9999.9,-9999.9,-9999.9,-9999.9
2046,5,-9999.9,-9999.9,-9999.9,-9999.9,-9999.9
2046,6,-9999.9,-9999.9,-9999.9,-9999.9,-9999.9
2046,7,-9999.9,-9999.9,-9999.9,-9999.9,-9999.9
2046,8,-9999.9,-9999.9,-9999.9,-9999.9,-9999.9
2046,9,-9999.9,-9999.9,-9999.9,-9999.9,-9999.9
2046,10,-9999.9,-9999.9,-9999.9,-9999.9,-9999.9
2046,11,-9999.9,-9999.9,-9999.9,-9999.9,-9999.9
2046,12,-9999.9,-9999.9,-9999.9,-9999.9,-9999.9
2047,1,-9999.9,-9999.9,-9999.9,-9999.9,-9999.9
2047,2,-9999.9,-9999.9,-9999.9,-9999.9,-9999.9
2047,3,-9999.9,-9999.9,-9999.9,-9999.9,-9999.9
2047,4,-9999.9,-9999.9,-9999.9,-9999.9,-9999.9
2047,5,-9999.9,-9999.9,-9999.9,-9999.9,-9999.9
2047,6,-9999.9,-9999.9,-9999.9,-9999.9,-9999.9
2047,7,-9999.9,-9999.9,-9999.9,-9999.9,-9999.9
2047,8,-9999.9,-9999.9,-9999.9,-9999.9,-9999.9
2047,9,-9999.9,-9999.9,-9999.9,-9999.9,-9999.9
2047,10,-9999.9,-9999.9,-9999.9,-9999.9,-9999.9
2047,11,-9999.9,-9999.9,-9999.9,-9999.9,-9999.9
2047,12,-9999.9,-9999.9,-9999.9,-9999.9,-9999.9
2048,1,-9999.9,-9999.9,-9999.9,-9999.9,-9999.9
2048,2,-9999.9,-9999.9,-9999.9,-9999.9,-9999.9
2048,3,-9999.9,-9999.9,-9999.9,-9999.9,-9999.9
2048,4,-9999.9,-9999.9,-9999.9,-9999.9,-9999.9
2048,5,-9999.9,-9999.9,-9999.9,-9999.9,-9999.9
2048,6,-9999.9,-9999.9,-9999.9,-9999.9,-9999.9
2048,7,-9999.9,-9999.9,-9999.9,-9999.9,-9999.9
2048,8,-9999.9,-9999.9,-9999.9,-9999.9,-9999.9
2048,9,-9999.9,-9999.9,-9999.9,-9999.9,-9999.9
2048,10,-9999.9,-9999.9,-9999.9,-9999.9,-9999.9
2048,11,-9999.9,-9999.9,-9999.9,-9999.9,-9999.9
2048,12,-9999.9,-9999.9,-9999.9,-9999.9,-9999.9
2049,1,-9999.9,-9999.9,-9999.9,-9999.9,-9999.9
2049,2,-9999.9,-9999.9,-9999.9,-9999.9,-9999.9
2049,3,-9999.9,-9999.9,-9999.9,-9999.9,-9999.9
2049,4,-9999.9,-9999.9,-9999.9,-9999.9,-9999.9
2049,5,-9999.9,-9999.9,-9999.9,-9999.9,-9999.9
2049,6,-9999.9,-9999.9,-9999.9,-9999.9,-9999.9
2049,7,-9999.9,-9999.9,-9999.9,-9999.9,-9999.9
2049,8,-9999.9,-9999.9,-9999.9,-9999.9,-9999.9
2049,9,-9999.9,-9999.9,-9999.9,-9999.9,-9999.9
2049,10,-9999.9,-9999.9,-9999.9,-9999.9,-9999.9
2049,11,-9999.9,-9999.9,-9999.9,-9999.9,-9999.9
2049,12,-9999.9,-9999.9,-9999.9,-9999.9,-9999.9
